{"mean":{"confidence_interval":{"confidence_level":0.95,"lower_bound":-0.07133365282123093,"upper_bound":0.06352359629484505},"point_estimate":-0.010023160294629907,"standard_error":0.03444714332934618},"median":{"confidence_interval":{"confidence_level":0.95,"lower_bound":-0.20518556394554188,"upper_bound":0.18602915164643918},"point_estimate":-0.04031394664770227,"standard_error":0.09986884687825502}}