{"mean":{"confidence_interval":{"confidence_level":0.95,"lower_bound":-0.06199633097804393,"upper_bound":0.05630848924628131},"point_estimate":-0.004647911066062771,"standard_error":0.03029672898024666},"median":{"confidence_interval":{"confidence_level":0.95,"lower_bound":-0.1256887195971076,"upper_bound":0.24571652225554486},"point_estimate":0.05440057057745684,"standard_error":0.09854423775223617}}