{"mean":{"confidence_interval":{"confidence_level":0.95,"lower_bound":-0.07692556042092344,"upper_bound":0.0650618155314517},"point_estimate":-0.007230495244236024,"standard_error":0.036457925548303266},"median":{"confidence_interval":{"confidence_level":0.95,"lower_bound":-0.26016604699928747,"upper_bound":0.25906514162691274},"point_estimate":-0.1282252047787783,"standard_error":0.13168708671225104}}