{"mean":{"confidence_interval":{"confidence_level":0.95,"lower_bound":-0.0688124939161926,"upper_bound":0.06182329673799992},"point_estimate":-0.00360960508554542,"standard_error":0.03341201127391594},"median":{"confidence_interval":{"confidence_level":0.95,"lower_bound":-0.1850667703072144,"upper_bound":0.10658100616745185},"point_estimate":-0.00008526889282511885,"standard_error":0.05621208468980099}}