{"mean":{"confidence_interval":{"confidence_level":0.95,"lower_bound":-0.1665577875014129,"upper_bound":-0.0469653810226636},"point_estimate":-0.11073159820835865,"standard_error":0.030386058282835304},"median":{"confidence_interval":{"confidence_level":0.95,"lower_bound":-0.38825383829620974,"upper_bound":-0.14364040761491326},"point_estimate":-0.34527100414965683,"standard_error":0.06048930409736925}}