{"mean":{"confidence_interval":{"confidence_level":0.95,"lower_bound":0.03706314883391515,"upper_bound":0.18393355055464827},"point_estimate":0.10873368205540435,"standard_error":0.03744818481797046},"median":{"confidence_interval":{"confidence_level":0.95,"lower_bound":0.11464020228528016,"upper_bound":0.5038076403611382},"point_estimate":0.3078052227499204,"standard_error":0.09872179434940209}}