{"mean":{"confidence_interval":{"confidence_level":0.95,"lower_bound":-0.030619975903630203,"upper_bound":0.10888775437886011},"point_estimate":0.03712343308662058,"standard_error":0.03566430890928797},"median":{"confidence_interval":{"confidence_level":0.95,"lower_bound":-0.00045741522921582956,"upper_bound":0.3063768332559128},"point_estimate":0.0003821498294291903,"standard_error":0.0976564007919699}}