{"mean":{"confidence_interval":{"confidence_level":0.95,"lower_bound":-0.11490874631056128,"upper_bound":0.01845542964350067},"point_estimate":-0.05000123681062041,"standard_error":0.03404694679789849},"median":{"confidence_interval":{"confidence_level":0.95,"lower_bound":-0.3424194232797185,"upper_bound":0.07651904013885935},"point_estimate":-0.24826695311119218,"standard_error":0.11034113431417507}}