{"mean":{"confidence_interval":{"confidence_level":0.95,"lower_bound":-0.033788807150010786,"upper_bound":0.10119378361949057},"point_estimate":0.03404810794775459,"standard_error":0.034388538852304015},"median":{"confidence_interval":{"confidence_level":0.95,"lower_bound":-0.08748462000076795,"upper_bound":0.3678972684477215},"point_estimate":0.2510341768613187,"standard_error":0.12571371649003435}}