{"mean":{"confidence_interval":{"confidence_level":0.95,"lower_bound":-0.26763795505610827,"upper_bound":-0.18048488294942286},"point_estimate":-0.22483542645770327,"standard_error":0.022305908189696355},"median":{"confidence_interval":{"confidence_level":0.95,"lower_bound":-0.3781600430478723,"upper_bound":-0.29139042683329264},"point_estimate":-0.37424720177138826,"standard_error":0.022318018380517585}}