{"mean":{"confidence_interval":{"confidence_level":0.95,"lower_bound":-0.04198995596655808,"upper_bound":0.0904787595894237},"point_estimate":0.020454763501984052,"standard_error":0.03373195867195918},"median":{"confidence_interval":{"confidence_level":0.95,"lower_bound":-0.10175678081906314,"upper_bound":0.20754826148374494},"point_estimate":0.014226631330723993,"standard_error":0.08383099578569883}}