{"mean":{"confidence_interval":{"confidence_level":0.95,"lower_bound":-0.23168835509354338,"upper_bound":-0.12577147390422683},"point_estimate":-0.18040337318717448,"standard_error":0.027016101885130463},"median":{"confidence_interval":{"confidence_level":0.95,"lower_bound":-0.4391092735238372,"upper_bound":-0.26941170539037373},"point_estimate":-0.40310180702906007,"standard_error":0.043125095945979845}}