{"mean":{"confidence_interval":{"confidence_level":0.95,"lower_bound":-0.07744894926309166,"upper_bound":0.00021031046142957156},"point_estimate":-0.03888842421936323,"standard_error":0.019797044368869393},"median":{"confidence_interval":{"confidence_level":0.95,"lower_bound":-0.0003441512646498168,"upper_bound":0.00003853597210037297},"point_estimate":-0.00014903373440233736,"standard_error":0.00010152672196163078}}