{"mean":{"confidence_interval":{"confidence_level":0.95,"lower_bound":0.02263882786748391,"upper_bound":0.17310473473323781},"point_estimate":0.0976657000436485,"standard_error":0.03842539874948303},"median":{"confidence_interval":{"confidence_level":0.95,"lower_bound":0.05662494707354182,"upper_bound":0.5547890934627471},"point_estimate":0.2294591683447098,"standard_error":0.1292251955661492}}