{"mean":{"confidence_interval":{"confidence_level":0.95,"lower_bound":-0.002273462871375686,"upper_bound":0.14244912008275853},"point_estimate":0.06542294945179661,"standard_error":0.03686351747996336},"median":{"confidence_interval":{"confidence_level":0.95,"lower_bound":0.000022893460657869014,"upper_bound":0.4342484145840466},"point_estimate":0.2924221264271254,"standard_error":0.12783118960997997}}