{"mean":{"confidence_interval":{"confidence_level":0.95,"lower_bound":-0.054557031237941325,"upper_bound":0.07980788414722269},"point_estimate":0.007306291011745181,"standard_error":0.03443624949489152},"median":{"confidence_interval":{"confidence_level":0.95,"lower_bound":-0.13000439950443698,"upper_bound":0.329703615374203},"point_estimate":-0.00008295937210400783,"standard_error":0.10964280974149081}}