{"mean":{"confidence_interval":{"confidence_level":0.95,"lower_bound":-0.07638036463639773,"upper_bound":0.05655727073660338},"point_estimate":-0.010161170351151716,"standard_error":0.03395248695924648},"median":{"confidence_interval":{"confidence_level":0.95,"lower_bound":-0.22573784344203607,"upper_bound":0.17233339107412848},"point_estimate":-0.03966720656611922,"standard_error":0.0989374884136152}}