{"mean":{"confidence_interval":{"confidence_level":0.95,"lower_bound":0.006464031994556397,"upper_bound":0.1450914418787326},"point_estimate":0.07269325574490959,"standard_error":0.03533297882950859},"median":{"confidence_interval":{"confidence_level":0.95,"lower_bound":-0.007979859992187421,"upper_bound":0.3865629607730401},"point_estimate":0.22360727755107024,"standard_error":0.11432195208301126}}