{"mean":{"confidence_interval":{"confidence_level":0.95,"lower_bound":-0.04304848837201594,"upper_bound":0.09336459411298652},"point_estimate":0.024822390142683615,"standard_error":0.0344931380776804},"median":{"confidence_interval":{"confidence_level":0.95,"lower_bound":-0.07573259769937835,"upper_bound":0.25615227068038826},"point_estimate":0.01011357915018496,"standard_error":0.07665961410465223}}