{"mean":{"confidence_interval":{"confidence_level":0.95,"lower_bound":-0.1407243874673337,"upper_bound":-0.007704711119244212},"point_estimate":-0.07633433065139938,"standard_error":0.03395471396502638},"median":{"confidence_interval":{"confidence_level":0.95,"lower_bound":-0.41558590196477424,"upper_bound":-0.012620689449140854},"point_estimate":-0.2596318099692392,"standard_error":0.10281972688328138}}