{"mean":{"confidence_interval":{"confidence_level":0.95,"lower_bound":-0.06622799312810246,"upper_bound":0.05838888831497631},"point_estimate":-0.006493105792616749,"standard_error":0.03152685169993706},"median":{"confidence_interval":{"confidence_level":0.95,"lower_bound":-0.13481313946349627,"upper_bound":0.0003056647686270342},"point_estimate":-0.00006636683275995647,"standard_error":0.040379345923497734}}