{"mean":{"confidence_interval":{"confidence_level":0.95,"lower_bound":-0.11172266833986036,"upper_bound":0.00045507015001798053},"point_estimate":-0.05536236664603411,"standard_error":0.02861710608565002},"median":{"confidence_interval":{"confidence_level":0.95,"lower_bound":-0.13632286366588442,"upper_bound":-0.0010392745152256744},"point_estimate":-0.0018857442802693303,"standard_error":0.03400536592110668}}