{"mean":{"confidence_interval":{"confidence_level":0.95,"lower_bound":0.02670755492602328,"upper_bound":0.183816189125984},"point_estimate":0.10364973984775916,"standard_error":0.040117376577468965},"median":{"confidence_interval":{"confidence_level":0.95,"lower_bound":0.11985144801582148,"upper_bound":0.6055196981914133},"point_estimate":0.4832556029234154,"standard_error":0.12560264070567598}}