{"mean":{"confidence_interval":{"confidence_level":0.95,"lower_bound":0.1553597397058805,"upper_bound":0.3121925793388664},"point_estimate":0.2323421709494582,"standard_error":0.040059580637058584},"median":{"confidence_interval":{"confidence_level":0.95,"lower_bound":0.4505721258809978,"upper_bound":0.6426039664803034},"point_estimate":0.5815479861078605,"standard_error":0.04581910570763888}}