{"mean":{"confidence_interval":{"confidence_level":0.95,"lower_bound":-0.12626935373341852,"upper_bound":0.0008238019039485623},"point_estimate":-0.06181431446190078,"standard_error":0.03253360847462619},"median":{"confidence_interval":{"confidence_level":0.95,"lower_bound":-0.3115248942395866,"upper_bound":0.00006078187378966149},"point_estimate":-0.13319448847809434,"standard_error":0.09930588357699723}}