{"mean":{"confidence_interval":{"confidence_level":0.95,"lower_bound":-0.10360438795280114,"upper_bound":0.028763562752320605},"point_estimate":-0.03904825926492739,"standard_error":0.03372296333469807},"median":{"confidence_interval":{"confidence_level":0.95,"lower_bound":-0.27222399284619403,"upper_bound":0.12021431060786192},"point_estimate":-0.18280056720598103,"standard_error":0.10792303822144894}}