{"mean":{"confidence_interval":{"confidence_level":0.95,"lower_bound":-0.1731993059260931,"upper_bound":-0.049658605682354626},"point_estimate":-0.11649461344002332,"standard_error":0.03158470764794737},"median":{"confidence_interval":{"confidence_level":0.95,"lower_bound":-0.420784268619833,"upper_bound":-0.15844640082472017},"point_estimate":-0.31678267754977596,"standard_error":0.0664532157321804}}