{"mean":{"confidence_interval":{"confidence_level":0.95,"lower_bound":-0.030530739365047337,"upper_bound":0.10618334055695512},"point_estimate":0.03464310625875466,"standard_error":0.03484700072563035},"median":{"confidence_interval":{"confidence_level":0.95,"lower_bound":-0.007021292891233544,"upper_bound":0.2556044419639363},"point_estimate":0.00025729857822276436,"standard_error":0.06568406761290826}}