{"mean":{"confidence_interval":{"confidence_level":0.95,"lower_bound":-0.10600572258041586,"upper_bound":0.016377624608060935},"point_estimate":-0.05031906314795265,"standard_error":0.031205404614300863},"median":{"confidence_interval":{"confidence_level":0.95,"lower_bound":-0.28461428899241736,"upper_bound":0.11843675720724267},"point_estimate":-0.06899285392782417,"standard_error":0.10556604384721753}}