{"mean":{"confidence_interval":{"confidence_level":0.95,"lower_bound":-0.06302115959445255,"upper_bound":0.0679282137436754},"point_estimate":-0.002222805903722702,"standard_error":0.0336395665831461},"median":{"confidence_interval":{"confidence_level":0.95,"lower_bound":-0.24449046172741862,"upper_bound":0.27480130218306065},"point_estimate":-0.07796582066708146,"standard_error":0.1365274233269247}}