{"mean":{"confidence_interval":{"confidence_level":0.95,"lower_bound":-0.018740653779903027,"upper_bound":-0.0018003076192972672},"point_estimate":-0.010173328668988124,"standard_error":0.004321231528036821},"median":{"confidence_interval":{"confidence_level":0.95,"lower_bound":-0.031929649056372855,"upper_bound":0.017870095784105946},"point_estimate":-0.005738016270882884,"standard_error":0.014249016319083492}}