{"mean":{"confidence_interval":{"confidence_level":0.95,"lower_bound":0.034522853293417165,"upper_bound":0.04128766141940546},"point_estimate":0.037957266227131026,"standard_error":0.0017234812444142723},"median":{"confidence_interval":{"confidence_level":0.95,"lower_bound":0.0320642766718211,"upper_bound":0.044964122760781766},"point_estimate":0.03815798529631831,"standard_error":0.0029932716506026113}}