{"mean":{"confidence_interval":{"confidence_level":0.95,"lower_bound":-0.02471822036791825,"upper_bound":-0.0001549817823482441},"point_estimate":-0.012195507733224198,"standard_error":0.006247083232199819},"median":{"confidence_interval":{"confidence_level":0.95,"lower_bound":-0.013672011948811402,"upper_bound":0.03105356532953052},"point_estimate":0.023674889392854004,"standard_error":0.013127327367986105}}