{"mean":{"confidence_interval":{"confidence_level":0.95,"lower_bound":0.014947173703559778,"upper_bound":0.033929561829891444},"point_estimate":0.024542496108667322,"standard_error":0.004847168845004813},"median":{"confidence_interval":{"confidence_level":0.95,"lower_bound":0.017869135741583886,"upper_bound":0.06594280197933089},"point_estimate":0.05517478877101101,"standard_error":0.013723528538164186}}