{"mean":{"confidence_interval":{"confidence_level":0.95,"lower_bound":-0.1295561448995221,"upper_bound":-0.05389382119297361},"point_estimate":-0.08830244399042897,"standard_error":0.019500239152182564},"median":{"confidence_interval":{"confidence_level":0.95,"lower_bound":-0.06287664680508598,"upper_bound":-0.02719088227053279},"point_estimate":-0.03742533913544632,"standard_error":0.009190472775904802}}