{"mean":{"confidence_interval":{"confidence_level":0.95,"lower_bound":0.013048793589178244,"upper_bound":0.0385144653067231},"point_estimate":0.024948991500931994,"standard_error":0.006440981666978213},"median":{"confidence_interval":{"confidence_level":0.95,"lower_bound":0.01998481847125544,"upper_bound":0.031599427193178986},"point_estimate":0.024014375027627155,"standard_error":0.003046111756468689}}