{"mean":{"confidence_interval":{"confidence_level":0.95,"lower_bound":-0.0003230582746523901,"upper_bound":0.016583486873526183},"point_estimate":0.008405931315586868,"standard_error":0.0043291445959720565},"median":{"confidence_interval":{"confidence_level":0.95,"lower_bound":0.0004509608965871965,"upper_bound":0.02474608247838561},"point_estimate":0.013381306805310578,"standard_error":0.005751030558311844}}