{"mean":{"confidence_interval":{"confidence_level":0.95,"lower_bound":0.004414937173884722,"upper_bound":0.034689241168223445},"point_estimate":0.0183203821965785,"standard_error":0.0076514410112401305},"median":{"confidence_interval":{"confidence_level":0.95,"lower_bound":-0.03058216724391516,"upper_bound":0.03238434290821757},"point_estimate":-0.005725787689807804,"standard_error":0.017882953555543684}}