{"mean":{"confidence_interval":{"confidence_level":0.95,"lower_bound":0.0027569299415906665,"upper_bound":0.0204073229679668},"point_estimate":0.011571006647714599,"standard_error":0.004498179194393987},"median":{"confidence_interval":{"confidence_level":0.95,"lower_bound":-0.018926920773677018,"upper_bound":0.02048533478800385},"point_estimate":-0.010846722304264755,"standard_error":0.011211261654204772}}