{"mean":{"confidence_interval":{"confidence_level":0.95,"lower_bound":-0.03766061527154081,"upper_bound":-0.02102969530358065},"point_estimate":-0.02965064743066248,"standard_error":0.004220675721905608},"median":{"confidence_interval":{"confidence_level":0.95,"lower_bound":-0.06167970261114086,"upper_bound":-0.016223108810219045},"point_estimate":-0.04237511389448945,"standard_error":0.013500926721676883}}