{"mean":{"confidence_interval":{"confidence_level":0.95,"lower_bound":423.5113412489075,"upper_bound":438.75409514297263},"point_estimate":430.9340921899698,"standard_error":3.891937109769044},"median":{"confidence_interval":{"confidence_level":0.95,"lower_bound":427.4728332600088,"upper_bound":436.28806607723203},"point_estimate":433.3885011539479,"standard_error":3.088059542921201},"median_abs_dev":{"confidence_interval":{"confidence_level":0.95,"lower_bound":12.727229905142677,"upper_bound":31.60804101052753},"point_estimate":21.604228709330492,"standard_error":4.921127717790323},"slope":{"confidence_interval":{"confidence_level":0.95,"lower_bound":406.68240341376656,"upper_bound":417.42789826962223},"point_estimate":412.07774706461856,"standard_error":2.737595605161694},"std_dev":{"confidence_interval":{"confidence_level":0.95,"lower_bound":31.249155901205796,"upper_bound":46.38318828765963},"point_estimate":39.13779859896979,"standard_error":3.86149526908741}}