{"mean":{"confidence_interval":{"confidence_level":0.95,"lower_bound":430.5016470161997,"upper_bound":438.8490661706818},"point_estimate":434.5600957683706,"standard_error":2.128188605959547},"median":{"confidence_interval":{"confidence_level":0.95,"lower_bound":428.1462298601623,"upper_bound":436.5059415053826},"point_estimate":433.34527256067247,"standard_error":2.3546686475183694},"median_abs_dev":{"confidence_interval":{"confidence_level":0.95,"lower_bound":10.95015794181251,"upper_bound":20.35101772095023},"point_estimate":14.384583809890927,"standard_error":2.4444672350371475},"slope":{"confidence_interval":{"confidence_level":0.95,"lower_bound":426.7686413247884,"upper_bound":433.61734092249156},"point_estimate":430.27869225729876,"standard_error":1.7451398583869904},"std_dev":{"confidence_interval":{"confidence_level":0.95,"lower_bound":16.870214508204068,"upper_bound":25.204211792511433},"point_estimate":21.393624449185552,"standard_error":2.122495818003461}}