{"mean":{"confidence_interval":{"confidence_level":0.95,"lower_bound":403.6984711595894,"upper_bound":416.442860731862},"point_estimate":410.0857765019672,"standard_error":3.2559439999341944},"median":{"confidence_interval":{"confidence_level":0.95,"lower_bound":400.5249561108621,"upper_bound":423.8660484679267},"point_estimate":419.1857452504646,"standard_error":6.657984026617855},"median_abs_dev":{"confidence_interval":{"confidence_level":0.95,"lower_bound":30.63406902255275,"upper_bound":54.431573127396405},"point_estimate":33.67945345478422,"standard_error":6.869106448481779},"slope":{"confidence_interval":{"confidence_level":0.95,"lower_bound":412.2460380129326,"upper_bound":423.36130494094294},"point_estimate":417.79250884878456,"standard_error":2.8271454003664322},"std_dev":{"confidence_interval":{"confidence_level":0.95,"lower_bound":29.938445879489567,"upper_bound":34.87138508063847},"point_estimate":32.676582371895904,"standard_error":1.2542821575623118}}