{"mean":{"confidence_interval":{"confidence_level":0.95,"lower_bound":-0.007352288601054155,"upper_bound":-0.004818473803376924},"point_estimate":-0.006123864484364416,"standard_error":0.0006448395558107874},"median":{"confidence_interval":{"confidence_level":0.95,"lower_bound":-0.007202200772164544,"upper_bound":-0.0063413392055481355},"point_estimate":-0.006800184775041074,"standard_error":0.00022845416891698078}}