{"mean":{"confidence_interval":{"confidence_level":0.95,"lower_bound":-0.011655947540180251,"upper_bound":-0.007603830100138543},"point_estimate":-0.009628469555467811,"standard_error":0.0010298551795071729},"median":{"confidence_interval":{"confidence_level":0.95,"lower_bound":-0.01216931485721695,"upper_bound":-0.009441456736088424},"point_estimate":-0.010727368481717403,"standard_error":0.000694593437901161}}