{"mean":{"confidence_interval":{"confidence_level":0.95,"lower_bound":-0.00728669749484972,"upper_bound":-0.003927845137782046},"point_estimate":-0.005546742489476619,"standard_error":0.000857287327328789},"median":{"confidence_interval":{"confidence_level":0.95,"lower_bound":-0.005421064586960426,"upper_bound":-0.003513657056103736},"point_estimate":-0.004726463267773595,"standard_error":0.0004800829722184408}}