{"mean":{"confidence_interval":{"confidence_level":0.95,"lower_bound":0.04135151606777612,"upper_bound":0.05832520733445613},"point_estimate":0.048279193628802064,"standard_error":0.003923119543077912},"median":{"confidence_interval":{"confidence_level":0.95,"lower_bound":0.0342788161954517,"upper_bound":0.034905272118387565},"point_estimate":0.034654257346841355,"standard_error":0.0001580202165633614}}