{"mean":{"confidence_interval":{"confidence_level":0.95,"lower_bound":0.02397386289417951,"upper_bound":0.032160448554163036},"point_estimate":0.02824829841041554,"standard_error":0.0020888490987166007},"median":{"confidence_interval":{"confidence_level":0.95,"lower_bound":0.03305114264603359,"upper_bound":0.03923197859673766},"point_estimate":0.03736087454997028,"standard_error":0.0016179427071125274}}