{"mean":{"confidence_interval":{"confidence_level":0.95,"lower_bound":0.004682749062649739,"upper_bound":0.006625650049978593},"point_estimate":0.005779554331813763,"standard_error":0.0005007167849097595},"median":{"confidence_interval":{"confidence_level":0.95,"lower_bound":0.00545726080016018,"upper_bound":0.006081218513318554},"point_estimate":0.005711438893440723,"standard_error":0.00016347647142812176}}