{"mean":{"confidence_interval":{"confidence_level":0.95,"lower_bound":-0.004467858891280244,"upper_bound":-0.002173856531320191},"point_estimate":-0.0033176860253105733,"standard_error":0.0005823285257051827},"median":{"confidence_interval":{"confidence_level":0.95,"lower_bound":-0.002583883525879127,"upper_bound":-0.00039944901338955673},"point_estimate":-0.001289385202420834,"standard_error":0.0006615152346972585}}