{"mean":{"confidence_interval":{"confidence_level":0.95,"lower_bound":-0.08523210351401951,"upper_bound":-0.06369905977574483},"point_estimate":-0.07453905578072795,"standard_error":0.00551116939407815},"median":{"confidence_interval":{"confidence_level":0.95,"lower_bound":-0.06352322754878093,"upper_bound":-0.06240944593399145},"point_estimate":-0.06311446601095427,"standard_error":0.0002872143752314407}}