{"mean":{"confidence_interval":{"confidence_level":0.95,"lower_bound":0.047783424661391606,"upper_bound":0.06745295812317358},"point_estimate":0.05759453498694245,"standard_error":0.004973295742490414},"median":{"confidence_interval":{"confidence_level":0.95,"lower_bound":0.04154192821438518,"upper_bound":0.05574562582822029},"point_estimate":0.05371225951595204,"standard_error":0.003928755368883351}}