{"mean":{"confidence_interval":{"confidence_level":0.95,"lower_bound":0.07932170740606738,"upper_bound":0.11335579095592244},"point_estimate":0.09637822013353436,"standard_error":0.00872455265945602},"median":{"confidence_interval":{"confidence_level":0.95,"lower_bound":0.04547427285141592,"upper_bound":0.12114528485635127},"point_estimate":0.08955073021034621,"standard_error":0.020322146279886807}}