{"mean":{"confidence_interval":{"confidence_level":0.95,"lower_bound":0.001203166766584585,"upper_bound":0.04568619989003865},"point_estimate":0.024414994965574532,"standard_error":0.011580004444096766},"median":{"confidence_interval":{"confidence_level":0.95,"lower_bound":0.03473817202760254,"upper_bound":0.08949984748884199},"point_estimate":0.04340795622144111,"standard_error":0.015417143790385652}}