{"mean":{"confidence_interval":{"confidence_level":0.95,"lower_bound":0.006602868685470362,"upper_bound":0.050568992778266236},"point_estimate":0.027975987187859097,"standard_error":0.011229313518267541},"median":{"confidence_interval":{"confidence_level":0.95,"lower_bound":-0.012844096277451866,"upper_bound":0.08215751789438452},"point_estimate":0.006982989020758001,"standard_error":0.018883123110223013}}