{"mean":{"confidence_interval":{"confidence_level":0.95,"lower_bound":-0.061153764595127676,"upper_bound":-0.035945770494483255},"point_estimate":-0.04834502289965059,"standard_error":0.006496895732718044},"median":{"confidence_interval":{"confidence_level":0.95,"lower_bound":-0.05763089557874141,"upper_bound":-0.04665279470719064},"point_estimate":-0.055981258504609666,"standard_error":0.0032409186707257663}}