{"mean":{"confidence_interval":{"confidence_level":0.95,"lower_bound":-0.0440242296781522,"upper_bound":-0.020911884623016408},"point_estimate":-0.03247173684574911,"standard_error":0.005862523310834415},"median":{"confidence_interval":{"confidence_level":0.95,"lower_bound":-0.04816070054592214,"upper_bound":-0.02535689285243392},"point_estimate":-0.026347165486007684,"standard_error":0.006635066170904862}}