{"mean":{"confidence_interval":{"confidence_level":0.95,"lower_bound":-0.02238988145604709,"upper_bound":0.006840847235436424},"point_estimate":-0.0074890328346137736,"standard_error":0.007457927758857429},"median":{"confidence_interval":{"confidence_level":0.95,"lower_bound":-0.03716748384816639,"upper_bound":0.0323626078846595},"point_estimate":-0.005768627464703191,"standard_error":0.017325252682683666}}