{"mean":{"confidence_interval":{"confidence_level":0.95,"lower_bound":0.005708031993395237,"upper_bound":0.035378888525599526},"point_estimate":0.02055019885553877,"standard_error":0.007546997879400344},"median":{"confidence_interval":{"confidence_level":0.95,"lower_bound":0.02499576520683644,"upper_bound":0.0341751454954761},"point_estimate":0.03217715588389747,"standard_error":0.002979440356900188}}