{"mean":{"confidence_interval":{"confidence_level":0.95,"lower_bound":0.0799504755791433,"upper_bound":0.1087663911930589},"point_estimate":0.09419703938469759,"standard_error":0.007407988645177188},"median":{"confidence_interval":{"confidence_level":0.95,"lower_bound":0.08523294979835283,"upper_bound":0.14538906957025777},"point_estimate":0.13435232002362318,"standard_error":0.01665168903225553}}