{"mean":{"confidence_interval":{"confidence_level":0.95,"lower_bound":-0.01316755512917519,"upper_bound":0.01781082749278661},"point_estimate":0.0021841000164335433,"standard_error":0.007907273143744429},"median":{"confidence_interval":{"confidence_level":0.95,"lower_bound":0.005375654405053831,"upper_bound":0.06158381985670143},"point_estimate":0.0381257381962643,"standard_error":0.017511176150741325}}