{"mean":{"confidence_interval":{"confidence_level":0.95,"lower_bound":-0.03394551137714835,"upper_bound":0.007196166918014551},"point_estimate":-0.012804713201575613,"standard_error":0.010451969636865184},"median":{"confidence_interval":{"confidence_level":0.95,"lower_bound":-0.00017017106737549081,"upper_bound":0.0018082450688520857},"point_estimate":0.0008246048663018701,"standard_error":0.0011128307323696961}}