{"mean":{"confidence_interval":{"confidence_level":0.95,"lower_bound":-0.11051922016785887,"upper_bound":-0.08648213701033176},"point_estimate":-0.0989627388910167,"standard_error":0.006151681538651287},"median":{"confidence_interval":{"confidence_level":0.95,"lower_bound":-0.09440979019579132,"upper_bound":-0.0911667319916083},"point_estimate":-0.09249588623918081,"standard_error":0.0007578586861592517}}