{"mean":{"confidence_interval":{"confidence_level":0.95,"lower_bound":-0.07008590067589068,"upper_bound":-0.043696896682446314},"point_estimate":-0.057183574541194826,"standard_error":0.00677023783523638},"median":{"confidence_interval":{"confidence_level":0.95,"lower_bound":-0.08845063589148884,"upper_bound":-0.04368674610654377},"point_estimate":-0.06539903982806983,"standard_error":0.011263307415286217}}