{"mean":{"confidence_interval":{"confidence_level":0.95,"lower_bound":-0.03643581829579905,"upper_bound":0.0035833935515421885},"point_estimate":-0.016664566066959985,"standard_error":0.010205590453175529},"median":{"confidence_interval":{"confidence_level":0.95,"lower_bound":-0.07788049079312243,"upper_bound":-0.030728149016155726},"point_estimate":-0.044245823427562,"standard_error":0.012071715794808197}}