{"mean":{"confidence_interval":{"confidence_level":0.95,"lower_bound":0.10682363446040043,"upper_bound":0.1397856032502731},"point_estimate":0.12394743990471957,"standard_error":0.008438986273602197},"median":{"confidence_interval":{"confidence_level":0.95,"lower_bound":0.07291080547381013,"upper_bound":0.13893543823899113},"point_estimate":0.07536069075565477,"standard_error":0.02128810205387948}}