{"mean":{"confidence_interval":{"confidence_level":0.95,"lower_bound":0.06105267429622115,"upper_bound":0.09564746688161968},"point_estimate":0.07745928799140911,"standard_error":0.008727918804250159},"median":{"confidence_interval":{"confidence_level":0.95,"lower_bound":0.004969909565652131,"upper_bound":0.07939063059035045},"point_estimate":0.03199028462569542,"standard_error":0.02196196728070386}}