{"mean":{"confidence_interval":{"confidence_level":0.95,"lower_bound":-0.1044484690200656,"upper_bound":-0.0611229450316012},"point_estimate":-0.08316635580121257,"standard_error":0.011039328007171834},"median":{"confidence_interval":{"confidence_level":0.95,"lower_bound":-0.12941381332675783,"upper_bound":-0.017983057842876682},"point_estimate":-0.07537423869374826,"standard_error":0.03040642104128589}}