{"mean":{"confidence_interval":{"confidence_level":0.95,"lower_bound":-0.09607318857655064,"upper_bound":-0.06602356984821343},"point_estimate":-0.08183812338327279,"standard_error":0.0076766208629648475},"median":{"confidence_interval":{"confidence_level":0.95,"lower_bound":-0.12195964927787706,"upper_bound":-0.07740213935226314},"point_estimate":-0.1132259200839516,"standard_error":0.012525989412085296}}