{"mean":{"confidence_interval":{"confidence_level":0.95,"lower_bound":0.009027748758826844,"upper_bound":0.043067312220070555},"point_estimate":0.02566924605646448,"standard_error":0.008915828901595051},"median":{"confidence_interval":{"confidence_level":0.95,"lower_bound":-0.007246684039123097,"upper_bound":0.021375474318617638},"point_estimate":-0.002902133826177433,"standard_error":0.0068663965034008}}