{"mean":{"confidence_interval":{"confidence_level":0.95,"lower_bound":-0.03638003075212678,"upper_bound":0.003940652168056073},"point_estimate":-0.016582158818347237,"standard_error":0.01023606976660309},"median":{"confidence_interval":{"confidence_level":0.95,"lower_bound":-0.0650520682806488,"upper_bound":0.023126174765986163},"point_estimate":-0.0014132022995418936,"standard_error":0.02632579467388165}}