{"mean":{"confidence_interval":{"confidence_level":0.95,"lower_bound":0.060203373039390974,"upper_bound":0.09374638915843618},"point_estimate":0.07717804616594326,"standard_error":0.008533378253617465},"median":{"confidence_interval":{"confidence_level":0.95,"lower_bound":0.005095226437069824,"upper_bound":0.07878803975417314},"point_estimate":0.030657829994882535,"standard_error":0.020226975589265204}}