{"mean":{"confidence_interval":{"confidence_level":0.95,"lower_bound":-0.061344573293314324,"upper_bound":-0.029412019431043424},"point_estimate":-0.04568565912879485,"standard_error":0.008065828566378023},"median":{"confidence_interval":{"confidence_level":0.95,"lower_bound":-0.08005598674706338,"upper_bound":-0.036970432688111954},"point_estimate":-0.06066045737957526,"standard_error":0.008700474178763557}}