{"mean":{"confidence_interval":{"confidence_level":0.95,"lower_bound":-0.12118221867153796,"upper_bound":-0.0822745769232685},"point_estimate":-0.1021658053848411,"standard_error":0.009910753757915145},"median":{"confidence_interval":{"confidence_level":0.95,"lower_bound":-0.13901712411368716,"upper_bound":-0.037470759332074555},"point_estimate":-0.09508267338657195,"standard_error":0.03671726081872914}}