{"mean":{"confidence_interval":{"confidence_level":0.95,"lower_bound":0.0185613729980296,"upper_bound":0.06347768286282549},"point_estimate":0.040968177289605556,"standard_error":0.011399565307116647},"median":{"confidence_interval":{"confidence_level":0.95,"lower_bound":0.045704161650102826,"upper_bound":0.11277454962918321},"point_estimate":0.09015165625835841,"standard_error":0.020940695828496458}}