{"mean":{"confidence_interval":{"confidence_level":0.95,"lower_bound":-0.07264803937639083,"upper_bound":-0.043342993928201255},"point_estimate":-0.0580310633620158,"standard_error":0.0074806140078700414},"median":{"confidence_interval":{"confidence_level":0.95,"lower_bound":-0.09998745851947943,"upper_bound":-0.01829126709890838},"point_estimate":-0.06319003482111085,"standard_error":0.02189667977144013}}