{"mean":{"confidence_interval":{"confidence_level":0.95,"lower_bound":-0.0018946317948139609,"upper_bound":0.0020743021995069328},"point_estimate":0.0001998776500078403,"standard_error":0.0010088566251261193},"median":{"confidence_interval":{"confidence_level":0.95,"lower_bound":-0.0005915190503467116,"upper_bound":0.0002079569924295921},"point_estimate":-0.00013758306823730138,"standard_error":0.00019938987549645096}}