{"mean":{"confidence_interval":{"confidence_level":0.95,"lower_bound":-0.00018958778928076768,"upper_bound":0.001066444505446095},"point_estimate":0.00043464594113951094,"standard_error":0.0003251076877926022},"median":{"confidence_interval":{"confidence_level":0.95,"lower_bound":-0.0001414184848248512,"upper_bound":0.0004800029622080703},"point_estimate":0.00017088845725821145,"standard_error":0.00016184974358379888}}