{"mean":{"confidence_interval":{"confidence_level":0.95,"lower_bound":-0.0015521884396810903,"upper_bound":0.0010382267809199584},"point_estimate":-0.00016107193377690177,"standard_error":0.0006623873808836444},"median":{"confidence_interval":{"confidence_level":0.95,"lower_bound":0.00021948682150663146,"upper_bound":0.0009855526827692803},"point_estimate":0.0006789324977565236,"standard_error":0.00020000521546330224}}