{"mean":{"confidence_interval":{"confidence_level":0.95,"lower_bound":0.004936112845017527,"upper_bound":0.02261608823252863},"point_estimate":0.013376126641254205,"standard_error":0.004350752982595547},"median":{"confidence_interval":{"confidence_level":0.95,"lower_bound":0.0005255023100334544,"upper_bound":0.001376315542442219},"point_estimate":0.0011061170345556537,"standard_error":0.00023043631643643455}}