{"mean":{"confidence_interval":{"confidence_level":0.95,"lower_bound":-0.0009512568358525207,"upper_bound":0.0020812475595138745},"point_estimate":0.00022500163344574275,"standard_error":0.0007773763348505816},"median":{"confidence_interval":{"confidence_level":0.95,"lower_bound":-0.0007261601547537966,"upper_bound":-0.00005511331887775306},"point_estimate":-0.0004286049254376145,"standard_error":0.00017484676880920078}}