{"mean":{"confidence_interval":{"confidence_level":0.95,"lower_bound":0.000369866183012241,"upper_bound":0.004230096099190932},"point_estimate":0.0020621612993827476,"standard_error":0.0009875698292914938},"median":{"confidence_interval":{"confidence_level":0.95,"lower_bound":-0.00008815840747322667,"upper_bound":0.0006323199663467172},"point_estimate":0.00015506584712232652,"standard_error":0.00020863538992372797}}