{"mean":{"confidence_interval":{"confidence_level":0.95,"lower_bound":0.023630144559625157,"upper_bound":0.04691235069984856},"point_estimate":0.03557849496358245,"standard_error":0.005964929536563352},"median":{"confidence_interval":{"confidence_level":0.95,"lower_bound":0.019109200474348276,"upper_bound":0.032837846591382114},"point_estimate":0.0277931244943197,"standard_error":0.0038483583944541127}}