{"mean":{"confidence_interval":{"confidence_level":0.95,"lower_bound":0.0038031096671066605,"upper_bound":0.03262575867437622},"point_estimate":0.0180768502632771,"standard_error":0.007339081244157842},"median":{"confidence_interval":{"confidence_level":0.95,"lower_bound":-0.018398340070059582,"upper_bound":0.026355414282950518},"point_estimate":0.002501508610429859,"standard_error":0.012075148199889614}}