{"mean":{"confidence_interval":{"confidence_level":0.95,"lower_bound":-0.018092963001774764,"upper_bound":0.003247060284039364},"point_estimate":-0.00728090350014865,"standard_error":0.005453933242529527},"median":{"confidence_interval":{"confidence_level":0.95,"lower_bound":-0.03628358448474134,"upper_bound":0.02071474286141206},"point_estimate":-0.0051119184236122495,"standard_error":0.014828332808895136}}