{"mean":{"confidence_interval":{"confidence_level":0.95,"lower_bound":-0.08091966661023324,"upper_bound":-0.06313478844596178},"point_estimate":-0.07232414391500563,"standard_error":0.004541946929301379},"median":{"confidence_interval":{"confidence_level":0.95,"lower_bound":-0.1086833294541032,"upper_bound":-0.08123874227682812},"point_estimate":-0.09279543087762254,"standard_error":0.006798203126044851}}