{"mean":{"confidence_interval":{"confidence_level":0.95,"lower_bound":-0.25969003507046445,"upper_bound":-0.15870249783043533},"point_estimate":-0.20921341191977183,"standard_error":0.025847427561995324},"median":{"confidence_interval":{"confidence_level":0.95,"lower_bound":-0.1360858730880503,"upper_bound":-0.08624020764053102},"point_estimate":-0.10393609271711024,"standard_error":0.01086448846482589}}