{"mean":{"confidence_interval":{"confidence_level":0.95,"lower_bound":-0.006449723598618215,"upper_bound":0.011342418893152347},"point_estimate":0.0025001962251502974,"standard_error":0.004529228204348349},"median":{"confidence_interval":{"confidence_level":0.95,"lower_bound":-0.012798240275594333,"upper_bound":0.019890126091071325},"point_estimate":0.008398930049524855,"standard_error":0.007953215060602245}}