{"mean":{"confidence_interval":{"confidence_level":0.95,"lower_bound":0.027253145936760204,"upper_bound":0.04169428206871487},"point_estimate":0.03426952598578459,"standard_error":0.003695283658413717},"median":{"confidence_interval":{"confidence_level":0.95,"lower_bound":0.02151486253711976,"upper_bound":0.0417268343420019},"point_estimate":0.036354576480770895,"standard_error":0.0049373187089468374}}