{"mean":{"confidence_interval":{"confidence_level":0.95,"lower_bound":-0.038415877401887046,"upper_bound":-0.017623386688897888},"point_estimate":-0.02733530890566882,"standard_error":0.0052809778086950225},"median":{"confidence_interval":{"confidence_level":0.95,"lower_bound":-0.05019206928416786,"upper_bound":-0.006513362461101235},"point_estimate":-0.011236271881515547,"standard_error":0.008419888555217787}}