{"mean":{"confidence_interval":{"confidence_level":0.95,"lower_bound":-0.04807220846580803,"upper_bound":-0.022877807596663854},"point_estimate":-0.03563284749312079,"standard_error":0.006464269999579217},"median":{"confidence_interval":{"confidence_level":0.95,"lower_bound":-0.030883093973783193,"upper_bound":-0.011107989074121916},"point_estimate":-0.020503711639410005,"standard_error":0.004656299389308236}}