{"mean":{"confidence_interval":{"confidence_level":0.95,"lower_bound":0.010782013705422182,"upper_bound":0.029046653999653737},"point_estimate":0.0198778751733113,"standard_error":0.0046475841573083545},"median":{"confidence_interval":{"confidence_level":0.95,"lower_bound":-0.0011126111848723808,"upper_bound":0.03959837646762554},"point_estimate":0.01964315031125463,"standard_error":0.010073496242772675}}