{"mean":{"confidence_interval":{"confidence_level":0.95,"lower_bound":-0.0011727602247420972,"upper_bound":0.01730795520927628},"point_estimate":0.00856751311997006,"standard_error":0.004695820946138028},"median":{"confidence_interval":{"confidence_level":0.95,"lower_bound":0.012437631022680806,"upper_bound":0.044591399961390284},"point_estimate":0.025755538355921148,"standard_error":0.00782913913931643}}