{"mean":{"confidence_interval":{"confidence_level":0.95,"lower_bound":-0.00866345070448237,"upper_bound":0.008298295037097794},"point_estimate":-0.00022355044053201656,"standard_error":0.004312951384929762},"median":{"confidence_interval":{"confidence_level":0.95,"lower_bound":-0.001628910439348208,"upper_bound":0.01710905928591666},"point_estimate":0.010321090863090188,"standard_error":0.00535634630594158}}