{"mean":{"confidence_interval":{"confidence_level":0.95,"lower_bound":0.015118490844512857,"upper_bound":0.028204388397841045},"point_estimate":0.021651028018303098,"standard_error":0.003347930685776289},"median":{"confidence_interval":{"confidence_level":0.95,"lower_bound":0.021244143547010097,"upper_bound":0.03806061794552673},"point_estimate":0.03303213816516304,"standard_error":0.004072774837854027}}