{"mean":{"confidence_interval":{"confidence_level":0.95,"lower_bound":-0.005446694004136953,"upper_bound":0.013834524060233909},"point_estimate":0.0040809373877379596,"standard_error":0.004987432694521341},"median":{"confidence_interval":{"confidence_level":0.95,"lower_bound":-0.0077797684643121645,"upper_bound":0.010024802876495764},"point_estimate":-0.0018142881863602023,"standard_error":0.005195864568409285}}