{"mean":{"confidence_interval":{"confidence_level":0.95,"lower_bound":-0.027461001036746417,"upper_bound":-0.01695055408198379},"point_estimate":-0.022086725088956705,"standard_error":0.0026912103807152777},"median":{"confidence_interval":{"confidence_level":0.95,"lower_bound":-0.029504880647506004,"upper_bound":-0.008760055599687027},"point_estimate":-0.013682363870770486,"standard_error":0.004949829625337214}}