{"mean":{"confidence_interval":{"confidence_level":0.95,"lower_bound":0.02089922585576301,"upper_bound":0.03170406817330295},"point_estimate":0.02592934576883743,"standard_error":0.002699216937366795},"median":{"confidence_interval":{"confidence_level":0.95,"lower_bound":0.016993822369353186,"upper_bound":0.028627800687763827},"point_estimate":0.022259610140656028,"standard_error":0.0029060800475077843}}