{"mean":{"confidence_interval":{"confidence_level":0.95,"lower_bound":-0.009408757180817965,"upper_bound":0.0010988059040954999},"point_estimate":-0.004040698931376818,"standard_error":0.0026750531771851105},"median":{"confidence_interval":{"confidence_level":0.95,"lower_bound":-0.011302166213565834,"upper_bound":0.0017791106958038316},"point_estimate":-0.004048132288169026,"standard_error":0.0033675879561780187}}