{"mean":{"confidence_interval":{"confidence_level":0.95,"lower_bound":-0.061412471224388615,"upper_bound":-0.03604074987301502},"point_estimate":-0.04866197042424725,"standard_error":0.006476549761768546},"median":{"confidence_interval":{"confidence_level":0.95,"lower_bound":-0.07262207851441788,"upper_bound":-0.01881625125800167},"point_estimate":-0.02799138267703949,"standard_error":0.01552556620993582}}