{"mean":{"confidence_interval":{"confidence_level":0.95,"lower_bound":0.018632762418920906,"upper_bound":0.054525185310905076},"point_estimate":0.03697636339472288,"standard_error":0.009070822708125847},"median":{"confidence_interval":{"confidence_level":0.95,"lower_bound":0.028292709522839354,"upper_bound":0.08832007739484027},"point_estimate":0.040189884312081814,"standard_error":0.01695171859335535}}