{"mean":{"confidence_interval":{"confidence_level":0.95,"lower_bound":-0.01987879111490766,"upper_bound":0.004009221724030781},"point_estimate":-0.00798257684583581,"standard_error":0.006050552395533511},"median":{"confidence_interval":{"confidence_level":0.95,"lower_bound":-0.010620771946910357,"upper_bound":0.030734101816590087},"point_estimate":0.019019219862633996,"standard_error":0.012739180176431839}}