{"mean":{"confidence_interval":{"confidence_level":0.95,"lower_bound":-0.03069847601265871,"upper_bound":-0.015787290145894094},"point_estimate":-0.02312004885060759,"standard_error":0.003794123770709068},"median":{"confidence_interval":{"confidence_level":0.95,"lower_bound":-0.03866303245004665,"upper_bound":0.0021340048363345243},"point_estimate":-0.029241884123266004,"standard_error":0.012580538610348049}}