{"mean":{"confidence_interval":{"confidence_level":0.95,"lower_bound":0.018688703990264812,"upper_bound":0.038895739174914984},"point_estimate":0.028432630581939122,"standard_error":0.005174640244764645},"median":{"confidence_interval":{"confidence_level":0.95,"lower_bound":-0.000733925571820504,"upper_bound":0.05155485082162037},"point_estimate":0.011570126001641423,"standard_error":0.01339674654538138}}