{"mean":{"confidence_interval":{"confidence_level":0.95,"lower_bound":0.004485290211962197,"upper_bound":0.012835161626460062},"point_estimate":0.00866344798572416,"standard_error":0.002150671783580548},"median":{"confidence_interval":{"confidence_level":0.95,"lower_bound":0.0013665045693846967,"upper_bound":0.00935787902251306},"point_estimate":0.004819408931254321,"standard_error":0.0021096120165989478}}