{"mean":{"confidence_interval":{"confidence_level":0.95,"lower_bound":0.017785433139997833,"upper_bound":0.03362217421988234},"point_estimate":0.025404608041420307,"standard_error":0.0040935794828232935},"median":{"confidence_interval":{"confidence_level":0.95,"lower_bound":0.021618186096805214,"upper_bound":0.04771295177828638},"point_estimate":0.03603175189296981,"standard_error":0.007880937450312242}}