{"mean":{"confidence_interval":{"confidence_level":0.95,"lower_bound":0.024512402909248922,"upper_bound":0.04773905916645768},"point_estimate":0.03598492321598101,"standard_error":0.005903792581408239},"median":{"confidence_interval":{"confidence_level":0.95,"lower_bound":0.014653615160878486,"upper_bound":0.058933239385993985},"point_estimate":0.029802896752306962,"standard_error":0.01037902725394184}}