{"mean":{"confidence_interval":{"confidence_level":0.95,"lower_bound":-0.05251852175695347,"upper_bound":-0.028122646245209517},"point_estimate":-0.040238988087588745,"standard_error":0.006239702158291188},"median":{"confidence_interval":{"confidence_level":0.95,"lower_bound":-0.06662704845889662,"upper_bound":-0.011345413692912865},"point_estimate":-0.04373256138273063,"standard_error":0.012955378928756601}}