{"mean":{"confidence_interval":{"confidence_level":0.95,"lower_bound":-0.06966125417697083,"upper_bound":-0.049701507847305273},"point_estimate":-0.059910077499903736,"standard_error":0.005060887475968089},"median":{"confidence_interval":{"confidence_level":0.95,"lower_bound":-0.0939239091544557,"upper_bound":-0.05601225859362491},"point_estimate":-0.0683584898728189,"standard_error":0.009995458574453156}}