{"mean":{"confidence_interval":{"confidence_level":0.95,"lower_bound":0.0039736179223303,"upper_bound":0.02720692727552284},"point_estimate":0.015097309237193324,"standard_error":0.005909385029108318},"median":{"confidence_interval":{"confidence_level":0.95,"lower_bound":-0.02628164550483303,"upper_bound":0.027548088690704232},"point_estimate":0.0068203824997232765,"standard_error":0.01348544254009441}}