{"mean":{"confidence_interval":{"confidence_level":0.95,"lower_bound":12.60045574386531,"upper_bound":12.67305753008598},"point_estimate":12.628624042763613,"standard_error":0.019526754168668944},"median":{"confidence_interval":{"confidence_level":0.95,"lower_bound":12.589094611690593,"upper_bound":12.611895525663535},"point_estimate":12.600994646119885,"standard_error":0.006934191155990387},"median_abs_dev":{"confidence_interval":{"confidence_level":0.95,"lower_bound":0.03414474425887531,"upper_bound":0.06044948821475671},"point_estimate":0.05395906558501794,"standard_error":0.007029788611505575},"slope":{"confidence_interval":{"confidence_level":0.95,"lower_bound":12.600759021383599,"upper_bound":12.684886726685738},"point_estimate":12.63333377574811,"standard_error":0.022289795651187484},"std_dev":{"confidence_interval":{"confidence_level":0.95,"lower_bound":0.05055967864739157,"upper_bound":0.3272362264354616},"point_estimate":0.19729625774793444,"standard_error":0.0916927081060581}}