{"mean":{"confidence_interval":{"confidence_level":0.95,"lower_bound":-0.00026926516965850294,"upper_bound":0.002936255050319569},"point_estimate":0.0011499614576260253,"standard_error":0.0008305136028424711},"median":{"confidence_interval":{"confidence_level":0.95,"lower_bound":-0.0001665733132784064,"upper_bound":0.0005067847644777412},"point_estimate":0.00011908191720544359,"standard_error":0.00016678966432534477}}