{"mean":{"confidence_interval":{"confidence_level":0.95,"lower_bound":-0.0009958337324459275,"upper_bound":0.0008279883342331705},"point_estimate":-5.2296203312263145e-6,"standard_error":0.00046482122941808905},"median":{"confidence_interval":{"confidence_level":0.95,"lower_bound":-2.3446141454996905e-6,"upper_bound":0.0006744664300877279},"point_estimate":0.0003751243624907641,"standard_error":0.0001659054926216333}}