{"mean":{"confidence_interval":{"confidence_level":0.95,"lower_bound":-0.0011138839611253416,"upper_bound":0.0005564217909719281},"point_estimate":-0.0002375779030382441,"standard_error":0.00042628122628362864},"median":{"confidence_interval":{"confidence_level":0.95,"lower_bound":-0.0001474420794113085,"upper_bound":0.00044764122541862683},"point_estimate":0.00015309377658434542,"standard_error":0.0001571474614756092}}