{"mean":{"confidence_interval":{"confidence_level":0.95,"lower_bound":-0.00248144764171484,"upper_bound":0.00027922638846172794},"point_estimate":-0.0008606107728204027,"standard_error":0.0007219743381068109},"median":{"confidence_interval":{"confidence_level":0.95,"lower_bound":-0.00016369621938985805,"upper_bound":0.0002770146175445909},"point_estimate":1.2641930031698223e-6,"standard_error":0.00011117271728903119}}