{"mean":{"confidence_interval":{"confidence_level":0.95,"lower_bound":-0.00037186029928512035,"upper_bound":0.0016921684143828605},"point_estimate":0.0007320826979193562,"standard_error":0.0005237073361903284},"median":{"confidence_interval":{"confidence_level":0.95,"lower_bound":0.0005752756632324552,"upper_bound":0.0011734970017487356},"point_estimate":0.0007911131459683585,"standard_error":0.000136320477024615}}