{"mean":{"confidence_interval":{"confidence_level":0.95,"lower_bound":-0.004734291358126118,"upper_bound":0.0010093986394264065},"point_estimate":-0.0011063194029821144,"standard_error":0.0016322769503129772},"median":{"confidence_interval":{"confidence_level":0.95,"lower_bound":0.0002448626234281548,"upper_bound":0.0006522249290528137},"point_estimate":0.0004346885061108363,"standard_error":0.00009952990575652224}}