{"mean":{"confidence_interval":{"confidence_level":0.95,"lower_bound":0.00003895895980866594,"upper_bound":0.0030582009208970857},"point_estimate":0.0012785561674253376,"standard_error":0.0007789864882600181},"median":{"confidence_interval":{"confidence_level":0.95,"lower_bound":-0.00013304253181734005,"upper_bound":0.0005999321571392713},"point_estimate":0.0003151700965680071,"standard_error":0.00019691499414001927}}