{"mean":{"confidence_interval":{"confidence_level":0.95,"lower_bound":0.0014124626426487653,"upper_bound":0.009054735204696072},"point_estimate":0.0041624856591329085,"standard_error":0.0023331761360495195},"median":{"confidence_interval":{"confidence_level":0.95,"lower_bound":0.0008173449848656311,"upper_bound":0.0026413169534191816},"point_estimate":0.0017797914220161193,"standard_error":0.0004778664074796103}}