{"mean":{"confidence_interval":{"confidence_level":0.95,"lower_bound":-0.0005165538223858096,"upper_bound":0.0003945441417643244},"point_estimate":-0.000054538461592423815,"standard_error":0.0002300112226738882},"median":{"confidence_interval":{"confidence_level":0.95,"lower_bound":-0.000341158468442182,"upper_bound":0.0002085359182486187},"point_estimate":-0.000021478957369924778,"standard_error":0.00013571880632504612}}