{"mean":{"confidence_interval":{"confidence_level":0.95,"lower_bound":-0.003103681369727423,"upper_bound":0.00046714901825907186},"point_estimate":-0.0011640916514698008,"standard_error":0.0009130634276827674},"median":{"confidence_interval":{"confidence_level":0.95,"lower_bound":-0.0007814850766910686,"upper_bound":-0.00024661178700680075},"point_estimate":-0.0004478219689781904,"standard_error":0.0001388933184661857}}