{"mean":{"confidence_interval":{"confidence_level":0.95,"lower_bound":-0.005637693026669757,"upper_bound":-0.00016162522098612535},"point_estimate":-0.002253938672797773,"standard_error":0.0014582782460750708},"median":{"confidence_interval":{"confidence_level":0.95,"lower_bound":-0.0004824853672232843,"upper_bound":0.0000970979613945655},"point_estimate":-0.00012073221720210192,"standard_error":0.00014570412877932572}}