{"mean":{"confidence_interval":{"confidence_level":0.95,"lower_bound":-0.000165704544743031,"upper_bound":0.0014055213885211968},"point_estimate":0.000544930490460338,"standard_error":0.0004041336174231799},"median":{"confidence_interval":{"confidence_level":0.95,"lower_bound":-0.00025917292527306813,"upper_bound":0.00026054087250179615},"point_estimate":0.00003698469262758408,"standard_error":0.00013299576263276337}}