{"mean":{"confidence_interval":{"confidence_level":0.95,"lower_bound":-0.0006246890472156345,"upper_bound":0.002321774543851479},"point_estimate":0.0005435692006170445,"standard_error":0.0007543561141961169},"median":{"confidence_interval":{"confidence_level":0.95,"lower_bound":-0.0003611520583509664,"upper_bound":0.00012743544971494103},"point_estimate":-0.00014127686170251064,"standard_error":0.00012151950273642263}}