{"mean":{"confidence_interval":{"confidence_level":0.95,"lower_bound":-0.00019544118223796788,"upper_bound":0.0050970906505707495},"point_estimate":0.0018553890910224524,"standard_error":0.0014831619576299623},"median":{"confidence_interval":{"confidence_level":0.95,"lower_bound":-0.0001519260837106267,"upper_bound":0.00016734077578983708},"point_estimate":-2.009554895709975e-6,"standard_error":0.00008120434235083292}}