{"mean":{"confidence_interval":{"confidence_level":0.95,"lower_bound":-0.10587133466231675,"upper_bound":-0.03085723240374619},"point_estimate":-0.06642958593850368,"standard_error":0.019296586345897992},"median":{"confidence_interval":{"confidence_level":0.95,"lower_bound":-0.006321442922876286,"upper_bound":-0.0034736916404582985},"point_estimate":-0.004830410582849609,"standard_error":0.000698920258957044}}