{"mean":{"confidence_interval":{"confidence_level":0.95,"lower_bound":-0.00030394914990634333,"upper_bound":0.001103681301870634},"point_estimate":0.00037848352004576924,"standard_error":0.00036962393966116487},"median":{"confidence_interval":{"confidence_level":0.95,"lower_bound":-0.00036129131879214516,"upper_bound":0.00016748551238854326},"point_estimate":-0.0001110367553034397,"standard_error":0.00012767702802990875}}