{"mean":{"confidence_interval":{"confidence_level":0.95,"lower_bound":-0.0008154006807340879,"upper_bound":0.0015152808807571575},"point_estimate":0.00020987787734805252,"standard_error":0.0005916273610680495},"median":{"confidence_interval":{"confidence_level":0.95,"lower_bound":-0.0005807312787068364,"upper_bound":0.00007049743734499523},"point_estimate":-0.0002658163610628206,"standard_error":0.00016285242538741356}}