{"mean":{"confidence_interval":{"confidence_level":0.95,"lower_bound":-0.0012504603462346357,"upper_bound":0.000405459449034806},"point_estimate":-0.00038181071226983665,"standard_error":0.00042111559980461565},"median":{"confidence_interval":{"confidence_level":0.95,"lower_bound":-0.0005106378324666257,"upper_bound":0.00005500750186763715},"point_estimate":-0.0001801526701726841,"standard_error":0.0001439190673905081}}