{"mean":{"confidence_interval":{"confidence_level":0.95,"lower_bound":-0.10344925360629055,"upper_bound":-0.025216328579751857},"point_estimate":-0.06020079073164186,"standard_error":0.020248067462123317},"median":{"confidence_interval":{"confidence_level":0.95,"lower_bound":-0.0061767207888391296,"upper_bound":-0.0017959222517995865},"point_estimate":-0.0032716965085197725,"standard_error":0.0009781726074522055}}