{"mean":{"confidence_interval":{"confidence_level":0.95,"lower_bound":230.39506995148824,"upper_bound":241.94071270520158},"point_estimate":235.93758660926352,"standard_error":2.956268114299996},"median":{"confidence_interval":{"confidence_level":0.95,"lower_bound":220.85193590421324,"upper_bound":221.57511837180343},"point_estimate":221.23099416899427,"standard_error":0.2767093648062276},"median_abs_dev":{"confidence_interval":{"confidence_level":0.95,"lower_bound":4.630733378272171,"upper_bound":6.152203462593208},"point_estimate":5.595628521899161,"standard_error":0.43157455148297647},"slope":{"confidence_interval":{"confidence_level":0.95,"lower_bound":223.52968281765246,"upper_bound":234.21939445843228},"point_estimate":228.31673830910304,"standard_error":2.7498413771394077},"std_dev":{"confidence_interval":{"confidence_level":0.95,"lower_bound":24.632747022707317,"upper_bound":33.34365137994677},"point_estimate":29.636901442995676,"standard_error":2.2363906156877564}}