{"mean":{"confidence_interval":{"confidence_level":0.95,"lower_bound":209.28692644238458,"upper_bound":216.08209687647349},"point_estimate":212.64253559370644,"standard_error":1.7338636644005228},"median":{"confidence_interval":{"confidence_level":0.95,"lower_bound":197.10375137857812,"upper_bound":221.2846451974808},"point_estimate":215.93522031716606,"standard_error":7.6422578143258155},"median_abs_dev":{"confidence_interval":{"confidence_level":0.95,"lower_bound":4.363263834607521,"upper_bound":35.47435115133049},"point_estimate":27.860326611857765,"standard_error":8.94719781717895},"slope":{"confidence_interval":{"confidence_level":0.95,"lower_bound":205.76414134011708,"upper_bound":216.86073145101838},"point_estimate":211.0772208899752,"standard_error":2.8257828510117506},"std_dev":{"confidence_interval":{"confidence_level":0.95,"lower_bound":15.361678680226982,"upper_bound":19.296538121289117},"point_estimate":17.467305511838855,"standard_error":1.0080309611886773}}