{"mean":{"confidence_interval":{"confidence_level":0.95,"lower_bound":197.22538670218242,"upper_bound":197.70507786807943},"point_estimate":197.4492857614374,"standard_error":0.12218017217450791},"median":{"confidence_interval":{"confidence_level":0.95,"lower_bound":196.7157450688309,"upper_bound":197.63998983120496},"point_estimate":196.86306833191463,"standard_error":0.2013186966781457},"median_abs_dev":{"confidence_interval":{"confidence_level":0.95,"lower_bound":0.26918516062063647,"upper_bound":1.228754968576733},"point_estimate":0.5231150185129322,"standard_error":0.24274533213408278},"slope":{"confidence_interval":{"confidence_level":0.95,"lower_bound":197.39109776513945,"upper_bound":197.895579031523},"point_estimate":197.64105104088543,"standard_error":0.1280863661254165},"std_dev":{"confidence_interval":{"confidence_level":0.95,"lower_bound":0.833010433038545,"upper_bound":1.6068549502703875},"point_estimate":1.2299877271626773,"standard_error":0.20006865987011976}}