{"mean":{"confidence_interval":{"confidence_level":0.95,"lower_bound":204.36262967234873,"upper_bound":209.35766274832727},"point_estimate":206.83165106866022,"standard_error":1.2765146271199912},"median":{"confidence_interval":{"confidence_level":0.95,"lower_bound":196.89975904590798,"upper_bound":203.15222929474012},"point_estimate":198.1614084715537,"standard_error":2.006957778241574},"median_abs_dev":{"confidence_interval":{"confidence_level":0.95,"lower_bound":1.623533663806322,"upper_bound":10.901824355003592},"point_estimate":3.5134921349286516,"standard_error":2.8208322567048474},"slope":{"confidence_interval":{"confidence_level":0.95,"lower_bound":203.59425032673204,"upper_bound":209.91603376741347},"point_estimate":206.68821862706946,"standard_error":1.6142717093095866},"std_dev":{"confidence_interval":{"confidence_level":0.95,"lower_bound":11.519533972592939,"upper_bound":14.096254133978194},"point_estimate":12.840310899214925,"standard_error":0.6555526104212458}}