{"mean":{"confidence_interval":{"confidence_level":0.95,"lower_bound":-0.0011819666120848143,"upper_bound":0.0003487738380543112},"point_estimate":-0.0003724873841518539,"standard_error":0.00039031358917571536},"median":{"confidence_interval":{"confidence_level":0.95,"lower_bound":-0.0002511621152115895,"upper_bound":0.00033839998361611637},"point_estimate":0.00005713624942438322,"standard_error":0.00015553821443478296}}