{"mean":{"confidence_interval":{"confidence_level":0.95,"lower_bound":-0.02334409091712549,"upper_bound":-0.007190444073087011},"point_estimate":-0.014794947523301794,"standard_error":0.004138848081600059},"median":{"confidence_interval":{"confidence_level":0.95,"lower_bound":-0.0005675184006670718,"upper_bound":-0.00017509060232301366},"point_estimate":-0.00039918004116668016,"standard_error":0.00009833372440573171}}