{"mean":{"confidence_interval":{"confidence_level":0.95,"lower_bound":-0.007355706120654754,"upper_bound":-0.004148861260186561},"point_estimate":-0.0056194276315716385,"standard_error":0.0008224638347680414},"median":{"confidence_interval":{"confidence_level":0.95,"lower_bound":-0.004550462012228784,"upper_bound":-0.0034628194489912945},"point_estimate":-0.003870667613698364,"standard_error":0.00025835818806966936}}