{"mean":{"confidence_interval":{"confidence_level":0.95,"lower_bound":-0.0001547653580493302,"upper_bound":0.001382172863638814},"point_estimate":0.0005863427254757525,"standard_error":0.0003875272142697652},"median":{"confidence_interval":{"confidence_level":0.95,"lower_bound":0.00028739147942613563,"upper_bound":0.000908470232672709},"point_estimate":0.0005707068926348313,"standard_error":0.00016640310025568356}}