{"mean":{"confidence_interval":{"confidence_level":0.95,"lower_bound":0.009559815974908176,"upper_bound":0.027517360262414445},"point_estimate":0.01740394158156411,"standard_error":0.004692698211103311},"median":{"confidence_interval":{"confidence_level":0.95,"lower_bound":0.0011980404674483136,"upper_bound":0.003254471978968665},"point_estimate":0.00248846080678633,"standard_error":0.0005678227264442594}}