{"mean":{"confidence_interval":{"confidence_level":0.95,"lower_bound":-0.0034784550635265335,"upper_bound":0.0004087891126335063},"point_estimate":-0.0010384861699873627,"standard_error":0.0011192510443296954},"median":{"confidence_interval":{"confidence_level":0.95,"lower_bound":-0.0002452606364276022,"upper_bound":0.00030072081702781084},"point_estimate":0.000060372344438563985,"standard_error":0.0001365715383395342}}