{"mean":{"confidence_interval":{"confidence_level":0.95,"lower_bound":-0.0011317114948700161,"upper_bound":0.0008960954128183422},"point_estimate":-0.0002540097368358696,"standard_error":0.0005166640090051688},"median":{"confidence_interval":{"confidence_level":0.95,"lower_bound":-0.00034238852475751137,"upper_bound":0.000047606311604830864},"point_estimate":-0.00016455830041661734,"standard_error":0.00010794642382651258}}