{"mean":{"confidence_interval":{"confidence_level":0.95,"lower_bound":-0.0005036323498441297,"upper_bound":0.0009870684598130397},"point_estimate":0.0001351105260842811,"standard_error":0.00037343626022785814},"median":{"confidence_interval":{"confidence_level":0.95,"lower_bound":-0.00046105326979573036,"upper_bound":0.00013765970756551837},"point_estimate":-0.00024101410736854234,"standard_error":0.00015555734986655802}}