{"mean":{"confidence_interval":{"confidence_level":0.95,"lower_bound":-0.013751917448714028,"upper_bound":-0.002330485586320419},"point_estimate":-0.007582298211126881,"standard_error":0.002939672585015993},"median":{"confidence_interval":{"confidence_level":0.95,"lower_bound":0.00009963324045059196,"upper_bound":0.000661963036371116},"point_estimate":0.0003786891556403216,"standard_error":0.00014346608334652526}}