{"mean":{"confidence_interval":{"confidence_level":0.95,"lower_bound":-0.0005652026419948524,"upper_bound":0.0014445756337280004},"point_estimate":0.0005118213602757216,"standard_error":0.0005071854380518295},"median":{"confidence_interval":{"confidence_level":0.95,"lower_bound":0.00017913336721919748,"upper_bound":0.0005619648492625196},"point_estimate":0.00033922836573530013,"standard_error":0.00008969464045821554}}