{"mean":{"confidence_interval":{"confidence_level":0.95,"lower_bound":-0.0003840931593218547,"upper_bound":0.0006261151808565124},"point_estimate":0.00013314155617072387,"standard_error":0.00025728011248568535},"median":{"confidence_interval":{"confidence_level":0.95,"lower_bound":-0.00017129603154963924,"upper_bound":0.00035289762631424674},"point_estimate":0.00015036768323484218,"standard_error":0.00013496190870626392}}