{"mean":{"confidence_interval":{"confidence_level":0.95,"lower_bound":-0.0022929598499305814,"upper_bound":0.0009219674997656011},"point_estimate":-0.0005394163114288419,"standard_error":0.0008234017186699475},"median":{"confidence_interval":{"confidence_level":0.95,"lower_bound":0.000047090513655589916,"upper_bound":0.0005000424048831054},"point_estimate":0.0003031919662808136,"standard_error":0.00011586837394507623}}