{"mean":{"confidence_interval":{"confidence_level":0.95,"lower_bound":-0.0006539972356125745,"upper_bound":0.00042373254459515035},"point_estimate":-0.0001309839462086959,"standard_error":0.0002742589571779386},"median":{"confidence_interval":{"confidence_level":0.95,"lower_bound":-0.00038012135944620606,"upper_bound":0.0002462717814768478},"point_estimate":-0.0000585797937185939,"standard_error":0.00016289639428340784}}