{"mean":{"confidence_interval":{"confidence_level":0.95,"lower_bound":-0.0012122077545240527,"upper_bound":0.0007679095899861874},"point_estimate":-0.00008762481185986548,"standard_error":0.0005070844248509455},"median":{"confidence_interval":{"confidence_level":0.95,"lower_bound":-0.000048154245060216816,"upper_bound":0.00040270947425595754},"point_estimate":0.00021435447413220565,"standard_error":0.00011548745677639823}}