{"mean":{"confidence_interval":{"confidence_level":0.95,"lower_bound":0.006365460827325573,"upper_bound":0.02308688617764183},"point_estimate":0.01465296479336442,"standard_error":0.004323628631315636},"median":{"confidence_interval":{"confidence_level":0.95,"lower_bound":-0.00032748242908283126,"upper_bound":0.00019085069705648827},"point_estimate":-0.00002900301290365004,"standard_error":0.00012847398080905175}}