{"mean":{"confidence_interval":{"confidence_level":0.95,"lower_bound":0.003004628108647484,"upper_bound":0.01274036608092267},"point_estimate":0.007582014210422594,"standard_error":0.002786324178037055},"median":{"confidence_interval":{"confidence_level":0.95,"lower_bound":-0.0003689048072709894,"upper_bound":0.00005325379948732352},"point_estimate":-0.00022336608538031655,"standard_error":0.0001115916218943775}}