{"mean":{"confidence_interval":{"confidence_level":0.95,"lower_bound":-0.012134195683274332,"upper_bound":-0.0003821075728791287},"point_estimate":-0.005511899681539867,"standard_error":0.0030287491466885197},"median":{"confidence_interval":{"confidence_level":0.95,"lower_bound":-0.0011045346528330002,"upper_bound":-0.0005342166524546669},"point_estimate":-0.0008988401652444411,"standard_error":0.00014822783912989357}}