{"mean":{"confidence_interval":{"confidence_level":0.95,"lower_bound":-0.0020966110036392664,"upper_bound":0.0005097802529544662},"point_estimate":-0.0006315378066229504,"standard_error":0.0006733484825328406},"median":{"confidence_interval":{"confidence_level":0.95,"lower_bound":-0.00003081152308367319,"upper_bound":0.0006981921651421086},"point_estimate":0.00030237750793271623,"standard_error":0.00017904360640643807}}