{"mean":{"confidence_interval":{"confidence_level":0.95,"lower_bound":-0.0005377466863480812,"upper_bound":0.002370904863390094},"point_estimate":0.0006919593579848282,"standard_error":0.0007578950490615416},"median":{"confidence_interval":{"confidence_level":0.95,"lower_bound":-0.000845048747067667,"upper_bound":-0.00020998846636655077},"point_estimate":-0.0005148504587788594,"standard_error":0.00015511745738879012}}