{"mean":{"confidence_interval":{"confidence_level":0.95,"lower_bound":550.2977090734589,"upper_bound":607.339890853287},"point_estimate":574.5495052457107,"standard_error":14.740004875056938},"median":{"confidence_interval":{"confidence_level":0.95,"lower_bound":532.9113297114627,"upper_bound":566.6353139595226},"point_estimate":558.5878094921479,"standard_error":8.47986129460966},"median_abs_dev":{"confidence_interval":{"confidence_level":0.95,"lower_bound":33.41492393046095,"upper_bound":87.88886958688906},"point_estimate":71.99984930300705,"standard_error":14.087874358837658},"slope":{"confidence_interval":{"confidence_level":0.95,"lower_bound":528.0384305860713,"upper_bound":594.3790167030461},"point_estimate":555.3518692654277,"standard_error":17.088164841691224},"std_dev":{"confidence_interval":{"confidence_level":0.95,"lower_bound":57.40215026862932,"upper_bound":233.24233729768025},"point_estimate":149.90117277678942,"standard_error":48.622047583366374}}