{"mean":{"confidence_interval":{"confidence_level":0.95,"lower_bound":641.5510410632855,"upper_bound":655.2401684439146},"point_estimate":648.1327958066496,"standard_error":3.4884196606840194},"median":{"confidence_interval":{"confidence_level":0.95,"lower_bound":638.1776837996097,"upper_bound":642.7065881032102},"point_estimate":641.9967826096324,"standard_error":1.1880346993859134},"median_abs_dev":{"confidence_interval":{"confidence_level":0.95,"lower_bound":12.624708677325422,"upper_bound":36.97443291809371},"point_estimate":27.850875786121623,"standard_error":6.867213881069168},"slope":{"confidence_interval":{"confidence_level":0.95,"lower_bound":629.7171122212582,"upper_bound":641.5949101409299},"point_estimate":635.400498765537,"standard_error":3.031886331524673},"std_dev":{"confidence_interval":{"confidence_level":0.95,"lower_bound":29.15451577084673,"upper_bound":40.250768644634014},"point_estimate":35.10405001389361,"standard_error":2.838815458596129}}