{"mean":{"confidence_interval":{"confidence_level":0.95,"lower_bound":0.004118797977879868,"upper_bound":0.006932782477921712},"point_estimate":0.005484724930306939,"standard_error":0.0007233183955611471},"median":{"confidence_interval":{"confidence_level":0.95,"lower_bound":0.0042208562111203385,"upper_bound":0.005564761292859988},"point_estimate":0.004823840633553678,"standard_error":0.00034277418734368024}}