{"mean":{"confidence_interval":{"confidence_level":0.95,"lower_bound":0.0013950862183330583,"upper_bound":0.003985832239964615},"point_estimate":0.002942736509019328,"standard_error":0.0006815682126661968},"median":{"confidence_interval":{"confidence_level":0.95,"lower_bound":0.0026429697990752177,"upper_bound":0.0034035892902899434},"point_estimate":0.0030446344188523877,"standard_error":0.00019624094163146988}}