{"mean":{"confidence_interval":{"confidence_level":0.95,"lower_bound":0.008194321473749407,"upper_bound":0.0207111798649727},"point_estimate":0.013843346445696403,"standard_error":0.0032914684723169933},"median":{"confidence_interval":{"confidence_level":0.95,"lower_bound":0.003939255146695242,"upper_bound":0.005756976533865865},"point_estimate":0.004964076245376203,"standard_error":0.00047076969416539097}}