{"mean":{"confidence_interval":{"confidence_level":0.95,"lower_bound":-0.004027993700208365,"upper_bound":-0.0008285163707285608},"point_estimate":-0.002287909963428869,"standard_error":0.0008180097590686726},"median":{"confidence_interval":{"confidence_level":0.95,"lower_bound":-0.0021014155551378755,"upper_bound":0.00018403546047274233},"point_estimate":-0.0004052120064861331,"standard_error":0.0005482688602420357}}