{"mean":{"confidence_interval":{"confidence_level":0.95,"lower_bound":0.0015130221183404073,"upper_bound":0.00888014307547605},"point_estimate":0.004775913112563979,"standard_error":0.0019518553690643088},"median":{"confidence_interval":{"confidence_level":0.95,"lower_bound":0.001570763088864613,"upper_bound":0.0035493900847847204},"point_estimate":0.0026169894236494073,"standard_error":0.00046837794121658543}}