{"mean":{"confidence_interval":{"confidence_level":0.95,"lower_bound":-0.018610815784416212,"upper_bound":-0.0008790753539627642},"point_estimate":-0.009445933012311225,"standard_error":0.0045276077130203965},"median":{"confidence_interval":{"confidence_level":0.95,"lower_bound":-0.0017185270437087257,"upper_bound":-0.00026152458367489917},"point_estimate":-0.0008996108104635248,"standard_error":0.0003611299099142952}}