{"mean":{"confidence_interval":{"confidence_level":0.95,"lower_bound":0.010039065301165308,"upper_bound":0.028733865614800957},"point_estimate":0.019697299217827702,"standard_error":0.004863173685020483},"median":{"confidence_interval":{"confidence_level":0.95,"lower_bound":-0.001450392529858835,"upper_bound":-0.0004567078372131151},"point_estimate":-0.0009632958176049033,"standard_error":0.0002605362584282226}}