{"mean":{"confidence_interval":{"confidence_level":0.95,"lower_bound":0.0006744807364276961,"upper_bound":0.006310079248104478},"point_estimate":0.003253211220316521,"standard_error":0.001421913402676397},"median":{"confidence_interval":{"confidence_level":0.95,"lower_bound":0.0006147516082992801,"upper_bound":0.0028639860939110307},"point_estimate":0.001946121677435686,"standard_error":0.0005963199154642635}}