{"mean":{"confidence_interval":{"confidence_level":0.95,"lower_bound":-0.000023821088090314402,"upper_bound":0.004057594148724912},"point_estimate":0.0017890156907185428,"standard_error":0.0010311981993801139},"median":{"confidence_interval":{"confidence_level":0.95,"lower_bound":-0.0008542904146300323,"upper_bound":0.001997624271754539},"point_estimate":-0.0003915229847770707,"standard_error":0.0008174671124232961}}