{"mean":{"confidence_interval":{"confidence_level":0.95,"lower_bound":-0.0058896821322615475,"upper_bound":-0.0016382604689358124},"point_estimate":-0.0035837311700271934,"standard_error":0.0010790349085141268},"median":{"confidence_interval":{"confidence_level":0.95,"lower_bound":-0.0042961698008187055,"upper_bound":0.0005318385906669665},"point_estimate":-0.0005008446603073091,"standard_error":0.0013838077186749012}}