{"mean":{"confidence_interval":{"confidence_level":0.95,"lower_bound":-0.027541332223175265,"upper_bound":-0.006253826282771081},"point_estimate":-0.01592846635244416,"standard_error":0.0054697498589894},"median":{"confidence_interval":{"confidence_level":0.95,"lower_bound":-0.002014178679152767,"upper_bound":0.0005362773345303218},"point_estimate":-0.0009828623453816965,"standard_error":0.0006914172605018396}}