{"mean":{"confidence_interval":{"confidence_level":0.95,"lower_bound":0.007394084741565061,"upper_bound":0.03699196792625534},"point_estimate":0.021233016789334425,"standard_error":0.007642401543471377},"median":{"confidence_interval":{"confidence_level":0.95,"lower_bound":-0.005556960157951596,"upper_bound":-0.00337308761955879},"point_estimate":-0.004686997378634317,"standard_error":0.0005844251911682198}}