{"mean":{"confidence_interval":{"confidence_level":0.95,"lower_bound":0.004133542677790242,"upper_bound":0.0091251072800492},"point_estimate":0.00626978824896085,"standard_error":0.0013317499916052824},"median":{"confidence_interval":{"confidence_level":0.95,"lower_bound":0.0038716704630343823,"upper_bound":0.005457227112490193},"point_estimate":0.00466577055092432,"standard_error":0.0004061957902493362}}