{"mean":{"confidence_interval":{"confidence_level":0.95,"lower_bound":-0.018989628585775523,"upper_bound":0.004927772291027731},"point_estimate":-0.007112740505967885,"standard_error":0.0061076604118150395},"median":{"confidence_interval":{"confidence_level":0.95,"lower_bound":-0.0010611371755582049,"upper_bound":-0.0002718212666847908},"point_estimate":-0.0007027378935645645,"standard_error":0.0002026056969765953}}