{"mean":{"confidence_interval":{"confidence_level":0.95,"lower_bound":0.0069074544671438205,"upper_bound":0.02276802657822774},"point_estimate":0.013388977099983101,"standard_error":0.003938222342295753},"median":{"confidence_interval":{"confidence_level":0.95,"lower_bound":0.0005446829128339381,"upper_bound":0.0013269658567036657},"point_estimate":0.0010509322009664146,"standard_error":0.00019500301968742494}}