{"mean":{"confidence_interval":{"confidence_level":0.95,"lower_bound":-0.0022433363758528418,"upper_bound":0.0025300157244602163},"point_estimate":0.0002644594820628843,"standard_error":0.001202205276485928},"median":{"confidence_interval":{"confidence_level":0.95,"lower_bound":3.6710587782984305e-6,"upper_bound":0.0011150807470559077},"point_estimate":0.000519540233011595,"standard_error":0.0002872609566733139}}