{"mean":{"confidence_interval":{"confidence_level":0.95,"lower_bound":-0.002000556702472511,"upper_bound":0.0002257624522934594},"point_estimate":-0.0008112529299801885,"standard_error":0.0005643631979427795},"median":{"confidence_interval":{"confidence_level":0.95,"lower_bound":-0.0009815711455929688,"upper_bound":0.0007097593381946155},"point_estimate":-0.00028554086194432227,"standard_error":0.0004146365212532112}}