{"mean":{"confidence_interval":{"confidence_level":0.95,"lower_bound":-0.04151140456073536,"upper_bound":-0.02754003626102725},"point_estimate":-0.03490068871693297,"standard_error":0.0035809589606310105},"median":{"confidence_interval":{"confidence_level":0.95,"lower_bound":-0.044493545403754386,"upper_bound":-0.04371025937241768},"point_estimate":-0.04410304502559148,"standard_error":0.00017792864042641754}}