{"mean":{"confidence_interval":{"confidence_level":0.95,"lower_bound":-0.01792072093786208,"upper_bound":-0.004044635869243969},"point_estimate":-0.010427298340513036,"standard_error":0.00354515975536196},"median":{"confidence_interval":{"confidence_level":0.95,"lower_bound":-0.000832649777382523,"upper_bound":0.000043329484932908},"point_estimate":-0.00033616634127953127,"standard_error":0.00019218612498195003}}