{"mean":{"confidence_interval":{"confidence_level":0.95,"lower_bound":0.002925399962393461,"upper_bound":0.006236962305482979},"point_estimate":0.004535856601006305,"standard_error":0.0008399225511330834},"median":{"confidence_interval":{"confidence_level":0.95,"lower_bound":0.0005752730198147482,"upper_bound":0.004103141493611684},"point_estimate":0.0013893677768259671,"standard_error":0.0012034139433550136}}