{"mean":{"confidence_interval":{"confidence_level":0.95,"lower_bound":-0.004109325987470771,"upper_bound":0.0023042720767792453},"point_estimate":-0.00033308609029902847,"standard_error":0.0016658052685441303},"median":{"confidence_interval":{"confidence_level":0.95,"lower_bound":0.0005236975770082086,"upper_bound":0.00188036907692397},"point_estimate":0.0011064808391965109,"standard_error":0.0003096343178777665}}