{"mean":{"confidence_interval":{"confidence_level":0.95,"lower_bound":-0.007421582562822498,"upper_bound":-0.001457233580258116},"point_estimate":-0.004193291799993837,"standard_error":0.001518998087078886},"median":{"confidence_interval":{"confidence_level":0.95,"lower_bound":-0.004007017587491113,"upper_bound":-0.0017244891785322958},"point_estimate":-0.0030290098555422196,"standard_error":0.0006080651568783232}}