{"mean":{"confidence_interval":{"confidence_level":0.95,"lower_bound":0.0003185237596942559,"upper_bound":0.006365110592068577},"point_estimate":0.002946690329084234,"standard_error":0.0016322047644866465},"median":{"confidence_interval":{"confidence_level":0.95,"lower_bound":0.00021725754171818132,"upper_bound":0.0018585887904079001},"point_estimate":0.0012589970838838838,"standard_error":0.000349450779831957}}