{"mean":{"confidence_interval":{"confidence_level":0.95,"lower_bound":-0.04186860314607887,"upper_bound":-0.013804898849060223},"point_estimate":-0.027032718513354648,"standard_error":0.007199413108794527},"median":{"confidence_interval":{"confidence_level":0.95,"lower_bound":-0.0010347012937563793,"upper_bound":0.00006899096078116784},"point_estimate":-0.00040413840040531834,"standard_error":0.0002845315409510276}}