{"mean":{"confidence_interval":{"confidence_level":0.95,"lower_bound":1994.4808544848543,"upper_bound":2030.5577921465392},"point_estimate":2012.3808124298064,"standard_error":9.210759339043568},"median":{"confidence_interval":{"confidence_level":0.95,"lower_bound":2001.1429902775678,"upper_bound":2052.6404169395328},"point_estimate":2045.8688814749148,"standard_error":15.286980462008442},"median_abs_dev":{"confidence_interval":{"confidence_level":0.95,"lower_bound":73.45580904990153,"upper_bound":130.32383912376037},"point_estimate":107.3768214511264,"standard_error":15.066477750150407},"slope":{"confidence_interval":{"confidence_level":0.95,"lower_bound":1949.9135241008225,"upper_bound":1995.3269698739714},"point_estimate":1971.6800321274834,"standard_error":11.654435772014699},"std_dev":{"confidence_interval":{"confidence_level":0.95,"lower_bound":80.72036162161957,"upper_bound":103.75689079820532},"point_estimate":92.1591120230077,"standard_error":5.9249484451203145}}