{"mean":{"confidence_interval":{"confidence_level":0.95,"lower_bound":2008.4483221945468,"upper_bound":2027.0451923392209},"point_estimate":2017.4767064712237,"standard_error":4.7436474081729},"median":{"confidence_interval":{"confidence_level":0.95,"lower_bound":1989.2117341106537,"upper_bound":2025.2819011692468},"point_estimate":2016.0971099322887,"standard_error":9.398217516880147},"median_abs_dev":{"confidence_interval":{"confidence_level":0.95,"lower_bound":28.39681083638775,"upper_bound":66.42154599110384},"point_estimate":52.95626066520291,"standard_error":9.75459594302265},"slope":{"confidence_interval":{"confidence_level":0.95,"lower_bound":2013.8611612941856,"upper_bound":2040.1941347987524},"point_estimate":2026.3401943101994,"standard_error":6.6874781699166475},"std_dev":{"confidence_interval":{"confidence_level":0.95,"lower_bound":39.40149616375318,"upper_bound":56.200502072593125},"point_estimate":47.74198959808184,"standard_error":4.312140252422987}}