{"mean":{"confidence_interval":{"confidence_level":0.95,"lower_bound":-0.007036315862076972,"upper_bound":-0.001835673305692427},"point_estimate":-0.003990967156139447,"standard_error":0.0013541649282166593},"median":{"confidence_interval":{"confidence_level":0.95,"lower_bound":-0.001990970399934344,"upper_bound":-0.0009376119206254696},"point_estimate":-0.001412968097612044,"standard_error":0.00026111507873653945}}