{"mean":{"confidence_interval":{"confidence_level":0.95,"lower_bound":-0.01904571137981989,"upper_bound":-0.004514785904117427},"point_estimate":-0.011284209189250216,"standard_error":0.0037372999761734363},"median":{"confidence_interval":{"confidence_level":0.95,"lower_bound":-0.00007894823425280695,"upper_bound":0.00038026432847256247},"point_estimate":0.00016684624874963028,"standard_error":0.0001142725596009163}}