{"mean":{"confidence_interval":{"confidence_level":0.95,"lower_bound":-0.0009911553129595685,"upper_bound":0.0007833612893109788},"point_estimate":-0.00010613213192389725,"standard_error":0.0004488209888226867},"median":{"confidence_interval":{"confidence_level":0.95,"lower_bound":-0.000395588790561896,"upper_bound":0.00007043551232599476},"point_estimate":-0.00013670229974760417,"standard_error":0.00012120134831084691}}