{"mean":{"confidence_interval":{"confidence_level":0.95,"lower_bound":-0.003976114937018124,"upper_bound":-0.0018712825928996646},"point_estimate":-0.002854154639578166,"standard_error":0.0005362282431646114},"median":{"confidence_interval":{"confidence_level":0.95,"lower_bound":-0.003912343437469823,"upper_bound":-0.002946063312084027},"point_estimate":-0.003519113789168471,"standard_error":0.0002507684306325999}}