{"mean":{"confidence_interval":{"confidence_level":0.95,"lower_bound":-0.00152896545929318,"upper_bound":0.00045850396514660556},"point_estimate":-0.0004927044919361689,"standard_error":0.0005068036302628108},"median":{"confidence_interval":{"confidence_level":0.95,"lower_bound":-0.00022258828645882467,"upper_bound":0.0003498128503016673},"point_estimate":0.000057777276865955685,"standard_error":0.0001484786030712958}}