{"mean":{"confidence_interval":{"confidence_level":0.95,"lower_bound":0.1395708743443263,"upper_bound":0.1434271738954476},"point_estimate":0.14150180296715842,"standard_error":0.000992270025777262},"median":{"confidence_interval":{"confidence_level":0.95,"lower_bound":0.13572734123495933,"upper_bound":0.13938328528467103},"point_estimate":0.1362195707378806,"standard_error":0.0010239107801482414}}