{"mean":{"confidence_interval":{"confidence_level":0.95,"lower_bound":-0.0010852881807000636,"upper_bound":0.0006738050176824992},"point_estimate":-0.00024373968282132008,"standard_error":0.0004473766358791818},"median":{"confidence_interval":{"confidence_level":0.95,"lower_bound":-0.00016198540581502385,"upper_bound":0.0004714110672943139},"point_estimate":0.00019918233567484123,"standard_error":0.00016014897972417642}}