{"mean":{"confidence_interval":{"confidence_level":0.95,"lower_bound":-0.00884846959120059,"upper_bound":-0.002336324345869701},"point_estimate":-0.005051981852397414,"standard_error":0.0016991935340363957},"median":{"confidence_interval":{"confidence_level":0.95,"lower_bound":-0.003577199206282522,"upper_bound":-0.0020006710021110985},"point_estimate":-0.002939208040175667,"standard_error":0.0003918523794765009}}