{"mean":{"confidence_interval":{"confidence_level":0.95,"lower_bound":-0.00015392479363574843,"upper_bound":0.0008138041295539346},"point_estimate":0.00035658440685693016,"standard_error":0.000246700095492992},"median":{"confidence_interval":{"confidence_level":0.95,"lower_bound":0.0002490678113544753,"upper_bound":0.000638174430976024},"point_estimate":0.00046214268965316663,"standard_error":0.00010187022800184635}}