{"mean":{"confidence_interval":{"confidence_level":0.95,"lower_bound":-0.00023763145396320506,"upper_bound":0.0015289157733373582},"point_estimate":0.0005719342975649688,"standard_error":0.00044757527901584897},"median":{"confidence_interval":{"confidence_level":0.95,"lower_bound":-0.00009385035224795946,"upper_bound":0.0005526556689090523},"point_estimate":0.000201062547555253,"standard_error":0.00015731509685638995}}