{"mean":{"confidence_interval":{"confidence_level":0.95,"lower_bound":-0.00020620648981678748,"upper_bound":0.002990148890563371},"point_estimate":0.0011489005815188413,"standard_error":0.0008059698955282786},"median":{"confidence_interval":{"confidence_level":0.95,"lower_bound":-0.00048340103816080227,"upper_bound":0.00017335715046051803},"point_estimate":-0.00021389806264648925,"standard_error":0.00016668106991978818}}