{"mean":{"confidence_interval":{"confidence_level":0.95,"lower_bound":-0.12738221653917875,"upper_bound":-0.12421937470501951},"point_estimate":-0.12588317156782036,"standard_error":0.0008086092456871147},"median":{"confidence_interval":{"confidence_level":0.95,"lower_bound":-0.13036491812598983,"upper_bound":-0.12999183544483262},"point_estimate":-0.13015795478428116,"standard_error":0.0001046339939910732}}