{"mean":{"confidence_interval":{"confidence_level":0.95,"lower_bound":-0.12484484189127032,"upper_bound":-0.12186327518351724},"point_estimate":-0.1233629352125577,"standard_error":0.0007610854775288953},"median":{"confidence_interval":{"confidence_level":0.95,"lower_bound":-0.12168649355594297,"upper_bound":-0.11910900752067144},"point_estimate":-0.11953152025680003,"standard_error":0.000738756578357158}}