{"mean":{"confidence_interval":{"confidence_level":0.95,"lower_bound":-0.0013989166794954931,"upper_bound":0.0017417551436972978},"point_estimate":-0.00007689443239378146,"standard_error":0.0007917235202441828},"median":{"confidence_interval":{"confidence_level":0.95,"lower_bound":-0.00034283342194962874,"upper_bound":0.0002778150584039629},"point_estimate":-0.000043065967198940847,"standard_error":0.0001562414048367289}}