{"mean":{"confidence_interval":{"confidence_level":0.95,"lower_bound":0.004960541903719767,"upper_bound":0.01986526735538165},"point_estimate":0.011452134197889707,"standard_error":0.003817999355801612},"median":{"confidence_interval":{"confidence_level":0.95,"lower_bound":-0.0004519371659875704,"upper_bound":0.0004065956181482644},"point_estimate":0.00006480706379030643,"standard_error":0.00021187160022923598}}