{"mean":{"confidence_interval":{"confidence_level":0.95,"lower_bound":-0.013629083123639606,"upper_bound":-0.0006862590823285661},"point_estimate":-0.006198487900670457,"standard_error":0.003362925820417205},"median":{"confidence_interval":{"confidence_level":0.95,"lower_bound":-0.000026687661958235687,"upper_bound":0.00024660808261955935},"point_estimate":0.0001039694412083847,"standard_error":0.00007229072334542738}}