{"mean":{"confidence_interval":{"confidence_level":0.95,"lower_bound":52.88261133823773,"upper_bound":53.05553062962325},"point_estimate":52.95324413608207,"standard_error":0.04514181649515621},"median":{"confidence_interval":{"confidence_level":0.95,"lower_bound":52.83215940089606,"upper_bound":52.96493464172523},"point_estimate":52.90530942376843,"standard_error":0.03814328932017898},"median_abs_dev":{"confidence_interval":{"confidence_level":0.95,"lower_bound":0.13466330393395531,"upper_bound":0.2381967293149519},"point_estimate":0.18915204594406146,"standard_error":0.024581870224120974},"slope":{"confidence_interval":{"confidence_level":0.95,"lower_bound":52.84360782062381,"upper_bound":52.980926221251835},"point_estimate":52.90509090607012,"standard_error":0.03518398708512444},"std_dev":{"confidence_interval":{"confidence_level":0.95,"lower_bound":0.15642286333375302,"upper_bound":0.7280878135357659},"point_estimate":0.4532263931488669,"standard_error":0.17858737832575575}}