{"mean":{"confidence_interval":{"confidence_level":0.95,"lower_bound":-0.06250604727453402,"upper_bound":-0.008836336303259265},"point_estimate":-0.03609470058331232,"standard_error":0.013611338408111599},"median":{"confidence_interval":{"confidence_level":0.95,"lower_bound":-0.06591180307954914,"upper_bound":0.06771705379200288},"point_estimate":0.027054225164561574,"standard_error":0.0359996603794162}}