{"mean":{"confidence_interval":{"confidence_level":0.95,"lower_bound":-0.05292296839863518,"upper_bound":-0.02061495128467013},"point_estimate":-0.03701451582182469,"standard_error":0.008216991123104598},"median":{"confidence_interval":{"confidence_level":0.95,"lower_bound":-0.047719321679776217,"upper_bound":0.009587496889910927},"point_estimate":-0.04082372801506862,"standard_error":0.020367814658541074}}