{"mean":{"confidence_interval":{"confidence_level":0.95,"lower_bound":-0.1232085987796114,"upper_bound":-0.08647097883614836},"point_estimate":-0.10506890799545321,"standard_error":0.009379162419366396},"median":{"confidence_interval":{"confidence_level":0.95,"lower_bound":-0.16499502389955745,"upper_bound":-0.11951481372424044},"point_estimate":-0.16135909578498564,"standard_error":0.012596307276254676}}