{"mean":{"confidence_interval":{"confidence_level":0.95,"lower_bound":0.023934509489867847,"upper_bound":0.05214155202973716},"point_estimate":0.03791293181547006,"standard_error":0.0072183712401820985},"median":{"confidence_interval":{"confidence_level":0.95,"lower_bound":0.008907334093094743,"upper_bound":0.02679930143944742},"point_estimate":0.019332537939691807,"standard_error":0.004789731664791061}}