{"mean":{"confidence_interval":{"confidence_level":0.95,"lower_bound":0.047217739433917695,"upper_bound":0.0720116413104914},"point_estimate":0.05970401189226604,"standard_error":0.006313147486093616},"median":{"confidence_interval":{"confidence_level":0.95,"lower_bound":0.08397351487407301,"upper_bound":0.10409818217371836},"point_estimate":0.0968327795445798,"standard_error":0.005379244207824401}}