{"mean":{"confidence_interval":{"confidence_level":0.95,"lower_bound":-0.021373261946425273,"upper_bound":0.019527166625204904},"point_estimate":-0.000228216491713229,"standard_error":0.010475359522117228},"median":{"confidence_interval":{"confidence_level":0.95,"lower_bound":-0.014085793434248983,"upper_bound":0.05281363598843326},"point_estimate":0.04217364422204262,"standard_error":0.02131975694885663}}