{"mean":{"confidence_interval":{"confidence_level":0.95,"lower_bound":0.013816129287489091,"upper_bound":0.0493236264501},"point_estimate":0.03151147254207465,"standard_error":0.00905747990253397},"median":{"confidence_interval":{"confidence_level":0.95,"lower_bound":-0.02090019701114343,"upper_bound":0.1247630781191651},"point_estimate":0.026876444688389345,"standard_error":0.04661933454184657}}