{"mean":{"confidence_interval":{"confidence_level":0.95,"lower_bound":0.30163328224503616,"upper_bound":0.4374933256004691},"point_estimate":0.3690462412604396,"standard_error":0.03378273737768744},"median":{"confidence_interval":{"confidence_level":0.95,"lower_bound":0.22241451026414288,"upper_bound":0.43466174653766987},"point_estimate":0.32947369462426934,"standard_error":0.04622501722622094}}