{"mean":{"confidence_interval":{"confidence_level":0.95,"lower_bound":0.07505033645436547,"upper_bound":0.10625544025098843},"point_estimate":0.09109735232139693,"standard_error":0.007972299251888968},"median":{"confidence_interval":{"confidence_level":0.95,"lower_bound":0.11115705547960286,"upper_bound":0.1425123533983892},"point_estimate":0.12048146679713456,"standard_error":0.009541427349037878}}