{"mean":{"confidence_interval":{"confidence_level":0.95,"lower_bound":-0.5596713575985619,"upper_bound":-0.5423500310663598},"point_estimate":-0.5504640001663987,"standard_error":0.0044538527881271646},"median":{"confidence_interval":{"confidence_level":0.95,"lower_bound":-0.5839630440786177,"upper_bound":-0.5529426196929361},"point_estimate":-0.5749007635926608,"standard_error":0.00708235487383759}}