{"mean":{"confidence_interval":{"confidence_level":0.95,"lower_bound":-0.03041030578091902,"upper_bound":0.011179704992933427},"point_estimate":-0.009867415865650764,"standard_error":0.01053181536668264},"median":{"confidence_interval":{"confidence_level":0.95,"lower_bound":-0.09031771618298934,"upper_bound":-0.015857995612210025},"point_estimate":-0.05716885043159681,"standard_error":0.021863992893125142}}