{"mean":{"confidence_interval":{"confidence_level":0.95,"lower_bound":-0.009699588701133865,"upper_bound":0.010251926451798487},"point_estimate":0.0005117657508391105,"standard_error":0.005112265214867952},"median":{"confidence_interval":{"confidence_level":0.95,"lower_bound":-0.015908990606012474,"upper_bound":-0.007691051685528971},"point_estimate":-0.009497399325288702,"standard_error":0.0025809354513483805}}