{"mean":{"confidence_interval":{"confidence_level":0.95,"lower_bound":0.012300569314101173,"upper_bound":0.047906436125892904},"point_estimate":0.030525315308342904,"standard_error":0.009003096580534834},"median":{"confidence_interval":{"confidence_level":0.95,"lower_bound":-0.0032271869929573205,"upper_bound":0.014547236629374627},"point_estimate":0.005101377029867571,"standard_error":0.004869291790288623}}