{"mean":{"confidence_interval":{"confidence_level":0.95,"lower_bound":-0.018454949684773295,"upper_bound":0.007676528778701577},"point_estimate":-0.005248840268629373,"standard_error":0.006662529059287947},"median":{"confidence_interval":{"confidence_level":0.95,"lower_bound":-0.01656660446136382,"upper_bound":0.044154564362942184},"point_estimate":0.02427593938083672,"standard_error":0.019701248202266763}}