{"mean":{"confidence_interval":{"confidence_level":0.95,"lower_bound":0.017910518610612106,"upper_bound":0.06223268323008793},"point_estimate":0.03985718821028561,"standard_error":0.011272078140716454},"median":{"confidence_interval":{"confidence_level":0.95,"lower_bound":0.031444556814909985,"upper_bound":0.15351736135344463},"point_estimate":0.08364385681087771,"standard_error":0.03145966907224348}}