{"mean":{"confidence_interval":{"confidence_level":0.95,"lower_bound":-0.06423130669804963,"upper_bound":-0.014116281693212858},"point_estimate":-0.039601544142479184,"standard_error":0.012824390780721643},"median":{"confidence_interval":{"confidence_level":0.95,"lower_bound":-0.1273465064843703,"upper_bound":0.017663672779450135},"point_estimate":-0.0411694183548067,"standard_error":0.03787479212106722}}