{"mean":{"confidence_interval":{"confidence_level":0.95,"lower_bound":0.00040028609394070143,"upper_bound":0.04871421086483832},"point_estimate":0.023375318407938384,"standard_error":0.012177007856237028},"median":{"confidence_interval":{"confidence_level":0.95,"lower_bound":-0.04363159104791903,"upper_bound":0.09232098853466031},"point_estimate":0.005303471896655587,"standard_error":0.03153002528180655}}