{"mean":{"confidence_interval":{"confidence_level":0.95,"lower_bound":0.10157444097658098,"upper_bound":0.13412892698278675},"point_estimate":0.11809217782245218,"standard_error":0.00829910945170538},"median":{"confidence_interval":{"confidence_level":0.95,"lower_bound":0.13121970850882825,"upper_bound":0.17185023391715992},"point_estimate":0.16403051872294028,"standard_error":0.009373188422399242}}