{"mean":{"confidence_interval":{"confidence_level":0.95,"lower_bound":0.12950353086163105,"upper_bound":0.18390742709596386},"point_estimate":0.15908313864000467,"standard_error":0.013713865936785237},"median":{"confidence_interval":{"confidence_level":0.95,"lower_bound":0.12494468847341333,"upper_bound":0.18141214643690273},"point_estimate":0.1602070050097375,"standard_error":0.013767411874001531}}