{"mean":{"confidence_interval":{"confidence_level":0.95,"lower_bound":-0.0529753358900813,"upper_bound":-0.010544468239925041},"point_estimate":-0.0322157863365633,"standard_error":0.010794666062513067},"median":{"confidence_interval":{"confidence_level":0.95,"lower_bound":-0.05816303411392776,"upper_bound":0.018288277834569655},"point_estimate":-0.015183161006509183,"standard_error":0.017476036326707342}}