{"mean":{"confidence_interval":{"confidence_level":0.95,"lower_bound":0.03541249021434514,"upper_bound":0.09663352263939058},"point_estimate":0.06585798099251616,"standard_error":0.01533628778508271},"median":{"confidence_interval":{"confidence_level":0.95,"lower_bound":0.024767009618050118,"upper_bound":0.18761202172255764},"point_estimate":0.07129800689175769,"standard_error":0.043613693882014234}}