{"mean":{"confidence_interval":{"confidence_level":0.95,"lower_bound":-0.11551046887665398,"upper_bound":-0.082120716291822},"point_estimate":-0.09892331618590922,"standard_error":0.00855193787999591},"median":{"confidence_interval":{"confidence_level":0.95,"lower_bound":-0.16011183019157005,"upper_bound":-0.1511194263102218},"point_estimate":-0.15255842474454617,"standard_error":0.002714073488181067}}