{"mean":{"confidence_interval":{"confidence_level":0.95,"lower_bound":0.05404155605120145,"upper_bound":0.08789796423009531},"point_estimate":0.07021522336032171,"standard_error":0.00859822733670171},"median":{"confidence_interval":{"confidence_level":0.95,"lower_bound":0.08293941628487667,"upper_bound":0.10863289563727552},"point_estimate":0.09596308103344975,"standard_error":0.00595202417519562}}