{"mean":{"confidence_interval":{"confidence_level":0.95,"lower_bound":0.02475587648687294,"upper_bound":0.06143828086352237},"point_estimate":0.04393452363718686,"standard_error":0.009309254434987625},"median":{"confidence_interval":{"confidence_level":0.95,"lower_bound":0.02880923104418276,"upper_bound":0.08868514779297465},"point_estimate":0.08673284424295025,"standard_error":0.016327808961453378}}