{"mean":{"confidence_interval":{"confidence_level":0.95,"lower_bound":-0.07338659693863588,"upper_bound":-0.028130095656122463},"point_estimate":-0.05083529344912108,"standard_error":0.011563843420488681},"median":{"confidence_interval":{"confidence_level":0.95,"lower_bound":-0.1278291324298857,"upper_bound":-0.07842391757845672},"point_estimate":-0.08598651753296804,"standard_error":0.014524518887620847}}