{"mean":{"confidence_interval":{"confidence_level":0.95,"lower_bound":-0.1455606686483031,"upper_bound":-0.10853148913434024},"point_estimate":-0.12655169529466959,"standard_error":0.009460115793193235},"median":{"confidence_interval":{"confidence_level":0.95,"lower_bound":-0.12942453461336392,"upper_bound":-0.0788438809497255},"point_estimate":-0.10873475804918087,"standard_error":0.013566620094561515}}