{"mean":{"confidence_interval":{"confidence_level":0.95,"lower_bound":-0.06106100666925564,"upper_bound":-0.03467167699758559},"point_estimate":-0.04881367620771526,"standard_error":0.006758155583985072},"median":{"confidence_interval":{"confidence_level":0.95,"lower_bound":-0.07879328781558359,"upper_bound":-0.057993322029825656},"point_estimate":-0.06801395890777706,"standard_error":0.005602817177444213}}