{"mean":{"confidence_interval":{"confidence_level":0.95,"lower_bound":-0.10442681420714965,"upper_bound":-0.05650816985974699},"point_estimate":-0.0809629487142911,"standard_error":0.012317171520599217},"median":{"confidence_interval":{"confidence_level":0.95,"lower_bound":-0.13671019556189945,"upper_bound":-0.08802561751000126},"point_estimate":-0.12581085089575206,"standard_error":0.01255756327975671}}