{"mean":{"confidence_interval":{"confidence_level":0.95,"lower_bound":-0.014147643616813234,"upper_bound":0.002682942049577115},"point_estimate":-0.0052694128862639245,"standard_error":0.004313061592617893},"median":{"confidence_interval":{"confidence_level":0.95,"lower_bound":0.010286288953304634,"upper_bound":0.010831214186266314},"point_estimate":0.010592642288933307,"standard_error":0.00014058531402981852}}