{"mean":{"confidence_interval":{"confidence_level":0.95,"lower_bound":0.0019122747612956184,"upper_bound":0.003252605202972685},"point_estimate":0.002527495462477658,"standard_error":0.00034417127566349013},"median":{"confidence_interval":{"confidence_level":0.95,"lower_bound":0.0017393652973998197,"upper_bound":0.0031127978891920868},"point_estimate":0.0024810058611051122,"standard_error":0.00031403834229143157}}