{"mean":{"confidence_interval":{"confidence_level":0.95,"lower_bound":-0.003150353119930588,"upper_bound":-0.0013542262166483469},"point_estimate":-0.0021648929722903887,"standard_error":0.000459321463705339},"median":{"confidence_interval":{"confidence_level":0.95,"lower_bound":-0.0018117922694316554,"upper_bound":-0.0003685885149157242},"point_estimate":-0.0006942577630244529,"standard_error":0.00039023675005736905}}