{"mean":{"confidence_interval":{"confidence_level":0.95,"lower_bound":-0.010964381799743926,"upper_bound":-0.009058583226803656},"point_estimate":-0.010065488225536878,"standard_error":0.0004803188727808249},"median":{"confidence_interval":{"confidence_level":0.95,"lower_bound":-0.01186034232416644,"upper_bound":-0.010073171566962372},"point_estimate":-0.011278783883849175,"standard_error":0.0004663807219969166}}