{"mean":{"confidence_interval":{"confidence_level":0.95,"lower_bound":-0.000635601522863699,"upper_bound":0.00029304418553063866},"point_estimate":-0.00014053276071224197,"standard_error":0.00023734163659977917},"median":{"confidence_interval":{"confidence_level":0.95,"lower_bound":-0.00040862697342936016,"upper_bound":0.000492394809053387},"point_estimate":0.000032324228948832356,"standard_error":0.0002484862893538664}}