{"mean":{"confidence_interval":{"confidence_level":0.95,"lower_bound":-0.0004059422518622485,"upper_bound":0.0027543292413597796},"point_estimate":0.0012694698356530143,"standard_error":0.000806834981879073},"median":{"confidence_interval":{"confidence_level":0.95,"lower_bound":0.002063411310073926,"upper_bound":0.004722949410408317},"point_estimate":0.003178591835090838,"standard_error":0.0007203911718302215}}