{"mean":{"confidence_interval":{"confidence_level":0.95,"lower_bound":-0.006479775078308647,"upper_bound":-0.00442403555161372},"point_estimate":-0.0054120022529468015,"standard_error":0.0005236606052904195},"median":{"confidence_interval":{"confidence_level":0.95,"lower_bound":-0.006031356459235027,"upper_bound":-0.004005087288934117},"point_estimate":-0.005144879987622697,"standard_error":0.0006292737944992839}}