{"mean":{"confidence_interval":{"confidence_level":0.95,"lower_bound":-0.01082899901011992,"upper_bound":-0.008864763752937812},"point_estimate":-0.009888922240420817,"standard_error":0.000494039697937156},"median":{"confidence_interval":{"confidence_level":0.95,"lower_bound":-0.010578611325074982,"upper_bound":-0.010070014556831985},"point_estimate":-0.010335558343728013,"standard_error":0.00012714639348459389}}