{"mean":{"confidence_interval":{"confidence_level":0.95,"lower_bound":9.76164320746641,"upper_bound":9.826560192770517},"point_estimate":9.797825123283596,"standard_error":0.016692542183839854},"median":{"confidence_interval":{"confidence_level":0.95,"lower_bound":9.8197174325257,"upper_bound":9.826760760962364},"point_estimate":9.823432422639996,"standard_error":0.0017766025282269983}}