{"mean":{"confidence_interval":{"confidence_level":0.95,"lower_bound":-0.0070167530149186814,"upper_bound":0.001704063198718345},"point_estimate":-0.003079967601187006,"standard_error":0.00222427455439942},"median":{"confidence_interval":{"confidence_level":0.95,"lower_bound":-0.009381438787256864,"upper_bound":-0.00729056702432318},"point_estimate":-0.00807640137262644,"standard_error":0.0005424668042146012}}