{"mean":{"confidence_interval":{"confidence_level":0.95,"lower_bound":-0.00023313861096150847,"upper_bound":0.002002910286079867},"point_estimate":0.0007729204543922563,"standard_error":0.0005687792678005851},"median":{"confidence_interval":{"confidence_level":0.95,"lower_bound":0.0002565749754572799,"upper_bound":0.0019214669963198983},"point_estimate":0.0011819957504082268,"standard_error":0.0004248600783677967}}