{"mean":{"confidence_interval":{"confidence_level":0.95,"lower_bound":-0.0708778733334048,"upper_bound":-0.01181726458637393},"point_estimate":-0.037592677714248124,"standard_error":0.015352503152980524},"median":{"confidence_interval":{"confidence_level":0.95,"lower_bound":-0.0069053741699925805,"upper_bound":-0.0038331306711779905},"point_estimate":-0.005744561317794217,"standard_error":0.0008765294064478474}}