{"mean":{"confidence_interval":{"confidence_level":0.95,"lower_bound":0.0028253860913502516,"upper_bound":0.005730395284534356},"point_estimate":0.004096826629638839,"standard_error":0.0007398439458942955},"median":{"confidence_interval":{"confidence_level":0.95,"lower_bound":0.0009654793657674077,"upper_bound":0.004110118724516942},"point_estimate":0.0024284534964531534,"standard_error":0.0008247094330803706}}