{"mean":{"confidence_interval":{"confidence_level":0.95,"lower_bound":-0.0016130814165621094,"upper_bound":0.0001483365389043023},"point_estimate":-0.0007513138478061343,"standard_error":0.00044943047491833964},"median":{"confidence_interval":{"confidence_level":0.95,"lower_bound":-0.0009519192398653731,"upper_bound":-0.00027762955439947223},"point_estimate":-0.0005848867580648953,"standard_error":0.0001767853586152288}}