{"mean":{"confidence_interval":{"confidence_level":0.95,"lower_bound":-0.0013304004807867698,"upper_bound":0.0008689219289910896},"point_estimate":-0.0002757756925259036,"standard_error":0.0005555384505754247},"median":{"confidence_interval":{"confidence_level":0.95,"lower_bound":-0.00032898543252046775,"upper_bound":0.00022824081407312108},"point_estimate":-0.00001487718809378702,"standard_error":0.00014171623019455578}}