{"mean":{"confidence_interval":{"confidence_level":0.95,"lower_bound":-0.007771806040210682,"upper_bound":-0.0059783636010854796},"point_estimate":-0.006953657601588947,"standard_error":0.00045472097770935806},"median":{"confidence_interval":{"confidence_level":0.95,"lower_bound":-0.008687962237433304,"upper_bound":-0.007492981123699005},"point_estimate":-0.008059324124945033,"standard_error":0.0003031381977239308}}