{"mean":{"confidence_interval":{"confidence_level":0.95,"lower_bound":-0.004412661428235535,"upper_bound":0.01384201905302312},"point_estimate":0.004740936541126617,"standard_error":0.004490682163271688},"median":{"confidence_interval":{"confidence_level":0.95,"lower_bound":-0.011032446664150103,"upper_bound":-0.01028126623137493},"point_estimate":-0.010631490570062407,"standard_error":0.000203972992862521}}