{"mean":{"confidence_interval":{"confidence_level":0.95,"lower_bound":-0.0003317961039031757,"upper_bound":0.0009465906477802041},"point_estimate":0.0002495510347226837,"standard_error":0.00032622213087182367},"median":{"confidence_interval":{"confidence_level":0.95,"lower_bound":-0.00041974997092908417,"upper_bound":0.00004263589940259286},"point_estimate":-0.00022034847961560633,"standard_error":0.0001180673538289234}}