{"mean":{"confidence_interval":{"confidence_level":0.95,"lower_bound":0.015236204769124762,"upper_bound":0.018532474579990937},"point_estimate":0.0170623350711272,"standard_error":0.0008431412271073523},"median":{"confidence_interval":{"confidence_level":0.95,"lower_bound":0.016003086139914302,"upper_bound":0.018024533846248136},"point_estimate":0.016974002297018176,"standard_error":0.0005678332516635364}}