{"mean":{"confidence_interval":{"confidence_level":0.95,"lower_bound":-0.0018080112372259565,"upper_bound":-0.0004310624453113451},"point_estimate":-0.0011043930641083666,"standard_error":0.0003510773728499733},"median":{"confidence_interval":{"confidence_level":0.95,"lower_bound":-0.0019624445173554994,"upper_bound":-0.0005669695182712987},"point_estimate":-0.001345480652072295,"standard_error":0.0003440214164261967}}