{"mean":{"confidence_interval":{"confidence_level":0.95,"lower_bound":-0.006136164233661812,"upper_bound":-0.002142210450047151},"point_estimate":-0.004181957393543212,"standard_error":0.0010101967147958255},"median":{"confidence_interval":{"confidence_level":0.95,"lower_bound":-0.004454014841470788,"upper_bound":-0.002031259624282411},"point_estimate":-0.003364753832098333,"standard_error":0.000637339053374961}}