{"mean":{"confidence_interval":{"confidence_level":0.95,"lower_bound":-0.03070585716064126,"upper_bound":-0.003673505092666979},"point_estimate":-0.013909560189006576,"standard_error":0.007477174182141526},"median":{"confidence_interval":{"confidence_level":0.95,"lower_bound":-0.0013199305190103594,"upper_bound":0.00007906491061171472},"point_estimate":-0.0003547435948703104,"standard_error":0.00035578881959620785}}