{"mean":{"confidence_interval":{"confidence_level":0.95,"lower_bound":0.004428466402491344,"upper_bound":0.04200955981504004},"point_estimate":0.02286472095823089,"standard_error":0.009613800614700541},"median":{"confidence_interval":{"confidence_level":0.95,"lower_bound":-0.036499174101696896,"upper_bound":0.03162666510220169},"point_estimate":-0.019125524693031415,"standard_error":0.016540718005234517}}