{"mean":{"confidence_interval":{"confidence_level":0.95,"lower_bound":0.014099119835034462,"upper_bound":0.05574316313836395},"point_estimate":0.03635559935641863,"standard_error":0.01059251098561802},"median":{"confidence_interval":{"confidence_level":0.95,"lower_bound":0.0017190034460421444,"upper_bound":0.07808815018250694},"point_estimate":0.020297324796786143,"standard_error":0.024685985132268225}}