{"mean":{"confidence_interval":{"confidence_level":0.95,"lower_bound":-0.05643139172433149,"upper_bound":-0.025433212739240495},"point_estimate":-0.04120197854438934,"standard_error":0.007918827356075108},"median":{"confidence_interval":{"confidence_level":0.95,"lower_bound":-0.07650526628301024,"upper_bound":-0.04310655091630744},"point_estimate":-0.07510648484295146,"standard_error":0.008568784092531314}}