{"mean":{"confidence_interval":{"confidence_level":0.95,"lower_bound":0.09168959747894675,"upper_bound":0.14884512511193315},"point_estimate":0.11986029905879225,"standard_error":0.014673543837395185},"median":{"confidence_interval":{"confidence_level":0.95,"lower_bound":0.16232432807532948,"upper_bound":0.21685607478768176},"point_estimate":0.1741901882026704,"standard_error":0.012504772422907505}}