{"mean":{"confidence_interval":{"confidence_level":0.95,"lower_bound":-0.02740310123634429,"upper_bound":0.015720805197396357},"point_estimate":-0.006099592327126757,"standard_error":0.011016967763729386},"median":{"confidence_interval":{"confidence_level":0.95,"lower_bound":-0.0980413845711009,"upper_bound":0.0705938849111496},"point_estimate":0.0028392413699172003,"standard_error":0.04315333448768497}}