{"mean":{"confidence_interval":{"confidence_level":0.95,"lower_bound":-0.08672643546666355,"upper_bound":-0.054605497106155684},"point_estimate":-0.0704388753996047,"standard_error":0.008222772058957665},"median":{"confidence_interval":{"confidence_level":0.95,"lower_bound":-0.10492232298818926,"upper_bound":-0.09746568079471962},"point_estimate":-0.1013833027415233,"standard_error":0.0016128315043389492}}