{"mean":{"confidence_interval":{"confidence_level":0.95,"lower_bound":-0.02218081418460955,"upper_bound":0.021183635238437415},"point_estimate":-0.0007587520492670086,"standard_error":0.011009182846261576},"median":{"confidence_interval":{"confidence_level":0.95,"lower_bound":-0.04343706789812658,"upper_bound":0.02323451510785901},"point_estimate":-0.012408976616762546,"standard_error":0.021761441751258843}}