{"mean":{"confidence_interval":{"confidence_level":0.95,"lower_bound":0.03208063173199509,"upper_bound":0.0694581325165674},"point_estimate":0.05098434135455743,"standard_error":0.009530190815444836},"median":{"confidence_interval":{"confidence_level":0.95,"lower_bound":0.06898910827046278,"upper_bound":0.12494312418387521},"point_estimate":0.06989747326937623,"standard_error":0.0207413564681026}}