{"mean":{"confidence_interval":{"confidence_level":0.95,"lower_bound":-0.01902284227270758,"upper_bound":0.025763140998065582},"point_estimate":0.0025120163087284375,"standard_error":0.011464258841558427},"median":{"confidence_interval":{"confidence_level":0.95,"lower_bound":-0.015186773167517027,"upper_bound":0.08963059222131076},"point_estimate":0.048323517753051215,"standard_error":0.0313944248799375}}