{"mean":{"confidence_interval":{"confidence_level":0.95,"lower_bound":-0.009376950649134392,"upper_bound":0.02696016524445202},"point_estimate":0.0086218938369782,"standard_error":0.009110301589703482},"median":{"confidence_interval":{"confidence_level":0.95,"lower_bound":-0.012292936575399649,"upper_bound":0.04997855490993741},"point_estimate":0.04324249157043636,"standard_error":0.01729948400417262}}