{"mean":{"confidence_interval":{"confidence_level":0.95,"lower_bound":0.03814805773374804,"upper_bound":0.057885593160948975},"point_estimate":0.047961545682655427,"standard_error":0.005146453211914813},"median":{"confidence_interval":{"confidence_level":0.95,"lower_bound":0.034687959760742494,"upper_bound":0.05558419412431781},"point_estimate":0.050891649989806,"standard_error":0.006151943729430974}}