{"mean":{"confidence_interval":{"confidence_level":0.95,"lower_bound":-0.08119875395857583,"upper_bound":-0.05692473633771202},"point_estimate":-0.06966155908191352,"standard_error":0.006193841458261598},"median":{"confidence_interval":{"confidence_level":0.95,"lower_bound":-0.0986907672363383,"upper_bound":-0.06543332670759638},"point_estimate":-0.08532292776261963,"standard_error":0.00878728178536145}}