{"mean":{"confidence_interval":{"confidence_level":0.95,"lower_bound":0.0032002044946386936,"upper_bound":0.046674136969807524},"point_estimate":0.02418644121345226,"standard_error":0.011140052546959536},"median":{"confidence_interval":{"confidence_level":0.95,"lower_bound":-0.027660130236493052,"upper_bound":0.06537092823163837},"point_estimate":0.00396798821952582,"standard_error":0.02093117839780544}}