{"mean":{"confidence_interval":{"confidence_level":0.95,"lower_bound":-0.0831115064049608,"upper_bound":-0.04450548031799137},"point_estimate":-0.0641957239308023,"standard_error":0.009813340312607383},"median":{"confidence_interval":{"confidence_level":0.95,"lower_bound":-0.14017131484309397,"upper_bound":-0.036589330595202085},"point_estimate":-0.09588113447950164,"standard_error":0.027134454245364724}}