{"mean":{"confidence_interval":{"confidence_level":0.95,"lower_bound":0.016517124181806966,"upper_bound":0.04513966634781483},"point_estimate":0.030561480504771144,"standard_error":0.0072931160299249675},"median":{"confidence_interval":{"confidence_level":0.95,"lower_bound":-0.0051644148394370815,"upper_bound":0.038445979885179726},"point_estimate":-0.0017897461363899358,"standard_error":0.012171404943567759}}