{"mean":{"confidence_interval":{"confidence_level":0.95,"lower_bound":-0.04353676826319175,"upper_bound":0.11196745371836947},"point_estimate":0.013926434320077119,"standard_error":0.041371656745467236},"median":{"confidence_interval":{"confidence_level":0.95,"lower_bound":-0.1353646989193824,"upper_bound":-0.01866730478099554},"point_estimate":-0.07250741998430033,"standard_error":0.0370616396229542}}