{"mean":{"confidence_interval":{"confidence_level":0.95,"lower_bound":0.042490328233023664,"upper_bound":0.07200176290398692},"point_estimate":0.05802010272201663,"standard_error":0.007561781598834411},"median":{"confidence_interval":{"confidence_level":0.95,"lower_bound":0.06827956328384199,"upper_bound":0.07162799434176126},"point_estimate":0.06906128369113929,"standard_error":0.0014446544949156398}}