{"mean":{"confidence_interval":{"confidence_level":0.95,"lower_bound":-0.16823573454154292,"upper_bound":-0.13931837290640667},"point_estimate":-0.15398454187672195,"standard_error":0.007363483057648106},"median":{"confidence_interval":{"confidence_level":0.95,"lower_bound":-0.1809011268367465,"upper_bound":-0.1507101588193983},"point_estimate":-0.15282614255301818,"standard_error":0.007497435690703156}}