{"mean":{"confidence_interval":{"confidence_level":0.95,"lower_bound":-0.061009820675082115,"upper_bound":-0.037944553665681655},"point_estimate":-0.049908702634886226,"standard_error":0.005876694070672364},"median":{"confidence_interval":{"confidence_level":0.95,"lower_bound":-0.08985170104476571,"upper_bound":-0.05408163162430479},"point_estimate":-0.07562530715601334,"standard_error":0.00897075619776836}}