{"mean":{"confidence_interval":{"confidence_level":0.95,"lower_bound":-0.05360191034041241,"upper_bound":-0.017147985430136216},"point_estimate":-0.03646194252596313,"standard_error":0.009294575865336599},"median":{"confidence_interval":{"confidence_level":0.95,"lower_bound":-0.07464875032754559,"upper_bound":-0.03551530099931355},"point_estimate":-0.06479995727834942,"standard_error":0.00906758899968821}}