{"mean":{"confidence_interval":{"confidence_level":0.95,"lower_bound":-0.04987986804112914,"upper_bound":-0.014804802811865038},"point_estimate":-0.03161187680490751,"standard_error":0.0089521924139305},"median":{"confidence_interval":{"confidence_level":0.95,"lower_bound":-0.08338090323168944,"upper_bound":0.0038348422754852507},"point_estimate":-0.016477408629724133,"standard_error":0.02853181634057381}}