{"mean":{"confidence_interval":{"confidence_level":0.95,"lower_bound":-0.011160663923242638,"upper_bound":0.012974056088704364},"point_estimate":0.0007097567123683923,"standard_error":0.006174258992368342},"median":{"confidence_interval":{"confidence_level":0.95,"lower_bound":-0.004818858670069148,"upper_bound":0.01727221122925396},"point_estimate":0.0017741504508990147,"standard_error":0.005984766376128008}}