{"mean":{"confidence_interval":{"confidence_level":0.95,"lower_bound":-0.023582247628286278,"upper_bound":0.009631467022588658},"point_estimate":-0.0074984458815333666,"standard_error":0.008340663916565185},"median":{"confidence_interval":{"confidence_level":0.95,"lower_bound":-0.020901845228335048,"upper_bound":0.03227086824744263},"point_estimate":0.010439226030554583,"standard_error":0.012877475956388355}}