{"mean":{"confidence_interval":{"confidence_level":0.95,"lower_bound":0.0076485913169689725,"upper_bound":0.05951363017850227},"point_estimate":0.03424039072463203,"standard_error":0.01322862461628091},"median":{"confidence_interval":{"confidence_level":0.95,"lower_bound":0.009915271865481357,"upper_bound":0.06858241993633984},"point_estimate":0.03911302525210192,"standard_error":0.014169984523106008}}