{"mean":{"confidence_interval":{"confidence_level":0.95,"lower_bound":-0.021230350218209893,"upper_bound":0.009477227960117641},"point_estimate":-0.0060372246278154185,"standard_error":0.007833529200033648},"median":{"confidence_interval":{"confidence_level":0.95,"lower_bound":-0.0047237111231874795,"upper_bound":0.014877537423947151},"point_estimate":-0.002002141612600039,"standard_error":0.004838133194039335}}