{"mean":{"confidence_interval":{"confidence_level":0.95,"lower_bound":351.78954374941134,"upper_bound":363.9463087815546},"point_estimate":357.7944881717218,"standard_error":3.0982877296340288},"median":{"confidence_interval":{"confidence_level":0.95,"lower_bound":329.368485875338,"upper_bound":360.30783161553416},"point_estimate":351.6853880846003,"standard_error":9.659879414751304},"median_abs_dev":{"confidence_interval":{"confidence_level":0.95,"lower_bound":0.9083747745261938,"upper_bound":46.548447559893866},"point_estimate":33.8340197858056,"standard_error":14.20937058964697},"slope":{"confidence_interval":{"confidence_level":0.95,"lower_bound":356.71086349606577,"upper_bound":369.4106584403001},"point_estimate":363.08388836600284,"standard_error":3.2429966215503456},"std_dev":{"confidence_interval":{"confidence_level":0.95,"lower_bound":27.992931681301812,"upper_bound":33.702849487534465},"point_estimate":31.170479609587957,"standard_error":1.4566991978082224}}