{"mean":{"confidence_interval":{"confidence_level":0.95,"lower_bound":568.4428401656747,"upper_bound":572.0323198115823},"point_estimate":570.2719456192991,"standard_error":0.9175233290971997},"median":{"confidence_interval":{"confidence_level":0.95,"lower_bound":569.9411356500096,"upper_bound":572.4709218839747},"point_estimate":570.5409020530203,"standard_error":0.7221328376557622},"median_abs_dev":{"confidence_interval":{"confidence_level":0.95,"lower_bound":3.7944902186661187,"upper_bound":9.259193303828962},"point_estimate":5.9567756354606365,"standard_error":1.3949300801934927},"slope":{"confidence_interval":{"confidence_level":0.95,"lower_bound":568.5407533506932,"upper_bound":575.3443470748384},"point_estimate":572.1026827967974,"standard_error":1.7409844671943553},"std_dev":{"confidence_interval":{"confidence_level":0.95,"lower_bound":7.629922851384099,"upper_bound":10.650381011845647},"point_estimate":9.251084599801066,"standard_error":0.7715442310057333}}