{"mean":{"confidence_interval":{"confidence_level":0.95,"lower_bound":212.65780276720452,"upper_bound":213.75133920552827},"point_estimate":213.20121426598703,"standard_error":0.2787686163900353},"median":{"confidence_interval":{"confidence_level":0.95,"lower_bound":212.21319801143946,"upper_bound":213.97428625940202},"point_estimate":212.90853810350015,"standard_error":0.5361108921340018},"median_abs_dev":{"confidence_interval":{"confidence_level":0.95,"lower_bound":2.841172383500522,"upper_bound":4.287969046445627},"point_estimate":4.160896471662917,"standard_error":0.41308728514227605},"slope":{"confidence_interval":{"confidence_level":0.95,"lower_bound":212.82009320527317,"upper_bound":214.0132927544166},"point_estimate":213.41328480418815,"standard_error":0.3055824132865535},"std_dev":{"confidence_interval":{"confidence_level":0.95,"lower_bound":2.5351565620104277,"upper_bound":3.0300359267567982},"point_estimate":2.801717403827995,"standard_error":0.12620059769047387}}