{"mean":{"confidence_interval":{"confidence_level":0.95,"lower_bound":-0.0003436262428215124,"upper_bound":0.0024074375648994043},"point_estimate":0.0009001476627001903,"standard_error":0.0007152907257733854},"median":{"confidence_interval":{"confidence_level":0.95,"lower_bound":-0.0007482448273238296,"upper_bound":0.0003050266359978515},"point_estimate":-0.0000656461601412639,"standard_error":0.00027670460484295796}}