{"mean":{"confidence_interval":{"confidence_level":0.95,"lower_bound":-0.0007406704509020866,"upper_bound":0.000532232505678681},"point_estimate":-0.00006234944545135956,"standard_error":0.0003257319270752467},"median":{"confidence_interval":{"confidence_level":0.95,"lower_bound":-0.0002185684632629581,"upper_bound":0.0009072355163046827},"point_estimate":0.00030630299058254096,"standard_error":0.00029116020139067464}}