{"mean":{"confidence_interval":{"confidence_level":0.95,"lower_bound":-0.14084425321577462,"upper_bound":-0.01202633477746129},"point_estimate":-0.06423314869623553,"standard_error":0.03578242364994622},"median":{"confidence_interval":{"confidence_level":0.95,"lower_bound":-0.004534631029727398,"upper_bound":-0.002001408018544315},"point_estimate":-0.0031028648467782416,"standard_error":0.0005391985317222119}}