{"mean":{"confidence_interval":{"confidence_level":0.95,"lower_bound":-0.0004695598885184501,"upper_bound":0.017291628520903896},"point_estimate":0.005903236748721508,"standard_error":0.004464318004122776},"median":{"confidence_interval":{"confidence_level":0.95,"lower_bound":-0.0003920795845598901,"upper_bound":0.0005830469079748379},"point_estimate":0.00007509663390092847,"standard_error":0.0002558324245496595}}