{"mean":{"confidence_interval":{"confidence_level":0.95,"lower_bound":0.009532968330142978,"upper_bound":0.023212272586165872},"point_estimate":0.015346957535272043,"standard_error":0.003529152630519366},"median":{"confidence_interval":{"confidence_level":0.95,"lower_bound":0.003148602418237223,"upper_bound":0.006545265239535469},"point_estimate":0.005298505780302554,"standard_error":0.0006624226046921345}}