{"mean":{"confidence_interval":{"confidence_level":0.95,"lower_bound":-0.00023838275460975886,"upper_bound":0.0016862761113144887},"point_estimate":0.0007077450415131636,"standard_error":0.0004873238745887053},"median":{"confidence_interval":{"confidence_level":0.95,"lower_bound":-0.00018095026170494855,"upper_bound":0.0008217940462453832},"point_estimate":0.00031055265870216786,"standard_error":0.00025697841722931245}}