{"mean":{"confidence_interval":{"confidence_level":0.95,"lower_bound":-0.0021547757595113707,"upper_bound":0.0014764087768108093},"point_estimate":-0.0003701517342320493,"standard_error":0.0009193323614687006},"median":{"confidence_interval":{"confidence_level":0.95,"lower_bound":-0.0007883325415152242,"upper_bound":0.000357465024376058},"point_estimate":-0.0003080123019958414,"standard_error":0.0002819920822308851}}