{"mean":{"confidence_interval":{"confidence_level":0.95,"lower_bound":0.011178696165818265,"upper_bound":0.03508684215950248},"point_estimate":0.022207237501662203,"standard_error":0.005830089820499464},"median":{"confidence_interval":{"confidence_level":0.95,"lower_bound":-0.0005799916503328922,"upper_bound":0.0006497170875900959},"point_estimate":-0.00005805630107003079,"standard_error":0.00032893672749111335}}