{"mean":{"confidence_interval":{"confidence_level":0.95,"lower_bound":-0.0013242166405399713,"upper_bound":0.001286328341291769},"point_estimate":-0.00018523735388498164,"standard_error":0.0006604170120783453},"median":{"confidence_interval":{"confidence_level":0.95,"lower_bound":-0.0008045358547148153,"upper_bound":0.0002758446146380322},"point_estimate":-0.00029999404310676603,"standard_error":0.0002878772659409174}}