{"mean":{"confidence_interval":{"confidence_level":0.95,"lower_bound":-0.03285450792637777,"upper_bound":-0.011741656794954022},"point_estimate":-0.021875492739970248,"standard_error":0.005397214386971427},"median":{"confidence_interval":{"confidence_level":0.95,"lower_bound":-0.0006522933016434029,"upper_bound":0.0002526672694855847},"point_estimate":-0.00015264111405599579,"standard_error":0.0002391059527908431}}