{"mean":{"confidence_interval":{"confidence_level":0.95,"lower_bound":-0.004725704714332193,"upper_bound":-0.0015759786415697023},"point_estimate":-0.0030063086994397414,"standard_error":0.0008062659481633281},"median":{"confidence_interval":{"confidence_level":0.95,"lower_bound":-0.0029293212582480743,"upper_bound":-0.001595055545900781},"point_estimate":-0.0023246367243006105,"standard_error":0.0003562956388560445}}