{"mean":{"confidence_interval":{"confidence_level":0.95,"lower_bound":-0.0010269684277161985,"upper_bound":0.0009171541903668756},"point_estimate":-0.00002253748811598122,"standard_error":0.0004930824876527409},"median":{"confidence_interval":{"confidence_level":0.95,"lower_bound":-0.00044381435141349623,"upper_bound":0.0009484863457107246},"point_estimate":0.0003198753113697883,"standard_error":0.00037442364885970997}}