{"mean":{"confidence_interval":{"confidence_level":0.95,"lower_bound":0.001111569945524199,"upper_bound":0.004797316164469792},"point_estimate":0.002534443023466837,"standard_error":0.0009829357755076946},"median":{"confidence_interval":{"confidence_level":0.95,"lower_bound":0.0009245775556129495,"upper_bound":0.002236155481305957},"point_estimate":0.001499954552682592,"standard_error":0.00033464994161431176}}