{"mean":{"confidence_interval":{"confidence_level":0.95,"lower_bound":-0.01270653251915437,"upper_bound":-0.00037220625068745683},"point_estimate":-0.0060336611327490575,"standard_error":0.003160475367817386},"median":{"confidence_interval":{"confidence_level":0.95,"lower_bound":-0.0022443625474023454,"upper_bound":-0.0003863706699856419},"point_estimate":-0.0013940213112445532,"standard_error":0.0004814875941204781}}