{"mean":{"confidence_interval":{"confidence_level":0.95,"lower_bound":-0.0014614912811003625,"upper_bound":0.0018365663508999042},"point_estimate":0.00026592761592314496,"standard_error":0.0008259333989258036},"median":{"confidence_interval":{"confidence_level":0.95,"lower_bound":-0.0003142714562957005,"upper_bound":0.000781431618547046},"point_estimate":0.00028597163123489366,"standard_error":0.00028900494753128253}}