{"mean":{"confidence_interval":{"confidence_level":0.95,"lower_bound":-0.025347478378512322,"upper_bound":-0.005802128425074909},"point_estimate":-0.01450741643849851,"standard_error":0.00503382489831763},"median":{"confidence_interval":{"confidence_level":0.95,"lower_bound":-0.0014425984996837167,"upper_bound":-0.0001683305941027058},"point_estimate":-0.0008357307274594605,"standard_error":0.0003323176102102093}}