{"mean":{"confidence_interval":{"confidence_level":0.95,"lower_bound":-0.002058128416938168,"upper_bound":0.0015850337777402455},"point_estimate":-0.0002478544341240063,"standard_error":0.0009187040893377156},"median":{"confidence_interval":{"confidence_level":0.95,"lower_bound":-0.0006475373988387156,"upper_bound":0.0004325242106011373},"point_estimate":-0.0001334283589601304,"standard_error":0.00027821589049916676}}