{"mean":{"confidence_interval":{"confidence_level":0.95,"lower_bound":0.006388829503096272,"upper_bound":0.03382565748808232},"point_estimate":0.017656466161615203,"standard_error":0.006465751629223015},"median":{"confidence_interval":{"confidence_level":0.95,"lower_bound":-0.0005372914150924002,"upper_bound":0.00035890972833785284},"point_estimate":-0.00014162005676343625,"standard_error":0.0002196546332888887}}