{"mean":{"confidence_interval":{"confidence_level":0.95,"lower_bound":0.5177768171699889,"upper_bound":0.6281141257505307},"point_estimate":0.574527841622912,"standard_error":0.028355344605760266},"median":{"confidence_interval":{"confidence_level":0.95,"lower_bound":0.5198927369692853,"upper_bound":0.6721630265603937},"point_estimate":0.6026448127124076,"standard_error":0.04578049685814794}}