{"mean":{"confidence_interval":{"confidence_level":0.95,"lower_bound":-0.0007561184550598008,"upper_bound":0.002022233315319582},"point_estimate":0.0006950062480091113,"standard_error":0.0007076874651121354},"median":{"confidence_interval":{"confidence_level":0.95,"lower_bound":0.00035761285011837174,"upper_bound":0.0015643306453241301},"point_estimate":0.000874482758685069,"standard_error":0.0003070222777752127}}