{"mean":{"confidence_interval":{"confidence_level":0.95,"lower_bound":-0.004594538360193733,"upper_bound":0.002241208422319274},"point_estimate":-0.0011808889408820855,"standard_error":0.0017418745719904626},"median":{"confidence_interval":{"confidence_level":0.95,"lower_bound":-0.001092092672076328,"upper_bound":0.00015922259658252003},"point_estimate":-0.0005598662581173253,"standard_error":0.00031552855190418043}}