{"mean":{"confidence_interval":{"confidence_level":0.95,"lower_bound":-0.0009372045294696761,"upper_bound":0.0007333529129663174},"point_estimate":-0.00008870801939475648,"standard_error":0.0004250636761618037},"median":{"confidence_interval":{"confidence_level":0.95,"lower_bound":-0.000892004265937274,"upper_bound":0.0001534299160368402},"point_estimate":-0.00040730629749785585,"standard_error":0.00027039925072834634}}