{"mean":{"confidence_interval":{"confidence_level":0.95,"lower_bound":-0.004389551633697669,"upper_bound":0.0015788471276938043},"point_estimate":-0.0010899905585980418,"standard_error":0.0015251799062012323},"median":{"confidence_interval":{"confidence_level":0.95,"lower_bound":-0.0006367150560819823,"upper_bound":0.0008562254160056071},"point_estimate":0.0002742619817979186,"standard_error":0.00038669605858632493}}