{"mean":{"confidence_interval":{"confidence_level":0.95,"lower_bound":0.002398818889816468,"upper_bound":0.0056901115179617484},"point_estimate":0.004041464199141975,"standard_error":0.0008460207651733644},"median":{"confidence_interval":{"confidence_level":0.95,"lower_bound":0.0007494430604353397,"upper_bound":0.0022177202986011224},"point_estimate":0.0012780647452259597,"standard_error":0.0003842883888744138}}