{"mean":{"confidence_interval":{"confidence_level":0.95,"lower_bound":-0.031478878751442126,"upper_bound":-0.00720787815496315},"point_estimate":-0.01771609118720563,"standard_error":0.006261263661736027},"median":{"confidence_interval":{"confidence_level":0.95,"lower_bound":-0.0008912330005600433,"upper_bound":0.00018937264077689697},"point_estimate":-0.00030835070264456643,"standard_error":0.00027157122867464543}}