{"mean":{"confidence_interval":{"confidence_level":0.95,"lower_bound":-0.0009698330697682527,"upper_bound":0.0020475291495191863},"point_estimate":0.00040092431405258644,"standard_error":0.0007514551271944422},"median":{"confidence_interval":{"confidence_level":0.95,"lower_bound":-0.0004999072740327871,"upper_bound":0.0004886153697318034},"point_estimate":-0.00002237537406379886,"standard_error":0.0002436506459775245}}