{"mean":{"confidence_interval":{"confidence_level":0.95,"lower_bound":-0.4293347780126052,"upper_bound":-0.24394860271660856},"point_estimate":-0.3378557221318649,"standard_error":0.047701718759454066},"median":{"confidence_interval":{"confidence_level":0.95,"lower_bound":-0.1535752924547905,"upper_bound":-0.002988253278636545},"point_estimate":-0.009717901509585403,"standard_error":0.045829828017034356}}