{"mean":{"confidence_interval":{"confidence_level":0.95,"lower_bound":0.003813296713179204,"upper_bound":0.010423665119105944},"point_estimate":0.006160451210819984,"standard_error":0.0017250613179894032},"median":{"confidence_interval":{"confidence_level":0.95,"lower_bound":0.003252803987319197,"upper_bound":0.005381895660331761},"point_estimate":0.0043695653510023025,"standard_error":0.0006123362107821234}}