{"mean":{"confidence_interval":{"confidence_level":0.95,"lower_bound":-0.000017735992078629183,"upper_bound":0.0050997146547664},"point_estimate":0.002352131447786121,"standard_error":0.0012989850354604127},"median":{"confidence_interval":{"confidence_level":0.95,"lower_bound":-0.00014108338077023497,"upper_bound":0.0006811875913765864},"point_estimate":0.0002976302130159869,"standard_error":0.00023099285601582668}}