{"mean":{"confidence_interval":{"confidence_level":0.95,"lower_bound":105.4734435682972,"upper_bound":105.63777775060095},"point_estimate":105.53808547052292,"standard_error":0.04360747784023909},"median":{"confidence_interval":{"confidence_level":0.95,"lower_bound":105.42949921802688,"upper_bound":105.46133057952497},"point_estimate":105.44676974118103,"standard_error":0.008434736305919547},"median_abs_dev":{"confidence_interval":{"confidence_level":0.95,"lower_bound":0.07369058370840502,"upper_bound":0.13096198647997248},"point_estimate":0.10030729188100757,"standard_error":0.01457969184398911},"slope":{"confidence_interval":{"confidence_level":0.95,"lower_bound":105.44254828226656,"upper_bound":105.5237875146685},"point_estimate":105.47657844534706,"standard_error":0.02095585903492654},"std_dev":{"confidence_interval":{"confidence_level":0.95,"lower_bound":0.11812179237685835,"upper_bound":0.7213965073949444},"point_estimate":0.4389503179633525,"standard_error":0.19276119693267468}}