{"mean":{"confidence_interval":{"confidence_level":0.95,"lower_bound":65.0801995656085,"upper_bound":65.45847315502554},"point_estimate":65.24119365569196,"standard_error":0.0978189809150642},"median":{"confidence_interval":{"confidence_level":0.95,"lower_bound":64.93840116159492,"upper_bound":65.15380370764643},"point_estimate":65.01501765534034,"standard_error":0.06649830271095766},"median_abs_dev":{"confidence_interval":{"confidence_level":0.95,"lower_bound":0.3221484095714525,"upper_bound":0.5706113099348206},"point_estimate":0.43528601934382444,"standard_error":0.06326553142919485},"slope":{"confidence_interval":{"confidence_level":0.95,"lower_bound":65.00534957197901,"upper_bound":65.14678474530334},"point_estimate":65.07201964646653,"standard_error":0.03613060825979023},"std_dev":{"confidence_interval":{"confidence_level":0.95,"lower_bound":0.41447216540380993,"upper_bound":1.5320429651021952},"point_estimate":0.9824533348836674,"standard_error":0.3362246435051276}}