{"mean":{"confidence_interval":{"confidence_level":0.95,"lower_bound":65.07724907987405,"upper_bound":65.23292063852789},"point_estimate":65.15179087139441,"standard_error":0.03978660699611903},"median":{"confidence_interval":{"confidence_level":0.95,"lower_bound":65.00567823997348,"upper_bound":65.20431421942327},"point_estimate":65.11039275856203,"standard_error":0.04880603627758406},"median_abs_dev":{"confidence_interval":{"confidence_level":0.95,"lower_bound":0.2776665051387345,"upper_bound":0.4357671375915764},"point_estimate":0.3355664507876205,"standard_error":0.04048820975770621},"slope":{"confidence_interval":{"confidence_level":0.95,"lower_bound":65.01542638507013,"upper_bound":65.15728940133698},"point_estimate":65.085550878307,"standard_error":0.03617061322024694},"std_dev":{"confidence_interval":{"confidence_level":0.95,"lower_bound":0.3036959653898968,"upper_bound":0.511828109266006},"point_estimate":0.39923967943677147,"standard_error":0.056734277394953674}}