{"mean":{"confidence_interval":{"confidence_level":0.95,"lower_bound":65.25907759107467,"upper_bound":65.48240737048948},"point_estimate":65.36346262968387,"standard_error":0.05718374095694718},"median":{"confidence_interval":{"confidence_level":0.95,"lower_bound":65.23216853600483,"upper_bound":65.42767976834385},"point_estimate":65.33740933208819,"standard_error":0.050809693068210524},"median_abs_dev":{"confidence_interval":{"confidence_level":0.95,"lower_bound":0.37819249428881646,"upper_bound":0.6873595331977735},"point_estimate":0.5025374199701772,"standard_error":0.07789702530027766},"slope":{"confidence_interval":{"confidence_level":0.95,"lower_bound":65.17982955595112,"upper_bound":65.39268616300282},"point_estimate":65.28364287553897,"standard_error":0.05404518970338414},"std_dev":{"confidence_interval":{"confidence_level":0.95,"lower_bound":0.4065527579896821,"upper_bound":0.7862708849040448},"point_estimate":0.57603864599972,"standard_error":0.11273852646414356}}