{"mean":{"confidence_interval":{"confidence_level":0.95,"lower_bound":65.08666035016996,"upper_bound":65.23510017778364},"point_estimate":65.15785778058219,"standard_error":0.03791240685877809},"median":{"confidence_interval":{"confidence_level":0.95,"lower_bound":64.98378632201161,"upper_bound":65.1962421207015},"point_estimate":65.1112063361625,"standard_error":0.056560940139742756},"median_abs_dev":{"confidence_interval":{"confidence_level":0.95,"lower_bound":0.26967765895292667,"upper_bound":0.4287273705703389},"point_estimate":0.3492412135389453,"standard_error":0.04175916284209243},"slope":{"confidence_interval":{"confidence_level":0.95,"lower_bound":65.03077253953244,"upper_bound":65.2691836916675},"point_estimate":65.13483861316756,"standard_error":0.06163103406449129},"std_dev":{"confidence_interval":{"confidence_level":0.95,"lower_bound":0.2844660241993544,"upper_bound":0.4960662314929578},"point_estimate":0.3813250495513628,"standard_error":0.058942498339223486}}