{"mean":{"confidence_interval":{"confidence_level":0.95,"lower_bound":1.5357799859657113,"upper_bound":1.5372239686408893},"point_estimate":1.5364333613427197,"standard_error":0.00036976616103226657},"median":{"confidence_interval":{"confidence_level":0.95,"lower_bound":1.5350057962276349,"upper_bound":1.5355916347848249},"point_estimate":1.535251667978091,"standard_error":0.00013049891306257306},"median_abs_dev":{"confidence_interval":{"confidence_level":0.95,"lower_bound":0.0006996163941514788,"upper_bound":0.0013663359879431238},"point_estimate":0.0009497520732611155,"standard_error":0.00015812230622732043},"slope":{"confidence_interval":{"confidence_level":0.95,"lower_bound":1.5354557605386423,"upper_bound":1.5368852914296292},"point_estimate":1.5360604553028856,"standard_error":0.0003707653822574083},"std_dev":{"confidence_interval":{"confidence_level":0.95,"lower_bound":0.001967355565804372,"upper_bound":0.005072926927173109},"point_estimate":0.0037178645343551903,"standard_error":0.0007764176497214957}}