{"mean":{"confidence_interval":{"confidence_level":0.95,"lower_bound":-0.0036263164644129904,"upper_bound":0.026941581893180865},"point_estimate":0.01167451767236427,"standard_error":0.007787344944542039},"median":{"confidence_interval":{"confidence_level":0.95,"lower_bound":-0.030503963708586213,"upper_bound":0.006898853689146556},"point_estimate":-0.015168536259094978,"standard_error":0.010323081157510836}}