{"mean":{"confidence_interval":{"confidence_level":0.95,"lower_bound":-0.036390908898973374,"upper_bound":-0.007758939387224389},"point_estimate":-0.02175313965853387,"standard_error":0.00734009307010179},"median":{"confidence_interval":{"confidence_level":0.95,"lower_bound":-0.012933804775218993,"upper_bound":0.0167662980169339},"point_estimate":0.00038383145381759576,"standard_error":0.00638453074802707}}