{"mean":{"confidence_interval":{"confidence_level":0.95,"lower_bound":0.02920637168654065,"upper_bound":0.04184110825357891},"point_estimate":0.035402251262227846,"standard_error":0.0031997366850699677},"median":{"confidence_interval":{"confidence_level":0.95,"lower_bound":0.030097325408201536,"upper_bound":0.042254135326124764},"point_estimate":0.04064171264436767,"standard_error":0.00386543706810417}}