{"mean":{"confidence_interval":{"confidence_level":0.95,"lower_bound":-0.006318951337026962,"upper_bound":0.038661477988683496},"point_estimate":0.015380727396836713,"standard_error":0.011537652815740339},"median":{"confidence_interval":{"confidence_level":0.95,"lower_bound":0.00869006766124314,"upper_bound":0.0367588324685415},"point_estimate":0.02522927986521717,"standard_error":0.007781838530699943}}