{"mean":{"confidence_interval":{"confidence_level":0.95,"lower_bound":-0.018905616057218584,"upper_bound":-0.007723913507885231},"point_estimate":-0.013449468202294534,"standard_error":0.0028513567298279353},"median":{"confidence_interval":{"confidence_level":0.95,"lower_bound":-0.03118531549992587,"upper_bound":-0.017284677261292652},"point_estimate":-0.025525004556242847,"standard_error":0.003482081551506921}}