{"mean":{"confidence_interval":{"confidence_level":0.95,"lower_bound":-0.0017141952704445614,"upper_bound":0.017862213835224506},"point_estimate":0.008015433691669571,"standard_error":0.004995971060236484},"median":{"confidence_interval":{"confidence_level":0.95,"lower_bound":-0.008051552055868827,"upper_bound":0.005237509246560856},"point_estimate":-0.0015478020803616488,"standard_error":0.0034920145188983977}}