{"mean":{"confidence_interval":{"confidence_level":0.95,"lower_bound":0.02211859484625191,"upper_bound":0.040847370169582},"point_estimate":0.03206550207173686,"standard_error":0.004808792431888744},"median":{"confidence_interval":{"confidence_level":0.95,"lower_bound":0.005545846759136275,"upper_bound":0.032963176569721586},"point_estimate":0.018708095995355167,"standard_error":0.006881860117029171}}