{"mean":{"confidence_interval":{"confidence_level":0.95,"lower_bound":-0.04416437915998858,"upper_bound":-0.0037112356721043646},"point_estimate":-0.023657744259587443,"standard_error":0.010426915816569795},"median":{"confidence_interval":{"confidence_level":0.95,"lower_bound":-0.03227108446332205,"upper_bound":0.04172742481393285},"point_estimate":0.015578952371861465,"standard_error":0.01904157961861525}}