{"mean":{"confidence_interval":{"confidence_level":0.95,"lower_bound":-0.018235597099949714,"upper_bound":-0.0074499664594419425},"point_estimate":-0.012634356074636588,"standard_error":0.0027474020224419497},"median":{"confidence_interval":{"confidence_level":0.95,"lower_bound":-0.011718797072659548,"upper_bound":0.00915732812936354},"point_estimate":0.0017676485569126932,"standard_error":0.0054928876956124644}}