{"mean":{"confidence_interval":{"confidence_level":0.95,"lower_bound":-0.041988973838198,"upper_bound":-0.01703861984227152},"point_estimate":-0.029720090389452558,"standard_error":0.006365670039396614},"median":{"confidence_interval":{"confidence_level":0.95,"lower_bound":-0.06337667214471865,"upper_bound":-0.014024556177861136},"point_estimate":-0.03772046729785583,"standard_error":0.014249000658591325}}