{"mean":{"confidence_interval":{"confidence_level":0.95,"lower_bound":-0.010971549944850816,"upper_bound":0.015131837219345641},"point_estimate":0.0016771602417930964,"standard_error":0.006660568239873007},"median":{"confidence_interval":{"confidence_level":0.95,"lower_bound":-0.01775106333886345,"upper_bound":0.025998436593530405},"point_estimate":-0.00474504666977571,"standard_error":0.010206581591618531}}