{"mean":{"confidence_interval":{"confidence_level":0.95,"lower_bound":0.022855064686863717,"upper_bound":0.04848136660888378},"point_estimate":0.03540455571742229,"standard_error":0.006556070639762855},"median":{"confidence_interval":{"confidence_level":0.95,"lower_bound":0.024692399363009116,"upper_bound":0.07113274431130745},"point_estimate":0.05533778490215435,"standard_error":0.010448103599121298}}