{"mean":{"confidence_interval":{"confidence_level":0.95,"lower_bound":0.04939054638053572,"upper_bound":0.06742677396363046},"point_estimate":0.05852959591998941,"standard_error":0.004605279429781133},"median":{"confidence_interval":{"confidence_level":0.95,"lower_bound":0.057933265962343626,"upper_bound":0.07980499875429325},"point_estimate":0.06993291702894044,"standard_error":0.0056829734288160036}}