{"mean":{"confidence_interval":{"confidence_level":0.95,"lower_bound":-0.01373019839021515,"upper_bound":0.001516282247462908},"point_estimate":-0.006125191762133997,"standard_error":0.0038851714915845077},"median":{"confidence_interval":{"confidence_level":0.95,"lower_bound":-0.016892023403748208,"upper_bound":0.01036486608680609},"point_estimate":0.004755887291027605,"standard_error":0.007538934503398982}}