{"mean":{"confidence_interval":{"confidence_level":0.95,"lower_bound":0.06531468342116964,"upper_bound":0.0872703828392098},"point_estimate":0.0762289819676718,"standard_error":0.00558822698985968},"median":{"confidence_interval":{"confidence_level":0.95,"lower_bound":0.05373047887006965,"upper_bound":0.09014046134784293},"point_estimate":0.07942610028621844,"standard_error":0.009438351288836643}}