{"mean":{"confidence_interval":{"confidence_level":0.95,"lower_bound":-0.0009973931358233184,"upper_bound":0.015507417776950083},"point_estimate":0.006434211408471446,"standard_error":0.004146670521839386},"median":{"confidence_interval":{"confidence_level":0.95,"lower_bound":-0.008213870903160059,"upper_bound":0.006278468136590387},"point_estimate":0.0005071685224198319,"standard_error":0.0029749383403726176}}