{"mean":{"confidence_interval":{"confidence_level":0.95,"lower_bound":0.022542305727515758,"upper_bound":0.08192172279093211},"point_estimate":0.04908529503350789,"standard_error":0.015292727303073565},"median":{"confidence_interval":{"confidence_level":0.95,"lower_bound":-0.011803920470018799,"upper_bound":0.031922568251590455},"point_estimate":-0.00029274443749061074,"standard_error":0.011912756644670688}}