{"mean":{"confidence_interval":{"confidence_level":0.95,"lower_bound":-0.02686070903104342,"upper_bound":-0.010735778754169822},"point_estimate":-0.01832865177754739,"standard_error":0.004108102865450354},"median":{"confidence_interval":{"confidence_level":0.95,"lower_bound":-0.027092928945878336,"upper_bound":-0.013937922396796587},"point_estimate":-0.02081529392480752,"standard_error":0.003563195682239942}}