{"mean":{"confidence_interval":{"confidence_level":0.95,"lower_bound":-0.000040225822099376186,"upper_bound":0.04081680268293777},"point_estimate":0.01971395523916608,"standard_error":0.010507729843290752},"median":{"confidence_interval":{"confidence_level":0.95,"lower_bound":-0.024995944877025278,"upper_bound":0.06438591879705147},"point_estimate":0.019530713652677,"standard_error":0.023508989224907267}}