{"mean":{"confidence_interval":{"confidence_level":0.95,"lower_bound":-0.09115820880655057,"upper_bound":-0.05446869784856274},"point_estimate":-0.07230131335536627,"standard_error":0.009376488854448783},"median":{"confidence_interval":{"confidence_level":0.95,"lower_bound":-0.11935156647514149,"upper_bound":-0.039652257690193815},"point_estimate":-0.0821316929062863,"standard_error":0.020784011971494418}}