{"mean":{"confidence_interval":{"confidence_level":0.95,"lower_bound":-0.003153907494805235,"upper_bound":0.024721179178741837},"point_estimate":0.010179701229335647,"standard_error":0.007133528643497549},"median":{"confidence_interval":{"confidence_level":0.95,"lower_bound":-0.023543019079565797,"upper_bound":0.0351457444367544},"point_estimate":-0.0028239325418921712,"standard_error":0.015100694457687242}}