{"mean":{"confidence_interval":{"confidence_level":0.95,"lower_bound":-0.04807858444216115,"upper_bound":-0.0032688648929725937},"point_estimate":-0.02532064533750855,"standard_error":0.011449464822345988},"median":{"confidence_interval":{"confidence_level":0.95,"lower_bound":-0.07004086999969339,"upper_bound":-0.029904626553657384},"point_estimate":-0.047608677458823245,"standard_error":0.011295882581328947}}