{"mean":{"confidence_interval":{"confidence_level":0.95,"lower_bound":591.6292231669458,"upper_bound":613.7015416056269},"point_estimate":602.2810695419938,"standard_error":5.636915418624804},"median":{"confidence_interval":{"confidence_level":0.95,"lower_bound":563.0240541324641,"upper_bound":596.7457410362305},"point_estimate":564.2703932073183,"standard_error":7.7242829157985575},"median_abs_dev":{"confidence_interval":{"confidence_level":0.95,"lower_bound":0.6981467812978583,"upper_bound":50.40744238695483},"point_estimate":2.507788540504297,"standard_error":12.954079163516834},"slope":{"confidence_interval":{"confidence_level":0.95,"lower_bound":592.8501468511084,"upper_bound":622.8726037791633},"point_estimate":606.7378546463115,"standard_error":7.667537176330529},"std_dev":{"confidence_interval":{"confidence_level":0.95,"lower_bound":46.61229980350845,"upper_bound":65.08146976350845},"point_estimate":56.81827196973013,"standard_error":4.723828373137031}}