{"mean":{"confidence_interval":{"confidence_level":0.95,"lower_bound":627.6385138287707,"upper_bound":640.371459225619},"point_estimate":634.0919382845273,"standard_error":3.253751340235704},"median":{"confidence_interval":{"confidence_level":0.95,"lower_bound":640.7210183895977,"upper_bound":643.2078890273739},"point_estimate":641.4949730381722,"standard_error":0.528634490859432},"median_abs_dev":{"confidence_interval":{"confidence_level":0.95,"lower_bound":16.04163106737532,"upper_bound":41.58942513936398},"point_estimate":40.026482885991776,"standard_error":8.649795819371075},"slope":{"confidence_interval":{"confidence_level":0.95,"lower_bound":620.0467562823196,"upper_bound":632.4334701380733},"point_estimate":626.6332177698813,"standard_error":3.1740296060365525},"std_dev":{"confidence_interval":{"confidence_level":0.95,"lower_bound":28.84742486476214,"upper_bound":35.467586895343636},"point_estimate":32.62265326637951,"standard_error":1.685244484924883}}