{"mean":{"confidence_interval":{"confidence_level":0.95,"lower_bound":123.08489794652387,"upper_bound":125.01724999715385},"point_estimate":123.9854736601705,"standard_error":0.49580912592653076},"median":{"confidence_interval":{"confidence_level":0.95,"lower_bound":122.22370975570297,"upper_bound":122.29855026391952},"point_estimate":122.27904561777723,"standard_error":0.01929952288874694},"median_abs_dev":{"confidence_interval":{"confidence_level":0.95,"lower_bound":0.1028908533980112,"upper_bound":0.19704546308147522},"point_estimate":0.15872082610546462,"standard_error":0.02485062861965866},"slope":{"confidence_interval":{"confidence_level":0.95,"lower_bound":122.28301032056937,"upper_bound":122.4664010415756},"point_estimate":122.3611560469446,"standard_error":0.046993565706025996},"std_dev":{"confidence_interval":{"confidence_level":0.95,"lower_bound":3.4114857051289142,"upper_bound":6.156915061363799},"point_estimate":4.973831760325538,"standard_error":0.7042049444747605}}