{"mean":{"confidence_interval":{"confidence_level":0.95,"lower_bound":-0.03230804790849692,"upper_bound":0.053050531737842216},"point_estimate":0.014131195507266936,"standard_error":0.02194230582412979},"median":{"confidence_interval":{"confidence_level":0.95,"lower_bound":0.025606074599339168,"upper_bound":0.03290051385961257},"point_estimate":0.02677392506930576,"standard_error":0.001970150890406981}}