{"mean":{"confidence_interval":{"confidence_level":0.95,"lower_bound":-0.04426877427673412,"upper_bound":-0.025415292910711304},"point_estimate":-0.034410442260045526,"standard_error":0.004819485827250328},"median":{"confidence_interval":{"confidence_level":0.95,"lower_bound":-0.011820388613376975,"upper_bound":-0.009129188297686941},"point_estimate":-0.010842503285185212,"standard_error":0.0008301835311074218}}