{"mean":{"confidence_interval":{"confidence_level":0.95,"lower_bound":0.03237132970102889,"upper_bound":0.06049090311266843},"point_estimate":0.04582079139002282,"standard_error":0.00703712136259719},"median":{"confidence_interval":{"confidence_level":0.95,"lower_bound":-0.0009315878075506258,"upper_bound":0.03713837282712107},"point_estimate":-0.0003167010318966268,"standard_error":0.008543509823221145}}