{"mean":{"confidence_interval":{"confidence_level":0.95,"lower_bound":-0.06582531645024324,"upper_bound":-0.019105493985967975},"point_estimate":-0.04297925055145313,"standard_error":0.011895459623566147},"median":{"confidence_interval":{"confidence_level":0.95,"lower_bound":-0.16696340995333225,"upper_bound":-0.017285071162548737},"point_estimate":-0.02193975448222063,"standard_error":0.03537925543251617}}