{"mean":{"confidence_interval":{"confidence_level":0.95,"lower_bound":0.0064479943719180305,"upper_bound":0.04165339013868503},"point_estimate":0.024548660035562664,"standard_error":0.009083809035339977},"median":{"confidence_interval":{"confidence_level":0.95,"lower_bound":0.008408963705792472,"upper_bound":0.013008294775739504},"point_estimate":0.01177934430294525,"standard_error":0.0016639508152269833}}