{"mean":{"confidence_interval":{"confidence_level":0.95,"lower_bound":-0.06421353015379533,"upper_bound":-0.027179579169324487},"point_estimate":-0.0459992764571987,"standard_error":0.009506420858412114},"median":{"confidence_interval":{"confidence_level":0.95,"lower_bound":-0.11900156704417242,"upper_bound":-0.045196476327746815},"point_estimate":-0.11285922900071121,"standard_error":0.016928616833200003}}