{"mean":{"confidence_interval":{"confidence_level":0.95,"lower_bound":0.12062064764793186,"upper_bound":0.14628836602012787},"point_estimate":0.133644316322856,"standard_error":0.006864139372945269},"median":{"confidence_interval":{"confidence_level":0.95,"lower_bound":0.15624007192878236,"upper_bound":0.15932340172302314},"point_estimate":0.15817240934799903,"standard_error":0.0009201260918657612}}