{"mean":{"confidence_interval":{"confidence_level":0.95,"lower_bound":0.012520746042205409,"upper_bound":0.05910263958201194},"point_estimate":0.03584773031295452,"standard_error":0.011824801141748673},"median":{"confidence_interval":{"confidence_level":0.95,"lower_bound":-0.08965325978885619,"upper_bound":0.13528090734170517},"point_estimate":-0.002992830753995257,"standard_error":0.05188078382777457}}