{"mean":{"confidence_interval":{"confidence_level":0.95,"lower_bound":-0.0090318453270524,"upper_bound":-0.00551199910176537},"point_estimate":-0.007209520802891611,"standard_error":0.0008914882441250841},"median":{"confidence_interval":{"confidence_level":0.95,"lower_bound":-0.007140675737664378,"upper_bound":-0.004974919321529099},"point_estimate":-0.0060363172642772245,"standard_error":0.0005338265165736436}}