{"mean":{"confidence_interval":{"confidence_level":0.95,"lower_bound":0.0341359542794136,"upper_bound":0.04375131732120274},"point_estimate":0.038005150727560943,"standard_error":0.0023852395432744206},"median":{"confidence_interval":{"confidence_level":0.95,"lower_bound":0.03601228341491103,"upper_bound":0.04050405955481051},"point_estimate":0.038462834236119736,"standard_error":0.00104617630542003}}