{"mean":{"confidence_interval":{"confidence_level":0.95,"lower_bound":-0.006849974567592692,"upper_bound":-0.0017088875019659413},"point_estimate":-0.004220202375872506,"standard_error":0.0013118671343081588},"median":{"confidence_interval":{"confidence_level":0.95,"lower_bound":-0.006510739067363325,"upper_bound":-0.0018145550715563858},"point_estimate":-0.004507929380031417,"standard_error":0.00119772399560584}}