{"mean":{"confidence_interval":{"confidence_level":0.95,"lower_bound":-0.009287184071267482,"upper_bound":-0.0049328015297532505},"point_estimate":-0.006910851438427734,"standard_error":0.0011090263948375463},"median":{"confidence_interval":{"confidence_level":0.95,"lower_bound":-0.008521659942219761,"upper_bound":-0.005676092571501035},"point_estimate":-0.006729068726791909,"standard_error":0.0007705384541075815}}