{"mean":{"confidence_interval":{"confidence_level":0.95,"lower_bound":-0.0018206394589452887,"upper_bound":0.0020290623902902032},"point_estimate":0.00017205914215345786,"standard_error":0.0009804789241700852},"median":{"confidence_interval":{"confidence_level":0.95,"lower_bound":-0.001423702992558734,"upper_bound":0.0013413269433362185},"point_estimate":-0.00004065554924537196,"standard_error":0.0007308585726901475}}