{"mean":{"confidence_interval":{"confidence_level":0.95,"lower_bound":-0.002918456017953922,"upper_bound":0.0012975610884205233},"point_estimate":-0.0008819591199807908,"standard_error":0.0010754646968484378},"median":{"confidence_interval":{"confidence_level":0.95,"lower_bound":-0.0014242597929401413,"upper_bound":0.0012610929211454014},"point_estimate":0.00016466542531912154,"standard_error":0.0006259161817697044}}