{"mean":{"confidence_interval":{"confidence_level":0.95,"lower_bound":-0.021678013457281847,"upper_bound":-0.005203383835779166},"point_estimate":-0.013056622806818075,"standard_error":0.004210322025736639},"median":{"confidence_interval":{"confidence_level":0.95,"lower_bound":-0.0006680338071614275,"upper_bound":-0.0001411009639225025},"point_estimate":-0.00044717437907260127,"standard_error":0.0001430305993945421}}