{"mean":{"confidence_interval":{"confidence_level":0.95,"lower_bound":-0.0004807937444996661,"upper_bound":0.0029225775363204013},"point_estimate":0.0013444745670387892,"standard_error":0.0008675098238772104},"median":{"confidence_interval":{"confidence_level":0.95,"lower_bound":0.0005489132383527107,"upper_bound":0.004128897322229763},"point_estimate":0.0026984507502918476,"standard_error":0.0008705787631658774}}