{"mean":{"confidence_interval":{"confidence_level":0.95,"lower_bound":-0.02491265072106788,"upper_bound":-0.008440050840585803},"point_estimate":-0.01630041985063102,"standard_error":0.004198442612156732},"median":{"confidence_interval":{"confidence_level":0.95,"lower_bound":-0.00030005365801126434,"upper_bound":0.00041075507190346805},"point_estimate":0.0000755450274947389,"standard_error":0.00016572218155378555}}