{"mean":{"confidence_interval":{"confidence_level":0.95,"lower_bound":-0.003409989927581852,"upper_bound":0.0007847812970426354},"point_estimate":-0.001062036305186087,"standard_error":0.001077858105335436},"median":{"confidence_interval":{"confidence_level":0.95,"lower_bound":-0.0005396784700998414,"upper_bound":-0.000051629061180724634},"point_estimate":-0.0002740831034517832,"standard_error":0.00012802044148768878}}