{"mean":{"confidence_interval":{"confidence_level":0.95,"lower_bound":-0.020856038638556985,"upper_bound":0.004687825166086013},"point_estimate":-0.00661222270860895,"standard_error":0.00659078110080585},"median":{"confidence_interval":{"confidence_level":0.95,"lower_bound":0.006252672081636046,"upper_bound":0.00894360420487339},"point_estimate":0.007999910593637027,"standard_error":0.0007134754086905195}}