{"mean":{"confidence_interval":{"confidence_level":0.95,"lower_bound":-0.0024393697230412625,"upper_bound":0.001044842327537987},"point_estimate":-0.0006344958175596993,"standard_error":0.0008934112744271186},"median":{"confidence_interval":{"confidence_level":0.95,"lower_bound":-0.0012827885844907128,"upper_bound":0.0005574594239037278},"point_estimate":-0.0004963820471072244,"standard_error":0.0004711862063906005}}