{"mean":{"confidence_interval":{"confidence_level":0.95,"lower_bound":0.0005235564962642553,"upper_bound":0.0038765815239486406},"point_estimate":0.0021369793327277176,"standard_error":0.0008543756349826673},"median":{"confidence_interval":{"confidence_level":0.95,"lower_bound":-0.00018322187502325664,"upper_bound":0.0015149066663295851},"point_estimate":0.0004972535683067658,"standard_error":0.0004148594628565577}}