{"mean":{"confidence_interval":{"confidence_level":0.95,"lower_bound":0.003060698402897355,"upper_bound":0.00641987415947633},"point_estimate":0.004730447973437135,"standard_error":0.0008712206983929747},"median":{"confidence_interval":{"confidence_level":0.95,"lower_bound":0.0028292247969028406,"upper_bound":0.0046378379857277},"point_estimate":0.0038212992675139557,"standard_error":0.00044534660599205883}}