{"mean":{"confidence_interval":{"confidence_level":0.95,"lower_bound":-0.0017106628666584594,"upper_bound":0.0020592828931882898},"point_estimate":0.00009633929814722997,"standard_error":0.0009545401082986903},"median":{"confidence_interval":{"confidence_level":0.95,"lower_bound":-0.0009668445687078808,"upper_bound":0.0017352111428501349},"point_estimate":0.0005007992920609272,"standard_error":0.0006443781750778945}}