{"mean":{"confidence_interval":{"confidence_level":0.95,"lower_bound":0.2089468903316162,"upper_bound":0.23423622819440013},"point_estimate":0.22122753182803012,"standard_error":0.006487763060068073},"median":{"confidence_interval":{"confidence_level":0.95,"lower_bound":0.20848895899164765,"upper_bound":0.22545324878414313},"point_estimate":0.2162028424948219,"standard_error":0.005186516170956345}}