{"mean":{"confidence_interval":{"confidence_level":0.95,"lower_bound":0.06591144728960487,"upper_bound":0.11830774275663215},"point_estimate":0.0931437155666146,"standard_error":0.01270975193954832},"median":{"confidence_interval":{"confidence_level":0.95,"lower_bound":0.008134847556753533,"upper_bound":0.010737762997967248},"point_estimate":0.009312333445383958,"standard_error":0.0006859601273577085}}