{"mean":{"confidence_interval":{"confidence_level":0.95,"lower_bound":0.007580568230004231,"upper_bound":0.02342430007315487},"point_estimate":0.015323586086823271,"standard_error":0.004013885218930877},"median":{"confidence_interval":{"confidence_level":0.95,"lower_bound":-0.0005239462078230339,"upper_bound":0.00020953083174313214},"point_estimate":-0.00020481108271552806,"standard_error":0.00017936902606732142}}