{"mean":{"confidence_interval":{"confidence_level":0.95,"lower_bound":0.0029844581995590704,"upper_bound":0.027817559461337057},"point_estimate":0.013280928111703671,"standard_error":0.006465242171128829},"median":{"confidence_interval":{"confidence_level":0.95,"lower_bound":-0.0021984027827877915,"upper_bound":-0.00020033585844025925},"point_estimate":-0.0011650206360963589,"standard_error":0.0004947860458236357}}