{"mean":{"confidence_interval":{"confidence_level":0.95,"lower_bound":-0.0020300894370102658,"upper_bound":0.0005257681733984514},"point_estimate":-0.0007898423701928614,"standard_error":0.0006483404500443504},"median":{"confidence_interval":{"confidence_level":0.95,"lower_bound":-0.0010765070150022815,"upper_bound":0.0005608024982617366},"point_estimate":-0.00024535277930481936,"standard_error":0.00042263715413212315}}