{"mean":{"confidence_interval":{"confidence_level":0.95,"lower_bound":-0.0006955893975852997,"upper_bound":0.0026973531630474974},"point_estimate":0.0009033612442366223,"standard_error":0.0008779130227833904},"median":{"confidence_interval":{"confidence_level":0.95,"lower_bound":0.00011430252116162443,"upper_bound":0.0006321474358501611},"point_estimate":0.0003504029781715712,"standard_error":0.00013048565555542956}}