{"mean":{"confidence_interval":{"confidence_level":0.95,"lower_bound":-0.006619120580705464,"upper_bound":-0.002258247921697672},"point_estimate":-0.004311353878780233,"standard_error":0.0011106041572207792},"median":{"confidence_interval":{"confidence_level":0.95,"lower_bound":-0.004764661898392419,"upper_bound":-0.001682619988560452},"point_estimate":-0.003115961149890656,"standard_error":0.0007687685306926034}}