{"mean":{"confidence_interval":{"confidence_level":0.95,"lower_bound":-0.0015066286294521446,"upper_bound":0.0032125747138670112},"point_estimate":0.0007296631860023162,"standard_error":0.0011960423671381621},"median":{"confidence_interval":{"confidence_level":0.95,"lower_bound":7.961446442328324e-6,"upper_bound":0.0030447096845171995},"point_estimate":0.0016449985159288083,"standard_error":0.0008041362331029235}}