{"mean":{"confidence_interval":{"confidence_level":0.95,"lower_bound":0.004262610519734413,"upper_bound":0.021801020932673998},"point_estimate":0.012755886108313463,"standard_error":0.004741103809217017},"median":{"confidence_interval":{"confidence_level":0.95,"lower_bound":0.00027423754257192606,"upper_bound":0.0007250417507002948},"point_estimate":0.0005435471564168015,"standard_error":0.00012738646364788623}}