{"mean":{"confidence_interval":{"confidence_level":0.95,"lower_bound":0.004125179040122518,"upper_bound":0.019634870735153343},"point_estimate":0.01121109282245758,"standard_error":0.003953763670650485},"median":{"confidence_interval":{"confidence_level":0.95,"lower_bound":-0.00046228498717326705,"upper_bound":0.0022537279852252083},"point_estimate":0.0006400834423800905,"standard_error":0.000623904366810914}}