{"mean":{"confidence_interval":{"confidence_level":0.95,"lower_bound":-0.0036511127145191667,"upper_bound":-0.0003274128242887731},"point_estimate":-0.002030686707340079,"standard_error":0.0008434935303011693},"median":{"confidence_interval":{"confidence_level":0.95,"lower_bound":-0.003134416777427429,"upper_bound":0.0004109173055477644},"point_estimate":-0.0011234649952066578,"standard_error":0.0009076398677122905}}