{"mean":{"confidence_interval":{"confidence_level":0.95,"lower_bound":0.004081359502116128,"upper_bound":0.008192574063851099},"point_estimate":0.005912605458277875,"standard_error":0.001084124013447302},"median":{"confidence_interval":{"confidence_level":0.95,"lower_bound":0.0038273321316566467,"upper_bound":0.007087041287377345},"point_estimate":0.005191831888885279,"standard_error":0.0008471395303468455}}