{"mean":{"confidence_interval":{"confidence_level":0.95,"lower_bound":-0.0010697406416832504,"upper_bound":0.002857831481462929},"point_estimate":0.0005728069256376589,"standard_error":0.0009987998388724087},"median":{"confidence_interval":{"confidence_level":0.95,"lower_bound":-0.0008353527247164817,"upper_bound":0.0009842224981475578},"point_estimate":0.00008476058953266197,"standard_error":0.00046089917568215276}}