{"mean":{"confidence_interval":{"confidence_level":0.95,"lower_bound":-0.0028807248035316417,"upper_bound":0.000794076063938642},"point_estimate":-0.0009534662132368865,"standard_error":0.0009377784256434999},"median":{"confidence_interval":{"confidence_level":0.95,"lower_bound":-0.0014325566782419363,"upper_bound":0.0005578063880845688},"point_estimate":-0.00029725213264575334,"standard_error":0.0004928032768615748}}