{"mean":{"confidence_interval":{"confidence_level":0.95,"lower_bound":-0.0001230055486796108,"upper_bound":0.002082489296723344},"point_estimate":0.000978021405965368,"standard_error":0.000567052028084545},"median":{"confidence_interval":{"confidence_level":0.95,"lower_bound":0.00006780508653281281,"upper_bound":0.0022035778993894084},"point_estimate":0.0011469699152364399,"standard_error":0.0005832614564746586}}