{"mean":{"confidence_interval":{"confidence_level":0.95,"lower_bound":-0.0015715142356216194,"upper_bound":0.0054078035130855455},"point_estimate":0.0022757390461702887,"standard_error":0.0017838130604179842},"median":{"confidence_interval":{"confidence_level":0.95,"lower_bound":0.0023592961654357895,"upper_bound":0.007866586568152867},"point_estimate":0.005323857506571716,"standard_error":0.0014046560946106895}}