{"mean":{"confidence_interval":{"confidence_level":0.95,"lower_bound":-0.00343264887725723,"upper_bound":-0.00018045428732971214},"point_estimate":-0.0018205736235391567,"standard_error":0.0008298088819955183},"median":{"confidence_interval":{"confidence_level":0.95,"lower_bound":-0.0036431949938144914,"upper_bound":-0.00025290896261181744},"point_estimate":-0.0015997832959144809,"standard_error":0.0008860965321748989}}