{"mean":{"confidence_interval":{"confidence_level":0.95,"lower_bound":15.496084790166975,"upper_bound":15.538246879510474},"point_estimate":15.515435143548398,"standard_error":0.010790336228477661},"median":{"confidence_interval":{"confidence_level":0.95,"lower_bound":15.466444294846934,"upper_bound":15.486162877474904},"point_estimate":15.474216526790928,"standard_error":0.0049603860976063716},"median_abs_dev":{"confidence_interval":{"confidence_level":0.95,"lower_bound":0.02205556303783352,"upper_bound":0.046390526172986404},"point_estimate":0.03387791037905714,"standard_error":0.006334952698263521},"slope":{"confidence_interval":{"confidence_level":0.95,"lower_bound":15.487146550978315,"upper_bound":15.527720328734196},"point_estimate":15.505264981701082,"standard_error":0.010360891927754707},"std_dev":{"confidence_interval":{"confidence_level":0.95,"lower_bound":0.06754778379469753,"upper_bound":0.143507346741787},"point_estimate":0.10833626737483902,"standard_error":0.019407954693824753}}