{"mean":{"confidence_interval":{"confidence_level":0.95,"lower_bound":15.494522899252154,"upper_bound":15.56391088650202},"point_estimate":15.521083529468207,"standard_error":0.01861183418990692},"median":{"confidence_interval":{"confidence_level":0.95,"lower_bound":15.489556936798088,"upper_bound":15.50094244273723},"point_estimate":15.49474542685259,"standard_error":0.003031975574394099},"median_abs_dev":{"confidence_interval":{"confidence_level":0.95,"lower_bound":0.021515100006394703,"upper_bound":0.0374675457973416},"point_estimate":0.029894080723396083,"standard_error":0.004073820366233794},"slope":{"confidence_interval":{"confidence_level":0.95,"lower_bound":15.497220833907328,"upper_bound":15.529335520405445},"point_estimate":15.510216391024157,"standard_error":0.008453369317873886},"std_dev":{"confidence_interval":{"confidence_level":0.95,"lower_bound":0.031940425139719404,"upper_bound":0.3097275331833697},"point_estimate":0.1863751349914288,"standard_error":0.08626926242320931}}