{"mean":{"confidence_interval":{"confidence_level":0.95,"lower_bound":484.366177692489,"upper_bound":487.4229609876776},"point_estimate":485.84813029064077,"standard_error":0.7825817392852664},"median":{"confidence_interval":{"confidence_level":0.95,"lower_bound":481.6408832312402,"upper_bound":487.8849678526178},"point_estimate":484.28991006868335,"standard_error":1.8629232351024334},"median_abs_dev":{"confidence_interval":{"confidence_level":0.95,"lower_bound":6.108335146711133,"upper_bound":10.161647791872351},"point_estimate":9.376125296540456,"standard_error":1.1049739632734035},"slope":{"confidence_interval":{"confidence_level":0.95,"lower_bound":481.18631869768564,"upper_bound":484.7836637021689},"point_estimate":482.8448001298846,"standard_error":0.9165277572813556},"std_dev":{"confidence_interval":{"confidence_level":0.95,"lower_bound":6.252341366085142,"upper_bound":9.620251900399017},"point_estimate":7.836349657252164,"standard_error":0.8897827920425582}}