{"mean":{"confidence_interval":{"confidence_level":0.95,"lower_bound":-0.13075905846843153,"upper_bound":-0.07157192576384529},"point_estimate":-0.10196456667887799,"standard_error":0.015082901982789425},"median":{"confidence_interval":{"confidence_level":0.95,"lower_bound":-0.18399892823478958,"upper_bound":-0.01827523507477513},"point_estimate":-0.03058489519573815,"standard_error":0.043378842436534185}}