{"mean":{"confidence_interval":{"confidence_level":0.95,"lower_bound":-0.016976045545313803,"upper_bound":0.04702699729408316},"point_estimate":0.013987997017461007,"standard_error":0.01641929763863092},"median":{"confidence_interval":{"confidence_level":0.95,"lower_bound":-0.030377289798034446,"upper_bound":0.07628743360115542},"point_estimate":0.04087969551268933,"standard_error":0.03312072910810189}}