{"mean":{"confidence_interval":{"confidence_level":0.95,"lower_bound":0.051641472989210804,"upper_bound":0.10153510714070757},"point_estimate":0.0751150160470333,"standard_error":0.012718115025708536},"median":{"confidence_interval":{"confidence_level":0.95,"lower_bound":-0.008991223884738941,"upper_bound":0.011740614141991568},"point_estimate":0.00005976189140532995,"standard_error":0.0052555268948491505}}