{"mean":{"confidence_interval":{"confidence_level":0.95,"lower_bound":0.12426042267887792,"upper_bound":0.19067738559086697},"point_estimate":0.15757090584009714,"standard_error":0.017024339419248066},"median":{"confidence_interval":{"confidence_level":0.95,"lower_bound":0.17221995977999027,"upper_bound":0.25554967253155714},"point_estimate":0.24704099368365018,"standard_error":0.021160930373303063}}