{"mean":{"confidence_interval":{"confidence_level":0.95,"lower_bound":-0.07869654202899426,"upper_bound":-0.02157449639920558},"point_estimate":-0.04971589837803292,"standard_error":0.014612181302110464},"median":{"confidence_interval":{"confidence_level":0.95,"lower_bound":-0.10622434000873004,"upper_bound":0.03186136087786284},"point_estimate":-0.017348289206053802,"standard_error":0.05052988687045225}}