{"mean":{"confidence_interval":{"confidence_level":0.95,"lower_bound":0.026279590341167412,"upper_bound":0.08469652413199764},"point_estimate":0.054860496990766006,"standard_error":0.014992854923365434},"median":{"confidence_interval":{"confidence_level":0.95,"lower_bound":-0.0056298210717837804,"upper_bound":0.013737655158843731},"point_estimate":0.006913815963980996,"standard_error":0.011711063678227685}}