{"mean":{"confidence_interval":{"confidence_level":0.95,"lower_bound":0.09052484690262741,"upper_bound":0.14971481826720032},"point_estimate":0.11795532568648359,"standard_error":0.014968717781478756},"median":{"confidence_interval":{"confidence_level":0.95,"lower_bound":0.034010317006210045,"upper_bound":0.25277949008703127},"point_estimate":0.1928167281174622,"standard_error":0.06809157509987539}}