{"mean":{"confidence_interval":{"confidence_level":0.95,"lower_bound":0.22341308607051932,"upper_bound":0.29931608521296665},"point_estimate":0.26074227453178755,"standard_error":0.019328586011775242},"median":{"confidence_interval":{"confidence_level":0.95,"lower_bound":0.2080329845411668,"upper_bound":0.33140378903022283},"point_estimate":0.25183216401144115,"standard_error":0.02898829885958904}}