{"mean":{"confidence_interval":{"confidence_level":0.95,"lower_bound":0.16276523511208238,"upper_bound":0.26639352165051383},"point_estimate":0.2119731280340258,"standard_error":0.02587155798785632},"median":{"confidence_interval":{"confidence_level":0.95,"lower_bound":0.1510030051081266,"upper_bound":0.2195934422481982},"point_estimate":0.15805691561494783,"standard_error":0.017505922344106487}}