{"mean":{"confidence_interval":{"confidence_level":0.95,"lower_bound":0.011255815262714039,"upper_bound":0.0848968463315164},"point_estimate":0.0453392782855484,"standard_error":0.01883778830940268},"median":{"confidence_interval":{"confidence_level":0.95,"lower_bound":-0.0421173088866752,"upper_bound":0.05190683095507761},"point_estimate":0.018667325370337107,"standard_error":0.026647531964587152}}