{"mean":{"confidence_interval":{"confidence_level":0.95,"lower_bound":-0.12010508424198507,"upper_bound":-0.07832208464289715},"point_estimate":-0.09917023484749754,"standard_error":0.010688369468159284},"median":{"confidence_interval":{"confidence_level":0.95,"lower_bound":-0.08718764308588,"upper_bound":-0.05397611986620188},"point_estimate":-0.0563411703337261,"standard_error":0.009225071999180408}}