{"mean":{"confidence_interval":{"confidence_level":0.95,"lower_bound":-0.08010339308304316,"upper_bound":-0.023664650809374972},"point_estimate":-0.051969280643498594,"standard_error":0.014418848609305748},"median":{"confidence_interval":{"confidence_level":0.95,"lower_bound":-0.0050055527847955306,"upper_bound":0.04835865170158821},"point_estimate":0.02643183512149383,"standard_error":0.011084084021263409}}