{"mean":{"confidence_interval":{"confidence_level":0.95,"lower_bound":0.025953178065213144,"upper_bound":0.0501957336058983},"point_estimate":0.036936584713491705,"standard_error":0.005908427323375714},"median":{"confidence_interval":{"confidence_level":0.95,"lower_bound":0.01723987076988376,"upper_bound":0.048484589771717435},"point_estimate":0.02687143451832985,"standard_error":0.008404193684878963}}