{"mean":{"confidence_interval":{"confidence_level":0.95,"lower_bound":-0.0017287819879307038,"upper_bound":0.036402541047978174},"point_estimate":0.01815928641970821,"standard_error":0.010106149939525523},"median":{"confidence_interval":{"confidence_level":0.95,"lower_bound":-0.0412088693766679,"upper_bound":0.01009742030869476},"point_estimate":-0.017614851658194097,"standard_error":0.014598882476972847}}