{"mean":{"confidence_interval":{"confidence_level":0.95,"lower_bound":-0.062255587100109526,"upper_bound":0.006178680002508533},"point_estimate":-0.028831794833600544,"standard_error":0.01763763411389771},"median":{"confidence_interval":{"confidence_level":0.95,"lower_bound":-0.06867459153458844,"upper_bound":-0.04752461270486685},"point_estimate":-0.0662097710187678,"standard_error":0.0056567858763241835}}