{"mean":{"confidence_interval":{"confidence_level":0.95,"lower_bound":-0.04807117214117812,"upper_bound":0.019176467079820105},"point_estimate":-0.014817967106889096,"standard_error":0.01717858704725499},"median":{"confidence_interval":{"confidence_level":0.95,"lower_bound":-0.07908631210314632,"upper_bound":0.06660096795490111},"point_estimate":0.0021961987003313865,"standard_error":0.035387678992305646}}