{"mean":{"confidence_interval":{"confidence_level":0.95,"lower_bound":-0.027744435551598425,"upper_bound":-0.010748364444636782},"point_estimate":-0.018813088429752933,"standard_error":0.004320371362098848},"median":{"confidence_interval":{"confidence_level":0.95,"lower_bound":-0.05191848586801706,"upper_bound":0.011076882913921615},"point_estimate":-0.029913331618279804,"standard_error":0.01434562529477128}}