{"mean":{"confidence_interval":{"confidence_level":0.95,"lower_bound":0.03267887464053311,"upper_bound":0.06840162375521147},"point_estimate":0.049814682606031946,"standard_error":0.009167666681488098},"median":{"confidence_interval":{"confidence_level":0.95,"lower_bound":-0.030064165585048208,"upper_bound":0.06640744945055266},"point_estimate":0.0006886733757649477,"standard_error":0.02678924447970139}}