{"mean":{"confidence_interval":{"confidence_level":0.95,"lower_bound":0.04828792084476761,"upper_bound":0.10410064852493706},"point_estimate":0.07685222620255083,"standard_error":0.01441442403117216},"median":{"confidence_interval":{"confidence_level":0.95,"lower_bound":0.04366630794541517,"upper_bound":0.13289372089568008},"point_estimate":0.12598849620727193,"standard_error":0.02144759924919536}}