{"mean":{"confidence_interval":{"confidence_level":0.95,"lower_bound":-0.0629485612929587,"upper_bound":0.018312320075928205},"point_estimate":-0.02288759690617037,"standard_error":0.0207504137659828},"median":{"confidence_interval":{"confidence_level":0.95,"lower_bound":-0.03152760691343692,"upper_bound":0.008690080508424458},"point_estimate":-0.011809243426990634,"standard_error":0.010495498675059875}}