{"mean":{"confidence_interval":{"confidence_level":0.95,"lower_bound":-0.04736026857305751,"upper_bound":0.018929620160924813},"point_estimate":-0.014419318664205205,"standard_error":0.016835316267305712},"median":{"confidence_interval":{"confidence_level":0.95,"lower_bound":-0.06193871629028769,"upper_bound":-0.001681574433212707},"point_estimate":-0.034341354140863034,"standard_error":0.010779212116208062}}