{"mean":{"confidence_interval":{"confidence_level":0.95,"lower_bound":0.020561103033016028,"upper_bound":0.0686787463885262},"point_estimate":0.04405974004245139,"standard_error":0.012283041380599876},"median":{"confidence_interval":{"confidence_level":0.95,"lower_bound":-0.007490157773849981,"upper_bound":0.035664318265498096},"point_estimate":0.006497050817489303,"standard_error":0.011765983506381653}}