{"mean":{"confidence_interval":{"confidence_level":0.95,"lower_bound":-0.06688079481844902,"upper_bound":-0.023935173607724552},"point_estimate":-0.045699922336971954,"standard_error":0.010934587135432168},"median":{"confidence_interval":{"confidence_level":0.95,"lower_bound":-0.02554562631803403,"upper_bound":0.00006677860702475336},"point_estimate":-0.0025998980774453173,"standard_error":0.006930605135352209}}