{"mean":{"confidence_interval":{"confidence_level":0.95,"lower_bound":0.007068781946984423,"upper_bound":0.07048664946722823},"point_estimate":0.037090036295897466,"standard_error":0.01610482865389092},"median":{"confidence_interval":{"confidence_level":0.95,"lower_bound":-0.01682868910287927,"upper_bound":-0.0047406928137389},"point_estimate":-0.00855780569877529,"standard_error":0.003582416556014561}}