{"mean":{"confidence_interval":{"confidence_level":0.95,"lower_bound":-0.10969302891775773,"upper_bound":-0.06452823400849812},"point_estimate":-0.08750882521667025,"standard_error":0.011491656153892766},"median":{"confidence_interval":{"confidence_level":0.95,"lower_bound":-0.09835370442477147,"upper_bound":-0.017369131881295963},"point_estimate":-0.05543356050363679,"standard_error":0.02334869363405865}}