{"mean":{"confidence_interval":{"confidence_level":0.95,"lower_bound":0.04038483262440854,"upper_bound":0.10115249362868323},"point_estimate":0.07009496815421645,"standard_error":0.015340650184498636},"median":{"confidence_interval":{"confidence_level":0.95,"lower_bound":-0.006966194948748283,"upper_bound":0.061735327923517325},"point_estimate":0.0009095014161026871,"standard_error":0.019429894379359474}}