{"mean":{"confidence_interval":{"confidence_level":0.95,"lower_bound":-0.09870985503014666,"upper_bound":-0.05865282384527958},"point_estimate":-0.0787911805190964,"standard_error":0.010198612527047506},"median":{"confidence_interval":{"confidence_level":0.95,"lower_bound":-0.03080537481266654,"upper_bound":-0.001282187572534066},"point_estimate":-0.017558306937954127,"standard_error":0.007103901011966896}}