{"mean":{"confidence_interval":{"confidence_level":0.95,"lower_bound":0.009501810876727239,"upper_bound":0.06147150467249366},"point_estimate":0.034480367559976965,"standard_error":0.013163389372505383},"median":{"confidence_interval":{"confidence_level":0.95,"lower_bound":-0.002463759395095577,"upper_bound":0.039819924053051924},"point_estimate":0.0036044547244051817,"standard_error":0.009713637093543278}}