{"mean":{"confidence_interval":{"confidence_level":0.95,"lower_bound":-0.26420068385477935,"upper_bound":-0.10525574671815298},"point_estimate":-0.18724116755817954,"standard_error":0.040648726186482874},"median":{"confidence_interval":{"confidence_level":0.95,"lower_bound":-0.09131420357370235,"upper_bound":0.036964218662568715},"point_estimate":-0.011358963510506359,"standard_error":0.02810636023566466}}