{"mean":{"confidence_interval":{"confidence_level":0.95,"lower_bound":-0.010124214733067089,"upper_bound":0.008575544665019646},"point_estimate":-0.0012418167572834093,"standard_error":0.0047701605842006105},"median":{"confidence_interval":{"confidence_level":0.95,"lower_bound":-0.02464263728632754,"upper_bound":0.002156097610909995},"point_estimate":-0.022653274190233663,"standard_error":0.006522126792592073}}