{"mean":{"confidence_interval":{"confidence_level":0.95,"lower_bound":-0.0030603242596651424,"upper_bound":-0.0005106973932518026},"point_estimate":-0.0018186461428434386,"standard_error":0.0006498482048216019},"median":{"confidence_interval":{"confidence_level":0.95,"lower_bound":-0.0013181671679515228,"upper_bound":0.00029858573393459764},"point_estimate":-0.0005481335650414643,"standard_error":0.0004084998480780441}}