{"mean":{"confidence_interval":{"confidence_level":0.95,"lower_bound":0.00002634391259679445,"upper_bound":0.005052242208300988},"point_estimate":0.0021405536022505167,"standard_error":0.0013449888238195608},"median":{"confidence_interval":{"confidence_level":0.95,"lower_bound":-0.00019782693584258215,"upper_bound":0.0009569717013344636},"point_estimate":0.00022243520752640578,"standard_error":0.00030675753083835543}}