{"mean":{"confidence_interval":{"confidence_level":0.95,"lower_bound":-0.0033450161518873336,"upper_bound":-0.000560905560664655},"point_estimate":-0.0019399643897353158,"standard_error":0.0007166042830261989},"median":{"confidence_interval":{"confidence_level":0.95,"lower_bound":-0.004374850994002255,"upper_bound":-0.0013965069849363188},"point_estimate":-0.0031974103227067063,"standard_error":0.0009307150194058791}}