{"mean":{"confidence_interval":{"confidence_level":0.95,"lower_bound":-0.00751779477564064,"upper_bound":-0.0018557156258412338},"point_estimate":-0.0042353275070472485,"standard_error":0.0014695288278109855},"median":{"confidence_interval":{"confidence_level":0.95,"lower_bound":-0.0036160954962511926,"upper_bound":-0.0017224908482890156},"point_estimate":-0.0026476925511861316,"standard_error":0.0005188742596557259}}