{"mean":{"confidence_interval":{"confidence_level":0.95,"lower_bound":-0.0002894845521100917,"upper_bound":0.0019345907723556596},"point_estimate":0.0008430461581383497,"standard_error":0.0005691745208586689},"median":{"confidence_interval":{"confidence_level":0.95,"lower_bound":0.0002508994335552739,"upper_bound":0.0014107220370889184},"point_estimate":0.000912552609587225,"standard_error":0.00029013407445070433}}