{"mean":{"confidence_interval":{"confidence_level":0.95,"lower_bound":-0.013236313065212118,"upper_bound":-0.001662682876571044},"point_estimate":-0.006810917986962095,"standard_error":0.0029838705043304455},"median":{"confidence_interval":{"confidence_level":0.95,"lower_bound":-0.003593444388624918,"upper_bound":-0.0017608334226646427},"point_estimate":-0.002618810914923664,"standard_error":0.00047985079453497024}}