{"mean":{"confidence_interval":{"confidence_level":0.95,"lower_bound":-0.0007272626783295013,"upper_bound":0.005484281267092732},"point_estimate":0.002179897066715508,"standard_error":0.0015895518565137586},"median":{"confidence_interval":{"confidence_level":0.95,"lower_bound":0.00019323087394718108,"upper_bound":0.0029481817505758734},"point_estimate":0.0017376411225209498,"standard_error":0.0006858927058513362}}