{"mean":{"confidence_interval":{"confidence_level":0.95,"lower_bound":-0.05563241523097065,"upper_bound":-0.021618069055965507},"point_estimate":-0.03753086699911734,"standard_error":0.008686055677491953},"median":{"confidence_interval":{"confidence_level":0.95,"lower_bound":-0.001071491351192333,"upper_bound":0.0008448991339846668},"point_estimate":-0.00006310605348525122,"standard_error":0.00046186902061153207}}