{"mean":{"confidence_interval":{"confidence_level":0.95,"lower_bound":-0.0045370172688455794,"upper_bound":0.00038142569817640174},"point_estimate":-0.001768066668720203,"standard_error":0.0012662503224928818},"median":{"confidence_interval":{"confidence_level":0.95,"lower_bound":-0.0011320255139353197,"upper_bound":0.00023710130532750284},"point_estimate":-0.0006970856750592169,"standard_error":0.0003525273717634901}}