{"mean":{"confidence_interval":{"confidence_level":0.95,"lower_bound":-0.009776208114883767,"upper_bound":-0.004246139519527634},"point_estimate":-0.0065771655671175155,"standard_error":0.0014457022722406574},"median":{"confidence_interval":{"confidence_level":0.95,"lower_bound":-0.005471631366213869,"upper_bound":-0.0043120942218204394},"point_estimate":-0.004926076898909892,"standard_error":0.0003179234911810333}}