{"mean":{"confidence_interval":{"confidence_level":0.95,"lower_bound":0.03965219989021099,"upper_bound":0.06472147634565129},"point_estimate":0.052015810393473805,"standard_error":0.006223664903790366},"median":{"confidence_interval":{"confidence_level":0.95,"lower_bound":0.0014023859050236176,"upper_bound":0.05658607450427849},"point_estimate":0.0041146437815358095,"standard_error":0.017171061795166222}}