{"mean":{"confidence_interval":{"confidence_level":0.95,"lower_bound":-0.003457277971688366,"upper_bound":-0.00009036305153053269},"point_estimate":-0.002029346531793652,"standard_error":0.0008632763740708308},"median":{"confidence_interval":{"confidence_level":0.95,"lower_bound":-0.003637828163002177,"upper_bound":-0.001815666132216398},"point_estimate":-0.0029412559235726388,"standard_error":0.0004434730457156805}}