{"mean":{"confidence_interval":{"confidence_level":0.95,"lower_bound":-0.9932253519848611,"upper_bound":-0.9931986972347628},"point_estimate":-0.9932103995856199,"standard_error":6.855907981532147e-6},"median":{"confidence_interval":{"confidence_level":0.95,"lower_bound":-0.9932126996131687,"upper_bound":-0.9932024035617804},"point_estimate":-0.9932091186594192,"standard_error":2.6730581077186364e-6}}