{"mean":{"confidence_interval":{"confidence_level":0.95,"lower_bound":-0.003105129034128104,"upper_bound":-0.0006231454222672434},"point_estimate":-0.0017289427900033516,"standard_error":0.0006310254168233279},"median":{"confidence_interval":{"confidence_level":0.95,"lower_bound":-0.002018246793650702,"upper_bound":-0.0007357565525365484},"point_estimate":-0.0014433220928968815,"standard_error":0.0003325463244217998}}