{"mean":{"confidence_interval":{"confidence_level":0.95,"lower_bound":-0.09088403971526782,"upper_bound":-0.04945912693036571},"point_estimate":-0.06977842342837226,"standard_error":0.010548552262866705},"median":{"confidence_interval":{"confidence_level":0.95,"lower_bound":-0.005157551924395376,"upper_bound":-0.0007051785591346382},"point_estimate":-0.0014622075992233308,"standard_error":0.004756714294988539}}