{"mean":{"confidence_interval":{"confidence_level":0.95,"lower_bound":-0.0012776646665590113,"upper_bound":0.0035841696817928504},"point_estimate":0.0008339560658698897,"standard_error":0.0012968502010373144},"median":{"confidence_interval":{"confidence_level":0.95,"lower_bound":-0.0009739233336528708,"upper_bound":0.0003036787025365584},"point_estimate":-0.0002799878151370505,"standard_error":0.0003239941376606386}}