{"mean":{"confidence_interval":{"confidence_level":0.95,"lower_bound":0.00006346259744381974,"upper_bound":0.002788877676451623},"point_estimate":0.001421738262427974,"standard_error":0.0006930310822609564},"median":{"confidence_interval":{"confidence_level":0.95,"lower_bound":0.0007157457179953752,"upper_bound":0.002387137045772869},"point_estimate":0.0016603859563504297,"standard_error":0.0004164610317284799}}