{"mean":{"confidence_interval":{"confidence_level":0.95,"lower_bound":-0.0005803769875984489,"upper_bound":0.004052529818118302},"point_estimate":0.0014900442991114815,"standard_error":0.0012339162745829847},"median":{"confidence_interval":{"confidence_level":0.95,"lower_bound":-0.0010339732549189407,"upper_bound":0.00024922648427948534},"point_estimate":-0.00025595171180348153,"standard_error":0.00031588808748915704}}