{"mean":{"confidence_interval":{"confidence_level":0.95,"lower_bound":-0.0007467184165647287,"upper_bound":0.001679992407646423},"point_estimate":0.0004324847539853849,"standard_error":0.0006154475212879624},"median":{"confidence_interval":{"confidence_level":0.95,"lower_bound":-0.0006212857542316468,"upper_bound":0.000999983833687601},"point_estimate":0.00008674610330783317,"standard_error":0.0004226957714113459}}