{"mean":{"confidence_interval":{"confidence_level":0.95,"lower_bound":145.69408398377848,"upper_bound":146.56402865507505},"point_estimate":146.16147480718877,"standard_error":0.22214301538125844},"median":{"confidence_interval":{"confidence_level":0.95,"lower_bound":146.08052395523347,"upper_bound":146.39715623492228},"point_estimate":146.22461198152953,"standard_error":0.07945703523737811}}