{"mean":{"confidence_interval":{"confidence_level":0.95,"lower_bound":0.0006640290667706722,"upper_bound":0.0035732773569128627},"point_estimate":0.002138775785830216,"standard_error":0.0007489569437425256},"median":{"confidence_interval":{"confidence_level":0.95,"lower_bound":0.0013165657148925813,"upper_bound":0.0034574835722682717},"point_estimate":0.0024183483058972666,"standard_error":0.0005680411494464189}}