{"mean":{"confidence_interval":{"confidence_level":0.95,"lower_bound":0.010311090884268065,"upper_bound":0.028452235797795995},"point_estimate":0.018779483220437543,"standard_error":0.004402951968934286},"median":{"confidence_interval":{"confidence_level":0.95,"lower_bound":0.0007892318940594389,"upper_bound":0.001946115246793667},"point_estimate":0.0013470251221239238,"standard_error":0.00033623460663647996}}