{"mean":{"confidence_interval":{"confidence_level":0.95,"lower_bound":0.0003457228916715518,"upper_bound":0.0023322231582640907},"point_estimate":0.0012480627076587592,"standard_error":0.0004984668052989766},"median":{"confidence_interval":{"confidence_level":0.95,"lower_bound":0.00006560474589734078,"upper_bound":0.0012404723900678594},"point_estimate":0.0005275361747654195,"standard_error":0.00029437931249083556}}