{"mean":{"confidence_interval":{"confidence_level":0.95,"lower_bound":-0.07807266015260915,"upper_bound":-0.0116164121780658},"point_estimate":-0.041077896107227785,"standard_error":0.017157646764924858},"median":{"confidence_interval":{"confidence_level":0.95,"lower_bound":-0.005434110000807513,"upper_bound":-0.0031137364733773154},"point_estimate":-0.004711568930286569,"standard_error":0.0006296534469073769}}