{"mean":{"confidence_interval":{"confidence_level":0.95,"lower_bound":0.0009672773063006071,"upper_bound":0.006426499558105197},"point_estimate":0.003321466202134138,"standard_error":0.0014383288808945546},"median":{"confidence_interval":{"confidence_level":0.95,"lower_bound":0.0008138980211502833,"upper_bound":0.0020484800116177147},"point_estimate":0.0014901761534618085,"standard_error":0.000330432026127518}}