{"mean":{"confidence_interval":{"confidence_level":0.95,"lower_bound":-0.0016541229951745977,"upper_bound":0.0002869132422912085},"point_estimate":-0.0005802398952915455,"standard_error":0.0004969084013076075},"median":{"confidence_interval":{"confidence_level":0.95,"lower_bound":-0.0007377910968127122,"upper_bound":0.00045970515555304736},"point_estimate":-0.00020151205204343992,"standard_error":0.0003077870700029477}}