{"mean":{"confidence_interval":{"confidence_level":0.95,"lower_bound":-0.0033560663972295344,"upper_bound":-0.000011911504591686253},"point_estimate":-0.0014583152115724696,"standard_error":0.0008621418089455857},"median":{"confidence_interval":{"confidence_level":0.95,"lower_bound":-0.0012831096610662618,"upper_bound":0.00019732075575884522},"point_estimate":-0.0004471301622001045,"standard_error":0.00038587430325839374}}