{"mean":{"confidence_interval":{"confidence_level":0.95,"lower_bound":0.002762441569715601,"upper_bound":0.004576443524991946},"point_estimate":0.0036650829528777074,"standard_error":0.00045840335477263035},"median":{"confidence_interval":{"confidence_level":0.95,"lower_bound":0.0029536560200451147,"upper_bound":0.00409230411793736},"point_estimate":0.0036005462814372446,"standard_error":0.00030132991246171353}}