{"mean":{"confidence_interval":{"confidence_level":0.95,"lower_bound":-0.026367353212268154,"upper_bound":0.022851481928576813},"point_estimate":-0.002856021744728543,"standard_error":0.012534021778512103},"median":{"confidence_interval":{"confidence_level":0.95,"lower_bound":-0.09735454928404508,"upper_bound":0.008708685436809027},"point_estimate":-0.05865254014847854,"standard_error":0.02700979436839773}}