{"mean":{"confidence_interval":{"confidence_level":0.95,"lower_bound":-0.019611525929566005,"upper_bound":0.010693480949128005},"point_estimate":-0.004707338452188625,"standard_error":0.007647013929028964},"median":{"confidence_interval":{"confidence_level":0.95,"lower_bound":-0.050492145712373926,"upper_bound":0.0670826873624033},"point_estimate":-0.003046869357387849,"standard_error":0.026435353550518112}}