{"mean":{"confidence_interval":{"confidence_level":0.95,"lower_bound":0.03208145082848571,"upper_bound":0.05478157991342262},"point_estimate":0.042545972238208885,"standard_error":0.005759662904592896},"median":{"confidence_interval":{"confidence_level":0.95,"lower_bound":0.001417020736857788,"upper_bound":0.03962128589227709},"point_estimate":0.01822499076974493,"standard_error":0.010399072415024847}}