{"mean":{"confidence_interval":{"confidence_level":0.95,"lower_bound":-0.043083006112668465,"upper_bound":-0.0007209668540103048},"point_estimate":-0.022181461678226544,"standard_error":0.010854075226481923},"median":{"confidence_interval":{"confidence_level":0.95,"lower_bound":-0.05056077408259696,"upper_bound":0.1002762761288325},"point_estimate":0.03974552181278357,"standard_error":0.04047501636937091}}