{"mean":{"confidence_interval":{"confidence_level":0.95,"lower_bound":-0.007536659297687975,"upper_bound":-0.0032548402812036144},"point_estimate":-0.005192310868011196,"standard_error":0.0010951650475607838},"median":{"confidence_interval":{"confidence_level":0.95,"lower_bound":-0.009387972382159715,"upper_bound":-0.00514274694046252},"point_estimate":-0.008299908222624164,"standard_error":0.0010033506824332755}}