{"mean":{"confidence_interval":{"confidence_level":0.95,"lower_bound":-0.004571950223070793,"upper_bound":0.01521209311563062},"point_estimate":0.005508506224093157,"standard_error":0.005062627608778326},"median":{"confidence_interval":{"confidence_level":0.95,"lower_bound":-0.0000793543592610968,"upper_bound":0.0038053297943252407},"point_estimate":0.001548806476137532,"standard_error":0.0011161589151009945}}