{"mean":{"confidence_interval":{"confidence_level":0.95,"lower_bound":-0.06294439083468276,"upper_bound":-0.03757115426857978},"point_estimate":-0.050653683368416025,"standard_error":0.006437850743669415},"median":{"confidence_interval":{"confidence_level":0.95,"lower_bound":-0.10415207455135755,"upper_bound":-0.0858038072290177},"point_estimate":-0.09205544486947437,"standard_error":0.005623939579100427}}