{"mean":{"confidence_interval":{"confidence_level":0.95,"lower_bound":-0.05142960116408796,"upper_bound":-0.025961242362789367},"point_estimate":-0.038302490183119264,"standard_error":0.006474685568963357},"median":{"confidence_interval":{"confidence_level":0.95,"lower_bound":-0.009727103560281041,"upper_bound":-0.0024809478185546796},"point_estimate":-0.00479573497080521,"standard_error":0.0020009389417453617}}