{"mean":{"confidence_interval":{"confidence_level":0.95,"lower_bound":0.057657047446831644,"upper_bound":0.10417675500025472},"point_estimate":0.07961715907275724,"standard_error":0.012023515480276177},"median":{"confidence_interval":{"confidence_level":0.95,"lower_bound":0.010121681284676276,"upper_bound":0.05602451387730123},"point_estimate":0.012485439649539964,"standard_error":0.013561701445322913}}