{"mean":{"confidence_interval":{"confidence_level":0.95,"lower_bound":0.07935611494194686,"upper_bound":0.12266032315802868},"point_estimate":0.1011844519998657,"standard_error":0.011191394929001161},"median":{"confidence_interval":{"confidence_level":0.95,"lower_bound":0.014856141154786062,"upper_bound":0.12720121206266644},"point_estimate":0.05054094220260219,"standard_error":0.037414521039936276}}