{"mean":{"confidence_interval":{"confidence_level":0.95,"lower_bound":-0.004468914784619578,"upper_bound":0.04053451278748751},"point_estimate":0.01761987017205513,"standard_error":0.011526852798311251},"median":{"confidence_interval":{"confidence_level":0.95,"lower_bound":0.07293945149647607,"upper_bound":0.1283749796653868},"point_estimate":0.12775262398496978,"standard_error":0.01381667360974441}}