{"mean":{"confidence_interval":{"confidence_level":0.95,"lower_bound":-0.13644824504936648,"upper_bound":-0.09357133742708464},"point_estimate":-0.11507466838075509,"standard_error":0.010985807131843887},"median":{"confidence_interval":{"confidence_level":0.95,"lower_bound":-0.1846605230175754,"upper_bound":-0.0673084165967387},"point_estimate":-0.12398131783858524,"standard_error":0.03272465333538697}}