{"mean":{"confidence_interval":{"confidence_level":0.95,"lower_bound":0.05779378404897303,"upper_bound":0.08467676090472434},"point_estimate":0.0715544588495729,"standard_error":0.006778261162302167},"median":{"confidence_interval":{"confidence_level":0.95,"lower_bound":0.10255569476260207,"upper_bound":0.12297406619291196},"point_estimate":0.10506365574279841,"standard_error":0.006691871225651617}}