{"mean":{"confidence_interval":{"confidence_level":0.95,"lower_bound":0.006417887211282043,"upper_bound":0.048771061640521814},"point_estimate":0.02736919007320915,"standard_error":0.010835189803068924},"median":{"confidence_interval":{"confidence_level":0.95,"lower_bound":-0.006178989937296486,"upper_bound":0.04114559734234602},"point_estimate":0.013890633593818702,"standard_error":0.012323510408422741}}