{"mean":{"confidence_interval":{"confidence_level":0.95,"lower_bound":-0.025228056717139014,"upper_bound":0.009398896770162273},"point_estimate":-0.007851977251479236,"standard_error":0.008845930657874855},"median":{"confidence_interval":{"confidence_level":0.95,"lower_bound":-0.0011492526795446878,"upper_bound":0.06426427074154728},"point_estimate":0.03178714003319838,"standard_error":0.01747820318602765}}