{"mean":{"confidence_interval":{"confidence_level":0.95,"lower_bound":0.008351769881050842,"upper_bound":0.03835243255596931},"point_estimate":0.023304972555952208,"standard_error":0.007646200059481593},"median":{"confidence_interval":{"confidence_level":0.95,"lower_bound":0.0040566996832747115,"upper_bound":0.06624322601219323},"point_estimate":0.02031497143225902,"standard_error":0.019154895706449827}}