{"mean":{"confidence_interval":{"confidence_level":0.95,"lower_bound":-0.07252635407342527,"upper_bound":-0.04861219195253389},"point_estimate":-0.06084500030976536,"standard_error":0.006108550962268043},"median":{"confidence_interval":{"confidence_level":0.95,"lower_bound":-0.11535493170957423,"upper_bound":-0.0720374111379205},"point_estimate":-0.10856853109832254,"standard_error":0.01188426488263804}}