{"mean":{"confidence_interval":{"confidence_level":0.95,"lower_bound":-0.046870176378462115,"upper_bound":-0.007526960071466268},"point_estimate":-0.02755446909185144,"standard_error":0.010083832008413568},"median":{"confidence_interval":{"confidence_level":0.95,"lower_bound":-0.045433948532663804,"upper_bound":0.006439077932520045},"point_estimate":-0.020247099422894155,"standard_error":0.013490528129704258}}