{"mean":{"confidence_interval":{"confidence_level":0.95,"lower_bound":-0.050818264144872,"upper_bound":0.01589318249394264},"point_estimate":-0.02090599613235733,"standard_error":0.01667928924807004},"median":{"confidence_interval":{"confidence_level":0.95,"lower_bound":-0.006933914774848393,"upper_bound":0.004045905579039832},"point_estimate":0.0008710269833194229,"standard_error":0.004413740365664041}}