{"mean":{"confidence_interval":{"confidence_level":0.95,"lower_bound":-0.030923212656182558,"upper_bound":0.0034497736398180043},"point_estimate":-0.014089157625048254,"standard_error":0.008817535900541141},"median":{"confidence_interval":{"confidence_level":0.95,"lower_bound":-0.10272066091847898,"upper_bound":-0.05126032194732666},"point_estimate":-0.09726873710871287,"standard_error":0.013978886959323453}}