{"mean":{"confidence_interval":{"confidence_level":0.95,"lower_bound":0.013710429298276651,"upper_bound":0.050213180028496285},"point_estimate":0.032139603269223826,"standard_error":0.00934902482715495},"median":{"confidence_interval":{"confidence_level":0.95,"lower_bound":0.09218667230994826,"upper_bound":0.12182037184668726},"point_estimate":0.11943962531230978,"standard_error":0.008240251055489617}}