{"mean":{"confidence_interval":{"confidence_level":0.95,"lower_bound":-0.048660114190355104,"upper_bound":-0.020058395858146314},"point_estimate":-0.03381023101441927,"standard_error":0.007322829444081849},"median":{"confidence_interval":{"confidence_level":0.95,"lower_bound":-0.08919664840708419,"upper_bound":-0.05950471821037073},"point_estimate":-0.08106953462076383,"standard_error":0.008767778397377319}}