{"mean":{"confidence_interval":{"confidence_level":0.95,"lower_bound":-0.025989630040626564,"upper_bound":0.008599141509403083},"point_estimate":-0.008832211759848163,"standard_error":0.008887732940064617},"median":{"confidence_interval":{"confidence_level":0.95,"lower_bound":-0.0822996593532187,"upper_bound":-0.0002682293040814354},"point_estimate":-0.02281191578156494,"standard_error":0.01893518876187859}}