{"mean":{"confidence_interval":{"confidence_level":0.95,"lower_bound":0.01594715786575567,"upper_bound":0.05975998366560292},"point_estimate":0.03799344683391137,"standard_error":0.01125376124522594},"median":{"confidence_interval":{"confidence_level":0.95,"lower_bound":-0.01518895280049537,"upper_bound":0.07521253191578614},"point_estimate":0.0228892847132407,"standard_error":0.02553052862207623}}