{"mean":{"confidence_interval":{"confidence_level":0.95,"lower_bound":-0.06209423382129092,"upper_bound":-0.015387238085794334},"point_estimate":-0.03867441471767119,"standard_error":0.011916712455317837},"median":{"confidence_interval":{"confidence_level":0.95,"lower_bound":-0.026125651457672205,"upper_bound":0.013418327414113973},"point_estimate":0.0095501143753145,"standard_error":0.01107776794860734}}