{"mean":{"confidence_interval":{"confidence_level":0.95,"lower_bound":-0.016542883844395718,"upper_bound":0.027694005888272144},"point_estimate":0.006068492119923663,"standard_error":0.011290338424205522},"median":{"confidence_interval":{"confidence_level":0.95,"lower_bound":-0.09449027434145862,"upper_bound":0.10418146538619344},"point_estimate":0.027442427255613744,"standard_error":0.05234550757489638}}