{"mean":{"confidence_interval":{"confidence_level":0.95,"lower_bound":-0.05758407272569116,"upper_bound":-0.03498444739506218},"point_estimate":-0.04630416081521538,"standard_error":0.005770521544845043},"median":{"confidence_interval":{"confidence_level":0.95,"lower_bound":-0.05579833730696937,"upper_bound":-0.0023126845092060755},"point_estimate":-0.019716878390855008,"standard_error":0.012830162688504232}}