{"mean":{"confidence_interval":{"confidence_level":0.95,"lower_bound":139.02453959907987,"upper_bound":142.13756825536717},"point_estimate":140.53134644320747,"standard_error":0.7937764449878071},"median":{"confidence_interval":{"confidence_level":0.95,"lower_bound":135.62033413628615,"upper_bound":136.47522629751026},"point_estimate":135.7610673884837,"standard_error":0.26004166057313893},"median_abs_dev":{"confidence_interval":{"confidence_level":0.95,"lower_bound":1.15897807661299,"upper_bound":2.4893522584548182},"point_estimate":1.4023437642490717,"standard_error":0.39644011312133537},"slope":{"confidence_interval":{"confidence_level":0.95,"lower_bound":138.77176964631678,"upper_bound":142.65731787634854},"point_estimate":140.59069483141946,"standard_error":0.9883480643877145},"std_dev":{"confidence_interval":{"confidence_level":0.95,"lower_bound":6.611546011075538,"upper_bound":9.25922898475363},"point_estimate":7.9855423893838795,"standard_error":0.6756222922830023}}