{"mean":{"confidence_interval":{"confidence_level":0.95,"lower_bound":-0.028398605949990132,"upper_bound":0.004822904799715509},"point_estimate":-0.012279042157398279,"standard_error":0.008466379519054337},"median":{"confidence_interval":{"confidence_level":0.95,"lower_bound":-0.08376228981222844,"upper_bound":0.03590560392563491},"point_estimate":-0.03647841332945767,"standard_error":0.03683393946281745}}