{"mean":{"confidence_interval":{"confidence_level":0.95,"lower_bound":-0.06434339860266777,"upper_bound":-0.023978611807014206},"point_estimate":-0.04302825509952202,"standard_error":0.01031794821499084},"median":{"confidence_interval":{"confidence_level":0.95,"lower_bound":-0.07216120832627426,"upper_bound":0.001326908004462622},"point_estimate":-0.009047090558070181,"standard_error":0.020001325289862475}}