{"mean":{"confidence_interval":{"confidence_level":0.95,"lower_bound":-0.3013754814110176,"upper_bound":-0.18587276370432793},"point_estimate":-0.24504981355062627,"standard_error":0.029639755844876884},"median":{"confidence_interval":{"confidence_level":0.95,"lower_bound":-0.13305210012116508,"upper_bound":-0.06796200802551522},"point_estimate":-0.08398136764854458,"standard_error":0.018102422899427466}}