{"mean":{"confidence_interval":{"confidence_level":0.95,"lower_bound":-0.06021551072694592,"upper_bound":-0.027987557814104554},"point_estimate":-0.04423174445999556,"standard_error":0.00824170431991061},"median":{"confidence_interval":{"confidence_level":0.95,"lower_bound":-0.100502333649324,"upper_bound":-0.015927381858619083},"point_estimate":-0.08754000267456885,"standard_error":0.024214387581005654}}