{"mean":{"confidence_interval":{"confidence_level":0.95,"lower_bound":0.0017074370417332035,"upper_bound":0.02529399817424467},"point_estimate":0.013466974349256589,"standard_error":0.006323013653283769},"median":{"confidence_interval":{"confidence_level":0.95,"lower_bound":0.02409781663696875,"upper_bound":0.034782783416131835},"point_estimate":0.029889910256784225,"standard_error":0.0030114530134556718}}