{"mean":{"confidence_interval":{"confidence_level":0.95,"lower_bound":0.036349568936548504,"upper_bound":0.06726598052803931},"point_estimate":0.05153109026998348,"standard_error":0.007867457471912002},"median":{"confidence_interval":{"confidence_level":0.95,"lower_bound":0.029687503843415453,"upper_bound":0.037789753518066765},"point_estimate":0.034675339998239796,"standard_error":0.0021459770677499357}}