{"mean":{"confidence_interval":{"confidence_level":0.95,"lower_bound":0.011834128465214892,"upper_bound":0.04390995358592593},"point_estimate":0.02823235871870211,"standard_error":0.008301358380576695},"median":{"confidence_interval":{"confidence_level":0.95,"lower_bound":0.01288336849544675,"upper_bound":0.02488045351226842},"point_estimate":0.014612334901761725,"standard_error":0.003265678473941907}}