{"mean":{"confidence_interval":{"confidence_level":0.95,"lower_bound":-0.145065069634361,"upper_bound":-0.12479865519393031},"point_estimate":-0.13549260237938288,"standard_error":0.005119083963929264},"median":{"confidence_interval":{"confidence_level":0.95,"lower_bound":-0.16112530363082367,"upper_bound":-0.15626055547955253},"point_estimate":-0.15814792882218343,"standard_error":0.0011153837941802508}}