{"mean":{"confidence_interval":{"confidence_level":0.95,"lower_bound":-0.06505709424908004,"upper_bound":-0.033988913977788054},"point_estimate":-0.050186403288984494,"standard_error":0.007936017035191064},"median":{"confidence_interval":{"confidence_level":0.95,"lower_bound":-0.08476960698583691,"upper_bound":0.0011860087921395923},"point_estimate":-0.013188304488136016,"standard_error":0.023778339537027137}}