{"mean":{"confidence_interval":{"confidence_level":0.95,"lower_bound":-0.066763529375498,"upper_bound":-0.02922842415355521},"point_estimate":-0.04775983219669144,"standard_error":0.009571037993317643},"median":{"confidence_interval":{"confidence_level":0.95,"lower_bound":-0.059660991663354035,"upper_bound":0.0030019911726315573},"point_estimate":-0.02476166543535785,"standard_error":0.015542350563747927}}