{"mean":{"confidence_interval":{"confidence_level":0.95,"lower_bound":0.03359752903863745,"upper_bound":0.048168997885936295},"point_estimate":0.040641370581714575,"standard_error":0.0037375236779576574},"median":{"confidence_interval":{"confidence_level":0.95,"lower_bound":0.015341662366053388,"upper_bound":0.030431170571864286},"point_estimate":0.0290513835741657,"standard_error":0.004387187649431319}}