{"mean":{"confidence_interval":{"confidence_level":0.95,"lower_bound":-0.09813438422202016,"upper_bound":-0.07435222697222435},"point_estimate":-0.0862350016862623,"standard_error":0.006067811893037114},"median":{"confidence_interval":{"confidence_level":0.95,"lower_bound":-0.09987664914385774,"upper_bound":-0.03773662579261572},"point_estimate":-0.06753363738591178,"standard_error":0.02079738407687239}}