{"mean":{"confidence_interval":{"confidence_level":0.95,"lower_bound":-0.03610305915545873,"upper_bound":-0.004060797572455429},"point_estimate":-0.019011758721036,"standard_error":0.00817986345052474},"median":{"confidence_interval":{"confidence_level":0.95,"lower_bound":0.010049531367752218,"upper_bound":0.01803784237795858},"point_estimate":0.013559988353260666,"standard_error":0.0017632377196629798}}