{"mean":{"confidence_interval":{"confidence_level":0.95,"lower_bound":-0.0817294754928241,"upper_bound":-0.06899154376500174},"point_estimate":-0.075710799206545,"standard_error":0.003254923460143977},"median":{"confidence_interval":{"confidence_level":0.95,"lower_bound":-0.08708738504780744,"upper_bound":-0.07836927842228802},"point_estimate":-0.07919772994204843,"standard_error":0.0024520190980007934}}