{"mean":{"confidence_interval":{"confidence_level":0.95,"lower_bound":-0.028974196819256483,"upper_bound":0.00846997017177223},"point_estimate":-0.010726457581623272,"standard_error":0.009579596372602027},"median":{"confidence_interval":{"confidence_level":0.95,"lower_bound":-0.05615004749848773,"upper_bound":0.008183974259204252},"point_estimate":-0.0008042780813041217,"standard_error":0.01893932598331836}}