{"mean":{"confidence_interval":{"confidence_level":0.95,"lower_bound":-0.008561707792747902,"upper_bound":0.00419177669095203},"point_estimate":-0.0023412096061197207,"standard_error":0.003253635750066633},"median":{"confidence_interval":{"confidence_level":0.95,"lower_bound":-0.0034756203866880275,"upper_bound":0.0035252886070555878},"point_estimate":-0.0007199154185840717,"standard_error":0.0021252613406251932}}