{"mean":{"confidence_interval":{"confidence_level":0.95,"lower_bound":-0.04461600594304495,"upper_bound":-0.026328220666761215},"point_estimate":-0.036034505980056974,"standard_error":0.004584279187176711},"median":{"confidence_interval":{"confidence_level":0.95,"lower_bound":-0.0693505125212247,"upper_bound":-0.025487018376299186},"point_estimate":-0.0369391425703568,"standard_error":0.010003747170290062}}