{"mean":{"confidence_interval":{"confidence_level":0.95,"lower_bound":0.0037736955203405,"upper_bound":0.019250962994215675},"point_estimate":0.011314197879625842,"standard_error":0.003930776031881765},"median":{"confidence_interval":{"confidence_level":0.95,"lower_bound":0.0030972360856027503,"upper_bound":0.012707676406285088},"point_estimate":0.007319136634284407,"standard_error":0.002570226511596596}}