{"mean":{"confidence_interval":{"confidence_level":0.95,"lower_bound":-0.05866975820318182,"upper_bound":-0.03946816805006221},"point_estimate":-0.04870061737554632,"standard_error":0.004904500007939653},"median":{"confidence_interval":{"confidence_level":0.95,"lower_bound":-0.03559678270008848,"upper_bound":-0.01535160194345242},"point_estimate":-0.02438727546127395,"standard_error":0.006453184875368665}}