{"mean":{"confidence_interval":{"confidence_level":0.95,"lower_bound":-0.01286534843070055,"upper_bound":0.001881032676406269},"point_estimate":-0.0058513496021986855,"standard_error":0.0037693585468449304},"median":{"confidence_interval":{"confidence_level":0.95,"lower_bound":-0.04581195397812332,"upper_bound":0.007788491774286976},"point_estimate":-0.016461803149222853,"standard_error":0.01474861614454537}}