{"mean":{"confidence_interval":{"confidence_level":0.95,"lower_bound":-0.01333113804843164,"upper_bound":-0.004893147288142467},"point_estimate":-0.00898333771308324,"standard_error":0.002165327751502288},"median":{"confidence_interval":{"confidence_level":0.95,"lower_bound":-0.030790562687117773,"upper_bound":0.0005309063706577799},"point_estimate":-0.02790986933445727,"standard_error":0.011404548034160389}}