{"mean":{"confidence_interval":{"confidence_level":0.95,"lower_bound":0.0022904464349526904,"upper_bound":0.0310359080405427},"point_estimate":0.015917822917671964,"standard_error":0.0073306688717539635},"median":{"confidence_interval":{"confidence_level":0.95,"lower_bound":0.00886563113807104,"upper_bound":0.025836081928388932},"point_estimate":0.018657222383102745,"standard_error":0.005408914059273363}}