{"mean":{"confidence_interval":{"confidence_level":0.95,"lower_bound":-0.018038620217939852,"upper_bound":-0.007104054880958624},"point_estimate":-0.012608602416042669,"standard_error":0.0027910066882908154},"median":{"confidence_interval":{"confidence_level":0.95,"lower_bound":-0.0077425703226130516,"upper_bound":-0.003077267045794141},"point_estimate":-0.004341323121479168,"standard_error":0.0013558230179723234}}