{"mean":{"confidence_interval":{"confidence_level":0.95,"lower_bound":0.021991267104875666,"upper_bound":0.036445948504994816},"point_estimate":0.029187291479668476,"standard_error":0.003690454530330934},"median":{"confidence_interval":{"confidence_level":0.95,"lower_bound":0.008227870165148143,"upper_bound":0.03856580701483758},"point_estimate":0.027468926298442442,"standard_error":0.006961808865695573}}