{"mean":{"confidence_interval":{"confidence_level":0.95,"lower_bound":0.014444059756789465,"upper_bound":0.029018895911887787},"point_estimate":0.021945605991295247,"standard_error":0.003709603000040321},"median":{"confidence_interval":{"confidence_level":0.95,"lower_bound":0.025512037440041713,"upper_bound":0.040166181985018534},"point_estimate":0.036548535972187324,"standard_error":0.0037534386403453176}}