{"mean":{"confidence_interval":{"confidence_level":0.95,"lower_bound":1532.7657523691437,"upper_bound":1556.844889289867},"point_estimate":1544.0572420886008,"standard_error":6.145895135744868},"median":{"confidence_interval":{"confidence_level":0.95,"lower_bound":1521.353577738681,"upper_bound":1521.9463030584461},"point_estimate":1521.661124449063,"standard_error":0.1579006212937517},"median_abs_dev":{"confidence_interval":{"confidence_level":0.95,"lower_bound":0.825514825482874,"upper_bound":1.5601779431558827},"point_estimate":1.2411136734544002,"standard_error":0.19507874182333862},"slope":{"confidence_interval":{"confidence_level":0.95,"lower_bound":1522.5107613318598,"upper_bound":1525.5545617459916},"point_estimate":1523.753745442341,"standard_error":0.7875013552335645},"std_dev":{"confidence_interval":{"confidence_level":0.95,"lower_bound":43.227790955464855,"upper_bound":75.71596181718364},"point_estimate":61.74669058387033,"standard_error":8.257343209369042}}