{"mean":{"confidence_interval":{"confidence_level":0.95,"lower_bound":465.98015119915465,"upper_bound":479.958450543084},"point_estimate":472.6865025504054,"standard_error":3.5763564436534976},"median":{"confidence_interval":{"confidence_level":0.95,"lower_bound":453.3357409713574,"upper_bound":480.7704255980118},"point_estimate":462.7776687575873,"standard_error":7.864085884753416},"median_abs_dev":{"confidence_interval":{"confidence_level":0.95,"lower_bound":18.30941721942129,"upper_bound":47.20114011341796},"point_estimate":32.2015546706637,"standard_error":7.580976291589502},"slope":{"confidence_interval":{"confidence_level":0.95,"lower_bound":470.1417794716123,"upper_bound":485.49592752918596},"point_estimate":477.4676120746403,"standard_error":3.9173775377324334},"std_dev":{"confidence_interval":{"confidence_level":0.95,"lower_bound":28.40178279947922,"upper_bound":42.874651531122964},"point_estimate":35.9378224887442,"standard_error":3.695693733778109}}