{"mean":{"confidence_interval":{"confidence_level":0.95,"lower_bound":0.001838311054348946,"upper_bound":0.031008064852712604},"point_estimate":0.016232236985052273,"standard_error":0.007424202309815952},"median":{"confidence_interval":{"confidence_level":0.95,"lower_bound":-0.013314966810426765,"upper_bound":0.05466436200266256},"point_estimate":0.04907841295266602,"standard_error":0.018346549945194555}}