{"mean":{"confidence_interval":{"confidence_level":0.95,"lower_bound":-0.02648986518804901,"upper_bound":0.007610655853129726},"point_estimate":-0.009317252848480173,"standard_error":0.008682568283127077},"median":{"confidence_interval":{"confidence_level":0.95,"lower_bound":-0.04484241679994061,"upper_bound":0.012943075673088167},"point_estimate":-0.007757436562927711,"standard_error":0.016575108485806248}}