{"mean":{"confidence_interval":{"confidence_level":0.95,"lower_bound":-0.0013042101607472127,"upper_bound":0.024977149217128788},"point_estimate":0.012213874127890767,"standard_error":0.006689983762298856},"median":{"confidence_interval":{"confidence_level":0.95,"lower_bound":-0.026640653669908976,"upper_bound":0.070467801348342},"point_estimate":-0.008413637321770029,"standard_error":0.021201371780398645}}