{"mean":{"confidence_interval":{"confidence_level":0.95,"lower_bound":0.008121549639002742,"upper_bound":0.04754453099183913},"point_estimate":0.02709321860859437,"standard_error":0.009968194977782178},"median":{"confidence_interval":{"confidence_level":0.95,"lower_bound":-0.023246628039786277,"upper_bound":0.05048304113953317},"point_estimate":0.009707857887663929,"standard_error":0.01954801475786212}}