{"mean":{"confidence_interval":{"confidence_level":0.95,"lower_bound":-0.074544452232919,"upper_bound":-0.053972152287331765},"point_estimate":-0.06418443331421209,"standard_error":0.005245738096265957},"median":{"confidence_interval":{"confidence_level":0.95,"lower_bound":-0.07013139439732907,"upper_bound":-0.049987826917546996},"point_estimate":-0.05189479904379457,"standard_error":0.004710099859346206}}