{"mean":{"confidence_interval":{"confidence_level":0.95,"lower_bound":-0.05387336552780158,"upper_bound":-0.028038562008861304},"point_estimate":-0.04158390625893338,"standard_error":0.006593433834424858},"median":{"confidence_interval":{"confidence_level":0.95,"lower_bound":-0.058291559508804595,"upper_bound":0.005112131853388657},"point_estimate":-0.0540373923231543,"standard_error":0.017228120891830723}}