{"mean":{"confidence_interval":{"confidence_level":0.95,"lower_bound":0.0022900238217051284,"upper_bound":0.005159292549828265},"point_estimate":0.0036451042063243566,"standard_error":0.0007293956219257631},"median":{"confidence_interval":{"confidence_level":0.95,"lower_bound":0.0013116702132569547,"upper_bound":0.005092469153227697},"point_estimate":0.003284373717117095,"standard_error":0.0010172207227727929}}