{"mean":{"confidence_interval":{"confidence_level":0.95,"lower_bound":-0.0007332746143409504,"upper_bound":0.006535655907070196},"point_estimate":0.0025838151231094564,"standard_error":0.0019041085634915263},"median":{"confidence_interval":{"confidence_level":0.95,"lower_bound":-0.00012528515428245068,"upper_bound":0.001046872784430608},"point_estimate":0.00046396471219289914,"standard_error":0.0002935448942392881}}