{"mean":{"confidence_interval":{"confidence_level":0.95,"lower_bound":-0.005624078406377855,"upper_bound":-0.0031262947759983705},"point_estimate":-0.004183200565386458,"standard_error":0.000646227536281052},"median":{"confidence_interval":{"confidence_level":0.95,"lower_bound":-0.0036382023071350744,"upper_bound":-0.001572085520690547},"point_estimate":-0.0020348694155387648,"standard_error":0.0006444844409660293}}