{"mean":{"confidence_interval":{"confidence_level":0.95,"lower_bound":-0.007156846824270674,"upper_bound":-0.0031212238936657688},"point_estimate":-0.004830316365198373,"standard_error":0.0010449356929828509},"median":{"confidence_interval":{"confidence_level":0.95,"lower_bound":-0.003532972152107572,"upper_bound":-0.0021685715222118846},"point_estimate":-0.0029603603909115206,"standard_error":0.00035260691092333285}}