{"mean":{"confidence_interval":{"confidence_level":0.95,"lower_bound":-0.005772673860640898,"upper_bound":-0.0024688585800435184},"point_estimate":-0.0039774927484619305,"standard_error":0.0008380839319562967},"median":{"confidence_interval":{"confidence_level":0.95,"lower_bound":-0.003255876957802606,"upper_bound":-0.000780006775311759},"point_estimate":-0.0026678599798009017,"standard_error":0.0006763765499497694}}