{"mean":{"confidence_interval":{"confidence_level":0.95,"lower_bound":0.0017388203084040045,"upper_bound":0.004445394829457337},"point_estimate":0.0029861289210419972,"standard_error":0.0006950164838655452},"median":{"confidence_interval":{"confidence_level":0.95,"lower_bound":0.0010368339781898772,"upper_bound":0.0035463975487579624},"point_estimate":0.0030028905824897034,"standard_error":0.0006829170998645559}}