{"mean":{"confidence_interval":{"confidence_level":0.95,"lower_bound":0.001931753059771685,"upper_bound":0.00319373629685431},"point_estimate":0.002527798624913924,"standard_error":0.0003204450574532761},"median":{"confidence_interval":{"confidence_level":0.95,"lower_bound":0.0004945254417174638,"upper_bound":0.0029747200168370735},"point_estimate":0.0012586449057694349,"standard_error":0.0007076513619732194}}