{"mean":{"confidence_interval":{"confidence_level":0.95,"lower_bound":-0.001336904062291408,"upper_bound":0.00021816087492576003},"point_estimate":-0.0006100732138554221,"standard_error":0.00039558013878037297},"median":{"confidence_interval":{"confidence_level":0.95,"lower_bound":-0.0013241539407805591,"upper_bound":-0.00041517681187702043},"point_estimate":-0.000746928507350364,"standard_error":0.00023565145103587228}}