{"mean":{"confidence_interval":{"confidence_level":0.95,"lower_bound":-0.010932552778146556,"upper_bound":-0.002523483982310735},"point_estimate":-0.006428939998343597,"standard_error":0.0021511677504092563},"median":{"confidence_interval":{"confidence_level":0.95,"lower_bound":-0.003673784553734302,"upper_bound":-0.001624374627816061},"point_estimate":-0.003208008530736439,"standard_error":0.0005377523384491081}}