{"mean":{"confidence_interval":{"confidence_level":0.95,"lower_bound":-0.004026802208069187,"upper_bound":0.0013905351023596856},"point_estimate":-0.0005753902942468025,"standard_error":0.0015610768840136466},"median":{"confidence_interval":{"confidence_level":0.95,"lower_bound":0.0010665309135637902,"upper_bound":0.0017204296127979126},"point_estimate":0.0014197545852101534,"standard_error":0.00014876344597195535}}