{"mean":{"confidence_interval":{"confidence_level":0.95,"lower_bound":-0.018111334043058775,"upper_bound":-0.0017920821467071887},"point_estimate":-0.00944025973267204,"standard_error":0.004178276273722203},"median":{"confidence_interval":{"confidence_level":0.95,"lower_bound":0.003584863963282947,"upper_bound":0.004603654815722669},"point_estimate":0.004154148335141716,"standard_error":0.00026886717726703444}}