{"mean":{"confidence_interval":{"confidence_level":0.95,"lower_bound":0.0050634794492451065,"upper_bound":0.013124238983566959},"point_estimate":0.008751118623816723,"standard_error":0.002029267811734115},"median":{"confidence_interval":{"confidence_level":0.95,"lower_bound":0.0018694904590350614,"upper_bound":0.004986027608532728},"point_estimate":0.0037242708463507412,"standard_error":0.000729019628595665}}