{"mean":{"confidence_interval":{"confidence_level":0.95,"lower_bound":-0.011442762463569397,"upper_bound":0.008963064594217316},"point_estimate":-0.000722792846884035,"standard_error":0.005216057875203391},"median":{"confidence_interval":{"confidence_level":0.95,"lower_bound":-0.0021327577181188273,"upper_bound":-0.0009075148968447078},"point_estimate":-0.001408511988802652,"standard_error":0.0002950006675013815}}