{"mean":{"confidence_interval":{"confidence_level":0.95,"lower_bound":0.0005284637761783507,"upper_bound":0.018310368476724452},"point_estimate":0.008611520808433415,"standard_error":0.0045608785458863136},"median":{"confidence_interval":{"confidence_level":0.95,"lower_bound":-0.0024958545481454123,"upper_bound":-0.0017057494153659425},"point_estimate":-0.0021001460846457043,"standard_error":0.00020007872533184238}}