{"mean":{"confidence_interval":{"confidence_level":0.95,"lower_bound":0.0034553563827254335,"upper_bound":0.007183448133719244},"point_estimate":0.00514083725982073,"standard_error":0.000958778905274211},"median":{"confidence_interval":{"confidence_level":0.95,"lower_bound":0.0006798585477256758,"upper_bound":0.0018303728371313888},"point_estimate":0.0011800885012021034,"standard_error":0.00028989641423744566}}