{"mean":{"confidence_interval":{"confidence_level":0.95,"lower_bound":0.0037867649950526663,"upper_bound":0.007258216938181849},"point_estimate":0.00525209067589727,"standard_error":0.0008707997029573287},"median":{"confidence_interval":{"confidence_level":0.95,"lower_bound":0.0036752430372881673,"upper_bound":0.004557859919752438},"point_estimate":0.0040130535986619975,"standard_error":0.00023107000790112143}}