{"mean":{"confidence_interval":{"confidence_level":0.95,"lower_bound":-0.00005572498826695287,"upper_bound":0.0055273303664940985},"point_estimate":0.0020076047773960326,"standard_error":0.0015483367002162552},"median":{"confidence_interval":{"confidence_level":0.95,"lower_bound":-0.00043164440737475385,"upper_bound":0.0011538930175356565},"point_estimate":0.000597612639703593,"standard_error":0.000388386546407461}}