{"mean":{"confidence_interval":{"confidence_level":0.95,"lower_bound":-0.0013986479959013697,"upper_bound":0.0027514263499360727},"point_estimate":0.00031591254103990885,"standard_error":0.0010828816894935098},"median":{"confidence_interval":{"confidence_level":0.95,"lower_bound":-0.002123058811408507,"upper_bound":-0.000044754659520696016},"point_estimate":-0.0008009920530480663,"standard_error":0.0005467777007290263}}