{"mean":{"confidence_interval":{"confidence_level":0.95,"lower_bound":-0.018512229642858213,"upper_bound":-0.004379751355953529},"point_estimate":-0.01097073785810121,"standard_error":0.0036329772245819077},"median":{"confidence_interval":{"confidence_level":0.95,"lower_bound":-0.001342150876855741,"upper_bound":0.0004381529154586783},"point_estimate":-0.0006027629022711256,"standard_error":0.0004571816977124401}}