{"mean":{"confidence_interval":{"confidence_level":0.95,"lower_bound":-0.014900528045116646,"upper_bound":0.005443456356972611},"point_estimate":-0.004564429692449967,"standard_error":0.005197260315475477},"median":{"confidence_interval":{"confidence_level":0.95,"lower_bound":0.0007260069222452259,"upper_bound":0.0016932720418361136},"point_estimate":0.0013060319627902217,"standard_error":0.0002654394269982093}}