{"mean":{"confidence_interval":{"confidence_level":0.95,"lower_bound":-0.026830839488222076,"upper_bound":-0.0077280590235247},"point_estimate":-0.01705619811826542,"standard_error":0.004865015329547495},"median":{"confidence_interval":{"confidence_level":0.95,"lower_bound":-0.00855655793056398,"upper_bound":-0.00179056523494181},"point_estimate":-0.0028373993133481434,"standard_error":0.002268522340189285}}