{"mean":{"confidence_interval":{"confidence_level":0.95,"lower_bound":-0.05771228898679403,"upper_bound":-0.018589937690497313},"point_estimate":-0.03669629039923672,"standard_error":0.009988669894406745},"median":{"confidence_interval":{"confidence_level":0.95,"lower_bound":-0.010920218166460313,"upper_bound":-0.0028613847175981144},"point_estimate":-0.005260839966123809,"standard_error":0.0023128439331805114}}