{"mean":{"confidence_interval":{"confidence_level":0.95,"lower_bound":0.033158675563888976,"upper_bound":0.049835218900233805},"point_estimate":0.04158065507794029,"standard_error":0.004262319098412504},"median":{"confidence_interval":{"confidence_level":0.95,"lower_bound":0.03867342524599038,"upper_bound":0.08115486760144663},"point_estimate":0.06516806645570816,"standard_error":0.010815652057764828}}