{"mean":{"confidence_interval":{"confidence_level":0.95,"lower_bound":-0.03774250925913417,"upper_bound":-0.015208500857344211},"point_estimate":-0.026536216058032913,"standard_error":0.0057460469798813855},"median":{"confidence_interval":{"confidence_level":0.95,"lower_bound":-0.023193356437382184,"upper_bound":-0.005851803214830785},"point_estimate":-0.006526254672392651,"standard_error":0.004478753193357286}}