{"mean":{"confidence_interval":{"confidence_level":0.95,"lower_bound":0.04102317191958119,"upper_bound":0.12255547121075565},"point_estimate":0.0799127212742734,"standard_error":0.020083523002001974},"median":{"confidence_interval":{"confidence_level":0.95,"lower_bound":-0.02574128528676689,"upper_bound":0.08823609355790696},"point_estimate":0.07672684437050425,"standard_error":0.026343899707849488}}