{"mean":{"confidence_interval":{"confidence_level":0.95,"lower_bound":-0.044851789013492765,"upper_bound":-0.010302462570208169},"point_estimate":-0.027600214562142122,"standard_error":0.00880800864523073},"median":{"confidence_interval":{"confidence_level":0.95,"lower_bound":-0.04691746020189025,"upper_bound":0.015490037280777802},"point_estimate":-0.008237450453016826,"standard_error":0.01924407990631869}}