{"mean":{"confidence_interval":{"confidence_level":0.95,"lower_bound":-0.025650140168376988,"upper_bound":-0.007847284291187176},"point_estimate":-0.017066897453773877,"standard_error":0.004536789236169316},"median":{"confidence_interval":{"confidence_level":0.95,"lower_bound":-0.038765376173292565,"upper_bound":-0.012702480536918248},"point_estimate":-0.02876733158892575,"standard_error":0.0061595695423259916}}