{"mean":{"confidence_interval":{"confidence_level":0.95,"lower_bound":-0.006957684929747408,"upper_bound":0.02174682018275994},"point_estimate":0.00745348241481425,"standard_error":0.0072964131648730855},"median":{"confidence_interval":{"confidence_level":0.95,"lower_bound":-0.008384115360948071,"upper_bound":0.02776492441666223},"point_estimate":0.019160403859672215,"standard_error":0.009550156572098303}}