{"mean":{"confidence_interval":{"confidence_level":0.95,"lower_bound":-0.00764779000999002,"upper_bound":0.03501909673907896},"point_estimate":0.01278687806717027,"standard_error":0.010937310285756383},"median":{"confidence_interval":{"confidence_level":0.95,"lower_bound":-0.002839421263912234,"upper_bound":0.057621025557855754},"point_estimate":0.02071069070938414,"standard_error":0.013464273088965082}}