{"mean":{"confidence_interval":{"confidence_level":0.95,"lower_bound":-0.039347833800768284,"upper_bound":-0.018875482278480207},"point_estimate":-0.0279620613732382,"standard_error":0.0052620274332589225},"median":{"confidence_interval":{"confidence_level":0.95,"lower_bound":-0.017733791480921215,"upper_bound":-0.0098108014117545},"point_estimate":-0.01141711127983358,"standard_error":0.0022201951261238318}}