{"mean":{"confidence_interval":{"confidence_level":0.95,"lower_bound":-0.0546122157858265,"upper_bound":-0.004606938216947793},"point_estimate":-0.03087687540901851,"standard_error":0.012827368820449724},"median":{"confidence_interval":{"confidence_level":0.95,"lower_bound":-0.0975628130294105,"upper_bound":-0.010512993599149811},"point_estimate":-0.055286562978748455,"standard_error":0.02288142077005844}}