{"mean":{"confidence_interval":{"confidence_level":0.95,"lower_bound":-0.04953946646773593,"upper_bound":-0.005872673124966696},"point_estimate":-0.027519974440182615,"standard_error":0.011145288146270412},"median":{"confidence_interval":{"confidence_level":0.95,"lower_bound":-0.047373494870119326,"upper_bound":0.02875669455291363},"point_estimate":-0.009658356278933744,"standard_error":0.017957665616271372}}