{"mean":{"confidence_interval":{"confidence_level":0.95,"lower_bound":0.02373910000001356,"upper_bound":0.044787700672496926},"point_estimate":0.034449500323667115,"standard_error":0.0053336040898232465},"median":{"confidence_interval":{"confidence_level":0.95,"lower_bound":0.02203383101612255,"upper_bound":0.03316139025654574},"point_estimate":0.024089346612371276,"standard_error":0.002968388733098914}}