{"mean":{"confidence_interval":{"confidence_level":0.95,"lower_bound":0.018444895623574636,"upper_bound":0.05453513278679774},"point_estimate":0.037343527818061384,"standard_error":0.009399027900137956},"median":{"confidence_interval":{"confidence_level":0.95,"lower_bound":-0.016406825251702117,"upper_bound":0.0644482882779942},"point_estimate":0.014827260164482103,"standard_error":0.020625325577722096}}