{"mean":{"confidence_interval":{"confidence_level":0.95,"lower_bound":-0.034344403976563284,"upper_bound":-0.0037778539057890066},"point_estimate":-0.01826232088321078,"standard_error":0.00786807462467865},"median":{"confidence_interval":{"confidence_level":0.95,"lower_bound":-0.051418923028730634,"upper_bound":-0.005025427861715226},"point_estimate":-0.024105982075595445,"standard_error":0.010798436899955832}}