{"mean":{"confidence_interval":{"confidence_level":0.95,"lower_bound":-0.035623030254829074,"upper_bound":-0.021619924039126714},"point_estimate":-0.028469465724432097,"standard_error":0.0035767964693458414},"median":{"confidence_interval":{"confidence_level":0.95,"lower_bound":-0.03406646240599964,"upper_bound":-0.024329754534133885},"point_estimate":-0.026059346417045437,"standard_error":0.0026212741778395853}}