{"mean":{"confidence_interval":{"confidence_level":0.95,"lower_bound":0.022651701493543584,"upper_bound":0.050902311999996695},"point_estimate":0.0367053016576675,"standard_error":0.007174729333493113},"median":{"confidence_interval":{"confidence_level":0.95,"lower_bound":-0.006362097217164409,"upper_bound":0.051540410937500454},"point_estimate":0.01369029938001165,"standard_error":0.013285949411627153}}