{"mean":{"confidence_interval":{"confidence_level":0.95,"lower_bound":-0.053579506881088486,"upper_bound":-0.032774125574921875},"point_estimate":-0.04349965316976123,"standard_error":0.005277265933072875},"median":{"confidence_interval":{"confidence_level":0.95,"lower_bound":-0.07682003783691667,"upper_bound":-0.03176346876905034},"point_estimate":-0.05934488119386827,"standard_error":0.012555551507161627}}