{"mean":{"confidence_interval":{"confidence_level":0.95,"lower_bound":0.018994509322919583,"upper_bound":0.04320876748870408},"point_estimate":0.03032175082101074,"standard_error":0.006175370701966803},"median":{"confidence_interval":{"confidence_level":0.95,"lower_bound":0.04270190564928411,"upper_bound":0.06800059411349157},"point_estimate":0.06556212884622914,"standard_error":0.0071494401448310525}}