{"mean":{"confidence_interval":{"confidence_level":0.95,"lower_bound":0.017315778793411733,"upper_bound":0.04021498990276498},"point_estimate":0.02963713559162895,"standard_error":0.0057935493430310726},"median":{"confidence_interval":{"confidence_level":0.95,"lower_bound":0.009970285020819647,"upper_bound":0.06582035115314122},"point_estimate":0.022837683880724935,"standard_error":0.01646115212376842}}