{"mean":{"confidence_interval":{"confidence_level":0.95,"lower_bound":0.02410075855298493,"upper_bound":0.04297229639606366},"point_estimate":0.033672614412544766,"standard_error":0.004823273302124466},"median":{"confidence_interval":{"confidence_level":0.95,"lower_bound":0.04854998021631185,"upper_bound":0.06944856789408616},"point_estimate":0.06843550756737926,"standard_error":0.005079965435469216}}