{"mean":{"confidence_interval":{"confidence_level":0.95,"lower_bound":-0.0503215721053748,"upper_bound":-0.03698374297389202},"point_estimate":-0.04377099618838176,"standard_error":0.0034170404579632234},"median":{"confidence_interval":{"confidence_level":0.95,"lower_bound":-0.06789039643204653,"upper_bound":-0.057430467300699846},"point_estimate":-0.06437004423702686,"standard_error":0.00232242618595041}}