{"mean":{"confidence_interval":{"confidence_level":0.95,"lower_bound":0.06091179154997446,"upper_bound":0.07789745063970951},"point_estimate":0.06996233771313887,"standard_error":0.0043175379510331565},"median":{"confidence_interval":{"confidence_level":0.95,"lower_bound":0.07465448703610642,"upper_bound":0.08513932639556021},"point_estimate":0.0753981595733888,"standard_error":0.0030036882414209323}}