{"mean":{"confidence_interval":{"confidence_level":0.95,"lower_bound":-0.046995961874608944,"upper_bound":-0.03068054959879829},"point_estimate":-0.03884282704187492,"standard_error":0.004165922352907471},"median":{"confidence_interval":{"confidence_level":0.95,"lower_bound":-0.03065438250854502,"upper_bound":-0.02950319719386385},"point_estimate":-0.030236015805345295,"standard_error":0.00030258868061782134}}