{"mean":{"confidence_interval":{"confidence_level":0.95,"lower_bound":-0.010846129402462292,"upper_bound":0.010111372890569063},"point_estimate":-0.00022687578060309743,"standard_error":0.0053830077506565105},"median":{"confidence_interval":{"confidence_level":0.95,"lower_bound":-0.043294680711713385,"upper_bound":0.022488368262148173},"point_estimate":-0.018675575618166684,"standard_error":0.016492609034280528}}