{"mean":{"confidence_interval":{"confidence_level":0.95,"lower_bound":0.020826463413723115,"upper_bound":0.03935876660539424},"point_estimate":0.030565034224960153,"standard_error":0.004744026450455964},"median":{"confidence_interval":{"confidence_level":0.95,"lower_bound":0.017797705476551264,"upper_bound":0.06905478153748845},"point_estimate":0.049613381774881615,"standard_error":0.014405615446608233}}