{"mean":{"confidence_interval":{"confidence_level":0.95,"lower_bound":-0.02515297110416025,"upper_bound":-0.010942986848054519},"point_estimate":-0.01762364073524436,"standard_error":0.0036325005443211228},"median":{"confidence_interval":{"confidence_level":0.95,"lower_bound":-0.00941899195495377,"upper_bound":-0.007984409805446568},"point_estimate":-0.008592557910177656,"standard_error":0.00036244197964131937}}