{"mean":{"confidence_interval":{"confidence_level":0.95,"lower_bound":-0.01645451070720705,"upper_bound":-0.0005839932501576211},"point_estimate":-0.0077404167037904426,"standard_error":0.004077142122092286},"median":{"confidence_interval":{"confidence_level":0.95,"lower_bound":0.001759042643039832,"upper_bound":0.0027385495944498572},"point_estimate":0.002299926264550445,"standard_error":0.00024854454716431696}}