{"mean":{"confidence_interval":{"confidence_level":0.95,"lower_bound":-0.00016297970657704573,"upper_bound":0.0016024614941663401},"point_estimate":0.0006458564859039839,"standard_error":0.0004548184731852983},"median":{"confidence_interval":{"confidence_level":0.95,"lower_bound":-0.0003440833089581874,"upper_bound":0.00008640863083497763},"point_estimate":-0.0001316707368734793,"standard_error":0.00010760722258669733}}