{"mean":{"confidence_interval":{"confidence_level":0.95,"lower_bound":-0.0007182704834327729,"upper_bound":0.008152516845614964},"point_estimate":0.0032316607694622412,"standard_error":0.0022567398327591054},"median":{"confidence_interval":{"confidence_level":0.95,"lower_bound":-0.0002162209605270915,"upper_bound":0.0005052029761158927},"point_estimate":0.00007358529325540708,"standard_error":0.00015312640784528867}}