{"mean":{"confidence_interval":{"confidence_level":0.95,"lower_bound":-0.0008245086688640685,"upper_bound":0.0057932708635240904},"point_estimate":0.0018765211427078654,"standard_error":0.0016767411701883938},"median":{"confidence_interval":{"confidence_level":0.95,"lower_bound":-0.0007969206243875204,"upper_bound":-0.00008240376109380776},"point_estimate":-0.0004764839996812542,"standard_error":0.00018833669976259265}}