{"mean":{"confidence_interval":{"confidence_level":0.95,"lower_bound":-0.043684414521596146,"upper_bound":0.031446545024243246},"point_estimate":-0.0025338386009798874,"standard_error":0.01939544393077652},"median":{"confidence_interval":{"confidence_level":0.95,"lower_bound":0.00983929214863366,"upper_bound":0.03195560306722767},"point_estimate":0.012625778195615833,"standard_error":0.0065019588469488595}}