{"mean":{"confidence_interval":{"confidence_level":0.95,"lower_bound":-0.02707540453590241,"upper_bound":-0.0033795679673626626},"point_estimate":-0.0163799570760228,"standard_error":0.005893505367833814},"median":{"confidence_interval":{"confidence_level":0.95,"lower_bound":-0.029982201280500553,"upper_bound":-0.026371532497130312},"point_estimate":-0.029827151443526212,"standard_error":0.001314892955288214}}