{"mean":{"confidence_interval":{"confidence_level":0.95,"lower_bound":-0.044786260296099424,"upper_bound":-0.009258841787878268},"point_estimate":-0.026772987847320073,"standard_error":0.009051967641373494},"median":{"confidence_interval":{"confidence_level":0.95,"lower_bound":-0.014308368267278992,"upper_bound":0.03057362946669895},"point_estimate":0.028451326735341897,"standard_error":0.013427577792388129}}