{"mean":{"confidence_interval":{"confidence_level":0.95,"lower_bound":-0.0026397902843498878,"upper_bound":0.005051474635098571},"point_estimate":0.0008428888837472837,"standard_error":0.0019371128164851026},"median":{"confidence_interval":{"confidence_level":0.95,"lower_bound":-0.00007729770928222024,"upper_bound":0.002044765618463229},"point_estimate":0.0008418377785761599,"standard_error":0.0005142657748926087}}