{"mean":{"confidence_interval":{"confidence_level":0.95,"lower_bound":-0.0062230080664655765,"upper_bound":0.0000478418964601433},"point_estimate":-0.002524867060825109,"standard_error":0.0016418236648057338},"median":{"confidence_interval":{"confidence_level":0.95,"lower_bound":-0.0004979435555196865,"upper_bound":0.00016980967105628686},"point_estimate":-0.00019087336116729858,"standard_error":0.00018120790981239392}}