{"mean":{"confidence_interval":{"confidence_level":0.95,"lower_bound":-0.010767876285618335,"upper_bound":0.0015914327992184495},"point_estimate":-0.002974247786428297,"standard_error":0.003586786540810732},"median":{"confidence_interval":{"confidence_level":0.95,"lower_bound":-0.0012395737540153995,"upper_bound":0.000024544367701606618},"point_estimate":-0.000604858826149024,"standard_error":0.00034448302388948336}}