{"mean":{"confidence_interval":{"confidence_level":0.95,"lower_bound":8.310077672461924,"upper_bound":8.324288604692665},"point_estimate":8.31698575963167,"standard_error":0.0036183409816101866},"median":{"confidence_interval":{"confidence_level":0.95,"lower_bound":8.303985999103944,"upper_bound":8.313879032258065},"point_estimate":8.310507269131891,"standard_error":0.002603086682075717},"median_abs_dev":{"confidence_interval":{"confidence_level":0.95,"lower_bound":0.01901751297866307,"upper_bound":0.03531675602710396},"point_estimate":0.02828679292865442,"standard_error":0.004202815807852553},"slope":{"confidence_interval":{"confidence_level":0.95,"lower_bound":8.298317924148709,"upper_bound":8.309515922009023},"point_estimate":8.303824045022612,"standard_error":0.0028541684966735055},"std_dev":{"confidence_interval":{"confidence_level":0.95,"lower_bound":0.02819015909987543,"upper_bound":0.044837911534447036},"point_estimate":0.03632906436491025,"standard_error":0.004312112740214033}}