{"mean":{"confidence_interval":{"confidence_level":0.95,"lower_bound":542.6518048030771,"upper_bound":545.783484864391},"point_estimate":544.232662683179,"standard_error":0.7991178181929045},"median":{"confidence_interval":{"confidence_level":0.95,"lower_bound":539.9023617812701,"upper_bound":550.9038304252999},"point_estimate":550.5272826926573,"standard_error":2.979057503837419},"median_abs_dev":{"confidence_interval":{"confidence_level":0.95,"lower_bound":1.4314843144394052,"upper_bound":12.225725222350901},"point_estimate":3.226570394370917,"standard_error":3.2069634845253963},"slope":{"confidence_interval":{"confidence_level":0.95,"lower_bound":538.5873127559728,"upper_bound":542.4221790492362},"point_estimate":540.3978517321939,"standard_error":0.9808554002416936},"std_dev":{"confidence_interval":{"confidence_level":0.95,"lower_bound":7.558958669017272,"upper_bound":8.414216888485816},"point_estimate":8.076913469108987,"standard_error":0.2179844599958151}}