{"mean":{"confidence_interval":{"confidence_level":0.95,"lower_bound":525.04641858962,"upper_bound":527.6531370434996},"point_estimate":526.3199933174685,"standard_error":0.6676649800698018},"median":{"confidence_interval":{"confidence_level":0.95,"lower_bound":521.8434806034483,"upper_bound":522.9155441810345},"point_estimate":522.2775995516174,"standard_error":0.28814305654560524},"median_abs_dev":{"confidence_interval":{"confidence_level":0.95,"lower_bound":0.8122167943856563,"upper_bound":2.396938325785687},"point_estimate":1.3799949875765516,"standard_error":0.4239589012760305},"slope":{"confidence_interval":{"confidence_level":0.95,"lower_bound":527.0939271595029,"upper_bound":531.0983890010466},"point_estimate":529.0907282998629,"standard_error":1.0225903119139375},"std_dev":{"confidence_interval":{"confidence_level":0.95,"lower_bound":5.8861525069789655,"upper_bound":7.345190045144248},"point_estimate":6.704351712761331,"standard_error":0.3709654264568102}}