{"mean":{"confidence_interval":{"confidence_level":0.95,"lower_bound":110.42298646767615,"upper_bound":110.59226017817927},"point_estimate":110.49977058599002,"standard_error":0.0434053534472316},"median":{"confidence_interval":{"confidence_level":0.95,"lower_bound":110.34309621157294,"upper_bound":110.38799265292175},"point_estimate":110.36186801752395,"standard_error":0.011710638552682142},"median_abs_dev":{"confidence_interval":{"confidence_level":0.95,"lower_bound":0.06613129045718043,"upper_bound":0.13198328541610355},"point_estimate":0.09182865197491485,"standard_error":0.016683821114328947},"slope":{"confidence_interval":{"confidence_level":0.95,"lower_bound":110.39672030554831,"upper_bound":110.61316752914256},"point_estimate":110.48320649080411,"standard_error":0.05717616694561973},"std_dev":{"confidence_interval":{"confidence_level":0.95,"lower_bound":0.22328067798885412,"upper_bound":0.6087264837751515},"point_estimate":0.4370944314245481,"standard_error":0.09820114644536257}}