{"mean":{"confidence_interval":{"confidence_level":0.95,"lower_bound":110.36529208008291,"upper_bound":110.4514841106534},"point_estimate":110.40354659703503,"standard_error":0.022130437927620393},"median":{"confidence_interval":{"confidence_level":0.95,"lower_bound":110.3221141270061,"upper_bound":110.35956908213434},"point_estimate":110.33682949747708,"standard_error":0.011426379236493837},"median_abs_dev":{"confidence_interval":{"confidence_level":0.95,"lower_bound":0.04878168411886072,"upper_bound":0.09278034950494915},"point_estimate":0.06471769585239111,"standard_error":0.01164490478328302},"slope":{"confidence_interval":{"confidence_level":0.95,"lower_bound":110.35300160524613,"upper_bound":110.41344847220542},"point_estimate":110.38113595046491,"standard_error":0.015493023404568342},"std_dev":{"confidence_interval":{"confidence_level":0.95,"lower_bound":0.11455219756027919,"upper_bound":0.32746019569492074},"point_estimate":0.22220074626662895,"standard_error":0.05993050694321488}}