{"mean":{"confidence_interval":{"confidence_level":0.95,"lower_bound":111.36494360464619,"upper_bound":111.71747498726668},"point_estimate":111.52182978586326,"standard_error":0.09065958767812306},"median":{"confidence_interval":{"confidence_level":0.95,"lower_bound":111.34691194686985,"upper_bound":111.5636690466613},"point_estimate":111.45950919428617,"standard_error":0.061806157381246},"median_abs_dev":{"confidence_interval":{"confidence_level":0.95,"lower_bound":0.3626381095569153,"upper_bound":0.7142111648052561},"point_estimate":0.5145549989098711,"standard_error":0.08932765155567146},"slope":{"confidence_interval":{"confidence_level":0.95,"lower_bound":111.36768964563122,"upper_bound":111.67383998700485},"point_estimate":111.50468636006383,"standard_error":0.07861208914015339},"std_dev":{"confidence_interval":{"confidence_level":0.95,"lower_bound":0.5109760207733692,"upper_bound":1.3564901807519254},"point_estimate":0.9102501904851484,"standard_error":0.2600949291972153}}