{"mean":{"confidence_interval":{"confidence_level":0.95,"lower_bound":-0.03962791218815151,"upper_bound":-0.012895868299482346},"point_estimate":-0.02590585977529769,"standard_error":0.006867582231721971},"median":{"confidence_interval":{"confidence_level":0.95,"lower_bound":-0.01534287448023198,"upper_bound":0.011301813798421767},"point_estimate":0.0012255999109660465,"standard_error":0.009726534760295861}}