{"mean":{"confidence_interval":{"confidence_level":0.95,"lower_bound":-0.01798447567734636,"upper_bound":-0.002029876070214017},"point_estimate":-0.010167246336565738,"standard_error":0.0040855380390018466},"median":{"confidence_interval":{"confidence_level":0.95,"lower_bound":-0.029927429196632827,"upper_bound":-0.0013964843888688572},"point_estimate":-0.021361692816965316,"standard_error":0.007554151645655059}}