{"mean":{"confidence_interval":{"confidence_level":0.95,"lower_bound":-0.01789473575790739,"upper_bound":-0.0031610465933854253},"point_estimate":-0.010330765071911219,"standard_error":0.0037664967191711894},"median":{"confidence_interval":{"confidence_level":0.95,"lower_bound":-0.008693451456609602,"upper_bound":0.005607678357974377},"point_estimate":-0.0016779276479250704,"standard_error":0.003468713593479019}}