{"mean":{"confidence_interval":{"confidence_level":0.95,"lower_bound":-0.028936935975247508,"upper_bound":-0.01738849500153444},"point_estimate":-0.023098541604842926,"standard_error":0.0029519884260177987},"median":{"confidence_interval":{"confidence_level":0.95,"lower_bound":-0.0219506909247702,"upper_bound":-0.003050135206269289},"point_estimate":-0.011766954864634416,"standard_error":0.004399934491018006}}