{"mean":{"confidence_interval":{"confidence_level":0.95,"lower_bound":-0.03253962472559368,"upper_bound":-0.010103583272702957},"point_estimate":-0.02094677493151542,"standard_error":0.00573213329922117},"median":{"confidence_interval":{"confidence_level":0.95,"lower_bound":-0.02479829003027323,"upper_bound":0.0038615939500326046},"point_estimate":-0.0044326358166527635,"standard_error":0.009879998193108579}}