{"mean":{"confidence_interval":{"confidence_level":0.95,"lower_bound":-0.11991300746031186,"upper_bound":-0.05910754705320761},"point_estimate":-0.08880613732694465,"standard_error":0.015514383472606637},"median":{"confidence_interval":{"confidence_level":0.95,"lower_bound":-0.06973720176538245,"upper_bound":-0.03943443072946917},"point_estimate":-0.05267797266737517,"standard_error":0.0076931599020870585}}