{"mean":{"confidence_interval":{"confidence_level":0.95,"lower_bound":-0.1687394779458363,"upper_bound":-0.04784940351467118},"point_estimate":-0.1041913542922519,"standard_error":0.031140365393434163},"median":{"confidence_interval":{"confidence_level":0.95,"lower_bound":-0.07042344689863189,"upper_bound":-0.02725408298236598},"point_estimate":-0.04306949721483533,"standard_error":0.010293929266475389}}