{"mean":{"confidence_interval":{"confidence_level":0.95,"lower_bound":0.051674050051021214,"upper_bound":0.07543760345982359},"point_estimate":0.06340069148340843,"standard_error":0.006069166894708848},"median":{"confidence_interval":{"confidence_level":0.95,"lower_bound":0.059288092594025565,"upper_bound":0.08320809720627895},"point_estimate":0.06511475058101412,"standard_error":0.006502748312034444}}