{"mean":{"confidence_interval":{"confidence_level":0.95,"lower_bound":0.00564361789741972,"upper_bound":0.039011107818116585},"point_estimate":0.02214291824984116,"standard_error":0.008565960725997752},"median":{"confidence_interval":{"confidence_level":0.95,"lower_bound":0.023250661291999597,"upper_bound":0.04679438681726533},"point_estimate":0.03941355621046139,"standard_error":0.00690693278760004}}