{"mean":{"confidence_interval":{"confidence_level":0.95,"lower_bound":0.013465854948460067,"upper_bound":0.03028748103182921},"point_estimate":0.02161457441402992,"standard_error":0.004305784510364459},"median":{"confidence_interval":{"confidence_level":0.95,"lower_bound":-0.00034809056334728083,"upper_bound":0.03340663472822558},"point_estimate":0.008731980866373279,"standard_error":0.010748175019423533}}