{"mean":{"confidence_interval":{"confidence_level":0.95,"lower_bound":0.05040138883282094,"upper_bound":0.07572847288254637},"point_estimate":0.0628969343396042,"standard_error":0.006456574490162604},"median":{"confidence_interval":{"confidence_level":0.95,"lower_bound":0.05895008373588051,"upper_bound":0.07996009517371183},"point_estimate":0.06967632718427996,"standard_error":0.005289201319781499}}