{"mean":{"confidence_interval":{"confidence_level":0.95,"lower_bound":-0.022397655641919385,"upper_bound":0.009385037359530033},"point_estimate":-0.006427414689679001,"standard_error":0.008134400519072214},"median":{"confidence_interval":{"confidence_level":0.95,"lower_bound":-0.02080060796201133,"upper_bound":0.002432547225834858},"point_estimate":-0.012722533732578145,"standard_error":0.006961946875086381}}