{"mean":{"confidence_interval":{"confidence_level":0.95,"lower_bound":-0.0258165955794609,"upper_bound":-0.012648815120163916},"point_estimate":-0.01903491953814529,"standard_error":0.0032676214745191593},"median":{"confidence_interval":{"confidence_level":0.95,"lower_bound":-0.030481543746859747,"upper_bound":-0.00199085905937757},"point_estimate":-0.013795366493745465,"standard_error":0.007280906842156566}}