{"mean":{"confidence_interval":{"confidence_level":0.95,"lower_bound":-0.0019448582272503583,"upper_bound":0.02664470893408804},"point_estimate":0.012279549954694602,"standard_error":0.007266205568123488},"median":{"confidence_interval":{"confidence_level":0.95,"lower_bound":-0.026512006809137713,"upper_bound":0.037773602431713904},"point_estimate":0.019254651223787,"standard_error":0.016924277943080237}}