{"mean":{"confidence_interval":{"confidence_level":0.95,"lower_bound":-0.061913650090809604,"upper_bound":-0.04560770863853002},"point_estimate":-0.05396458804323956,"standard_error":0.004137773608927098},"median":{"confidence_interval":{"confidence_level":0.95,"lower_bound":-0.06400679016426114,"upper_bound":-0.05635253256666317},"point_estimate":-0.060463396372448464,"standard_error":0.0019633984138233023}}