{"mean":{"confidence_interval":{"confidence_level":0.95,"lower_bound":0.05607317095905796,"upper_bound":0.07265513852780195},"point_estimate":0.06463080912931973,"standard_error":0.004238467087493679},"median":{"confidence_interval":{"confidence_level":0.95,"lower_bound":0.05529417471952569,"upper_bound":0.07821625261175572},"point_estimate":0.06609919866388303,"standard_error":0.007194595895542188}}