{"mean":{"confidence_interval":{"confidence_level":0.95,"lower_bound":-0.016954914322626097,"upper_bound":0.00036329242649731227},"point_estimate":-0.00868477234272702,"standard_error":0.004437746412023672},"median":{"confidence_interval":{"confidence_level":0.95,"lower_bound":-0.019830856886292027,"upper_bound":-0.006552109891794999},"point_estimate":-0.014609973288957412,"standard_error":0.0033804790259335505}}