{"mean":{"confidence_interval":{"confidence_level":0.95,"lower_bound":-0.01838356162446933,"upper_bound":0.0007648159059985022},"point_estimate":-0.008945012368838934,"standard_error":0.004897816406957984},"median":{"confidence_interval":{"confidence_level":0.95,"lower_bound":-0.030430402722711913,"upper_bound":-0.003039451935187065},"point_estimate":-0.014167671126564696,"standard_error":0.006965997044304564}}