{"mean":{"confidence_interval":{"confidence_level":0.95,"lower_bound":0.013630401751939936,"upper_bound":0.027136918837368254},"point_estimate":0.020436375555198616,"standard_error":0.003444829397479691},"median":{"confidence_interval":{"confidence_level":0.95,"lower_bound":0.003272643618577038,"upper_bound":0.029939425893547922},"point_estimate":0.021605860161098445,"standard_error":0.006830989201023153}}