{"mean":{"confidence_interval":{"confidence_level":0.95,"lower_bound":0.06837119741961832,"upper_bound":0.1431160037117336},"point_estimate":0.10535722029057681,"standard_error":0.01900908229994073},"median":{"confidence_interval":{"confidence_level":0.95,"lower_bound":0.0440811635471956,"upper_bound":0.07749939414974283},"point_estimate":0.05976863183944792,"standard_error":0.009227755267974945}}