{"mean":{"confidence_interval":{"confidence_level":0.95,"lower_bound":-0.03204223450913735,"upper_bound":-0.015942135317258136},"point_estimate":-0.023811078422543375,"standard_error":0.004111849047935344},"median":{"confidence_interval":{"confidence_level":0.95,"lower_bound":-0.02307317693650024,"upper_bound":-0.004040287213750493},"point_estimate":-0.011290651328250911,"standard_error":0.004824164539777714}}