{"mean":{"confidence_interval":{"confidence_level":0.95,"lower_bound":-0.03190866823571624,"upper_bound":-0.01375185682123355},"point_estimate":-0.023068925430094422,"standard_error":0.004629575376513656},"median":{"confidence_interval":{"confidence_level":0.95,"lower_bound":-0.041221515316713156,"upper_bound":-0.00014570294283589025},"point_estimate":-0.016841415224059242,"standard_error":0.010735626980469202}}