{"mean":{"confidence_interval":{"confidence_level":0.95,"lower_bound":0.019938671147935984,"upper_bound":0.036374353211918495},"point_estimate":0.028014117280337425,"standard_error":0.004227632967550839},"median":{"confidence_interval":{"confidence_level":0.95,"lower_bound":-0.0026920610323050154,"upper_bound":0.03898112070440218},"point_estimate":0.013677863627348685,"standard_error":0.011017150836285029}}