{"mean":{"confidence_interval":{"confidence_level":0.95,"lower_bound":-0.04020419376297433,"upper_bound":-0.017186214888209466},"point_estimate":-0.028774374848580142,"standard_error":0.005861102812466699},"median":{"confidence_interval":{"confidence_level":0.95,"lower_bound":-0.044580737207480445,"upper_bound":-0.006480290334699101},"point_estimate":-0.03742343199835485,"standard_error":0.011425016075559959}}