{"mean":{"confidence_interval":{"confidence_level":0.95,"lower_bound":4811.354254187265,"upper_bound":4824.588936059953},"point_estimate":4817.524653712007,"standard_error":3.3714859270570297},"median":{"confidence_interval":{"confidence_level":0.95,"lower_bound":4817.430218446602,"upper_bound":4823.759439050701},"point_estimate":4819.596293876027,"standard_error":1.7501189271402648},"median_abs_dev":{"confidence_interval":{"confidence_level":0.95,"lower_bound":9.850639973913903,"upper_bound":19.439686937719358},"point_estimate":14.994154759316514,"standard_error":2.2931549107401006},"slope":{"confidence_interval":{"confidence_level":0.95,"lower_bound":4807.895906743966,"upper_bound":4833.539416693829},"point_estimate":4819.108704291672,"standard_error":6.577720939178981},"std_dev":{"confidence_interval":{"confidence_level":0.95,"lower_bound":20.819137816757923,"upper_bound":48.57225178825594},"point_estimate":33.82215167825976,"standard_error":7.872540382035925}}