{"mean":{"confidence_interval":{"confidence_level":0.95,"lower_bound":4750.968817357383,"upper_bound":4802.130159118365},"point_estimate":4773.225770980769,"standard_error":13.17489149063284},"median":{"confidence_interval":{"confidence_level":0.95,"lower_bound":4734.179084073821,"upper_bound":4737.344143186248},"point_estimate":4735.5470441562975,"standard_error":0.7574010521285973},"median_abs_dev":{"confidence_interval":{"confidence_level":0.95,"lower_bound":2.71546470980099,"upper_bound":6.635311418615777},"point_estimate":4.5366467340040755,"standard_error":0.9759423740421885},"slope":{"confidence_interval":{"confidence_level":0.95,"lower_bound":4751.95365639217,"upper_bound":4771.361743356384},"point_estimate":4762.021048573043,"standard_error":4.971164388407347},"std_dev":{"confidence_interval":{"confidence_level":0.95,"lower_bound":47.04625312260795,"upper_bound":195.94283108698315},"point_estimate":132.21120500285235,"standard_error":38.037122882158634}}