{"mean":{"confidence_interval":{"confidence_level":0.95,"lower_bound":0.12390555830453762,"upper_bound":0.18414137190849508},"point_estimate":0.15004288315744008,"standard_error":0.014829019120565962},"median":{"confidence_interval":{"confidence_level":0.95,"lower_bound":0.13491445587525686,"upper_bound":0.1497865240399725},"point_estimate":0.14303176877380608,"standard_error":0.004244800675781388}}