{"mean":{"confidence_interval":{"confidence_level":0.95,"lower_bound":0.0011458404851573015,"upper_bound":0.004112490229707565},"point_estimate":0.0026217160038177756,"standard_error":0.0007482645511169841},"median":{"confidence_interval":{"confidence_level":0.95,"lower_bound":0.0009894646223871373,"upper_bound":0.003288009638128031},"point_estimate":0.0020170758736928196,"standard_error":0.0005384024205290258}}