{"mean":{"confidence_interval":{"confidence_level":0.95,"lower_bound":-0.0015183697347605938,"upper_bound":0.0004308745372537719},"point_estimate":-0.000565495108616143,"standard_error":0.0004937740689838684},"median":{"confidence_interval":{"confidence_level":0.95,"lower_bound":-0.0015923227091632075,"upper_bound":3.370306972838577e-6},"point_estimate":-0.0008333832271647523,"standard_error":0.00041919861274634815}}