{"mean":{"confidence_interval":{"confidence_level":0.95,"lower_bound":0.005453227919096758,"upper_bound":0.01662523790351241},"point_estimate":0.010405512544595874,"standard_error":0.002904404050236577},"median":{"confidence_interval":{"confidence_level":0.95,"lower_bound":0.0031018235005437766,"upper_bound":0.005606578028553688},"point_estimate":0.003878327345545829,"standard_error":0.0006149814423790184}}