{"mean":{"confidence_interval":{"confidence_level":0.95,"lower_bound":0.00019471699018021598,"upper_bound":0.002250033630178},"point_estimate":0.0011782358223804135,"standard_error":0.0005283896693107941},"median":{"confidence_interval":{"confidence_level":0.95,"lower_bound":0.0005690435989837983,"upper_bound":0.0023050526302039742},"point_estimate":0.0015563250092316405,"standard_error":0.0004365143021059762}}