{"mean":{"confidence_interval":{"confidence_level":0.95,"lower_bound":-0.002667360463360507,"upper_bound":0.0026592173100776543},"point_estimate":0.00031819835238766636,"standard_error":0.0013660145599380478},"median":{"confidence_interval":{"confidence_level":0.95,"lower_bound":0.00012554707089981228,"upper_bound":0.0014078265147401403},"point_estimate":0.0007376448594273999,"standard_error":0.000338192625797018}}