{"mean":{"confidence_interval":{"confidence_level":0.95,"lower_bound":-0.0009652250732394951,"upper_bound":0.0014328168038873765},"point_estimate":0.00023033099582847605,"standard_error":0.0006097055066179033},"median":{"confidence_interval":{"confidence_level":0.95,"lower_bound":-0.00045464212415624594,"upper_bound":0.0006283238789877021},"point_estimate":0.00011100544089193143,"standard_error":0.00028113514874063186}}