{"mean":{"confidence_interval":{"confidence_level":0.95,"lower_bound":-0.006179761772274133,"upper_bound":0.000703270935487038},"point_estimate":-0.002338970578366517,"standard_error":0.0017681706844927233},"median":{"confidence_interval":{"confidence_level":0.95,"lower_bound":-0.001202917504442902,"upper_bound":0.000250532262257219},"point_estimate":-0.000423673486202758,"standard_error":0.000348993908598853}}