{"mean":{"confidence_interval":{"confidence_level":0.95,"lower_bound":-0.07059561438349612,"upper_bound":-0.023574113202225643},"point_estimate":-0.04389411883355687,"standard_error":0.012221434366015289},"median":{"confidence_interval":{"confidence_level":0.95,"lower_bound":-0.0022117791451730096,"upper_bound":0.00034524106596034443},"point_estimate":-0.001486968043602932,"standard_error":0.0006506251233570221}}