{"mean":{"confidence_interval":{"confidence_level":0.95,"lower_bound":-0.0005680890292533738,"upper_bound":0.0022883355331856257},"point_estimate":0.0009725631431858339,"standard_error":0.0007319915135680963},"median":{"confidence_interval":{"confidence_level":0.95,"lower_bound":0.0006820196567103309,"upper_bound":0.002258261478085055},"point_estimate":0.0016455987187695698,"standard_error":0.00039989516709060263}}