{"mean":{"confidence_interval":{"confidence_level":0.95,"lower_bound":-0.0054753977142674186,"upper_bound":-0.0006461266963980019},"point_estimate":-0.002806033394658014,"standard_error":0.0012407507161893662},"median":{"confidence_interval":{"confidence_level":0.95,"lower_bound":-0.0018289199689557555,"upper_bound":0.00002988427038008723},"point_estimate":-0.0008274158946859345,"standard_error":0.0004902296753687338}}