{"mean":{"confidence_interval":{"confidence_level":0.95,"lower_bound":-0.0006429199762847085,"upper_bound":0.002360170612471973},"point_estimate":0.0009852464931792149,"standard_error":0.0007688151487066434},"median":{"confidence_interval":{"confidence_level":0.95,"lower_bound":0.001292960821640099,"upper_bound":0.0026832084248544774},"point_estimate":0.0019960986746898612,"standard_error":0.00034817894925916274}}