{"mean":{"confidence_interval":{"confidence_level":0.95,"lower_bound":-0.00018318443269004495,"upper_bound":0.0060861675412690695},"point_estimate":0.002684388922949532,"standard_error":0.0015955755796078133},"median":{"confidence_interval":{"confidence_level":0.95,"lower_bound":0.0009598515450117695,"upper_bound":0.002900830381234565},"point_estimate":0.00161599651658495,"standard_error":0.000519182312907209}}