{"mean":{"confidence_interval":{"confidence_level":0.95,"lower_bound":-0.0013147159277841515,"upper_bound":0.005126430238822218},"point_estimate":0.001507541981878635,"standard_error":0.0016830087585035349},"median":{"confidence_interval":{"confidence_level":0.95,"lower_bound":-0.002113182352213785,"upper_bound":-0.0005648543885573565},"point_estimate":-0.0013722513313936258,"standard_error":0.00039367255367039807}}