{"mean":{"confidence_interval":{"confidence_level":0.95,"lower_bound":-0.0007708214922387269,"upper_bound":0.006158149976815999},"point_estimate":0.0019993310081125593,"standard_error":0.0017944904605386041},"median":{"confidence_interval":{"confidence_level":0.95,"lower_bound":-0.0014647745764622133,"upper_bound":-0.00015444610959780558},"point_estimate":-0.0007126236732984959,"standard_error":0.0003294130316344987}}