{"mean":{"confidence_interval":{"confidence_level":0.95,"lower_bound":-0.0010452671905246233,"upper_bound":0.0018065434067783487},"point_estimate":0.00025296689846876497,"standard_error":0.0007267566520605001},"median":{"confidence_interval":{"confidence_level":0.95,"lower_bound":-0.0029293724518013597,"upper_bound":-0.0014260226176351365},"point_estimate":-0.0022940058715402722,"standard_error":0.000382508965145417}}