{"mean":{"confidence_interval":{"confidence_level":0.95,"lower_bound":-0.0045830660083779895,"upper_bound":0.0007893252033295258},"point_estimate":-0.0016611069044049076,"standard_error":0.001371837085611739},"median":{"confidence_interval":{"confidence_level":0.95,"lower_bound":-0.0011235663512245697,"upper_bound":0.000720682867334288},"point_estimate":-0.00017344738355362654,"standard_error":0.0004970132293424}}