{"mean":{"confidence_interval":{"confidence_level":0.95,"lower_bound":-0.004633250925607707,"upper_bound":0.0010768534012319685},"point_estimate":-0.001389615823795265,"standard_error":0.0014692788605521346},"median":{"confidence_interval":{"confidence_level":0.95,"lower_bound":-0.0010065224656554683,"upper_bound":0.001237436993489771},"point_estimate":0.0003958503336281005,"standard_error":0.0005682524396780877}}