{"mean":{"confidence_interval":{"confidence_level":0.95,"lower_bound":0.0018978262194312876,"upper_bound":0.008050415201511407},"point_estimate":0.004776603208755281,"standard_error":0.0014541547607691253},"median":{"confidence_interval":{"confidence_level":0.95,"lower_bound":-0.000041979654819113144,"upper_bound":0.0021068411332345605},"point_estimate":0.0010369343496041683,"standard_error":0.0005576175464606948}}