{"mean":{"confidence_interval":{"confidence_level":0.95,"lower_bound":-0.001374338409525863,"upper_bound":0.0014485298807149771},"point_estimate":0.00009027707076070257,"standard_error":0.0007207505401743076},"median":{"confidence_interval":{"confidence_level":0.95,"lower_bound":-0.00042821774806283563,"upper_bound":0.0009743378778708234},"point_estimate":0.00025599367632822556,"standard_error":0.0003732977298146872}}