{"mean":{"confidence_interval":{"confidence_level":0.95,"lower_bound":0.0006683114437914362,"upper_bound":0.005446858285247602},"point_estimate":0.0025317412465322153,"standard_error":0.0012642640435262032},"median":{"confidence_interval":{"confidence_level":0.95,"lower_bound":0.0003706284551231676,"upper_bound":0.0022159659770439877},"point_estimate":0.0013443741674110665,"standard_error":0.0004787598624335958}}