{"mean":{"confidence_interval":{"confidence_level":0.95,"lower_bound":-0.000663340190356093,"upper_bound":0.00455714216662233},"point_estimate":0.0013624432249046414,"standard_error":0.0013734658288369426},"median":{"confidence_interval":{"confidence_level":0.95,"lower_bound":0.0003538894133054142,"upper_bound":0.0018570536442004126},"point_estimate":0.0011368317183995114,"standard_error":0.00039452332879352716}}