{"mean":{"confidence_interval":{"confidence_level":0.95,"lower_bound":-0.0019248763749980524,"upper_bound":0.0012079140703062817},"point_estimate":-0.000487697164495815,"standard_error":0.000804476130731646},"median":{"confidence_interval":{"confidence_level":0.95,"lower_bound":-0.0028259866595322647,"upper_bound":-0.0005094918207945165},"point_estimate":-0.0016046072395135003,"standard_error":0.0005721185202991078}}