{"mean":{"confidence_interval":{"confidence_level":0.95,"lower_bound":0.004071820212519756,"upper_bound":0.014282301226721694},"point_estimate":0.008125568854199239,"standard_error":0.0025145801447521267},"median":{"confidence_interval":{"confidence_level":0.95,"lower_bound":0.0024566849535292423,"upper_bound":0.005341642663548196},"point_estimate":0.003988551193490508,"standard_error":0.000622631298349549}}