{"mean":{"confidence_interval":{"confidence_level":0.95,"lower_bound":-0.0069541843793708225,"upper_bound":-0.00041923405522326687},"point_estimate":-0.003105961182550243,"standard_error":0.0017143288923733002},"median":{"confidence_interval":{"confidence_level":0.95,"lower_bound":-0.0016163554088387544,"upper_bound":-0.00014177956014083115},"point_estimate":-0.0010931734765508017,"standard_error":0.0003519526977969418}}