{"mean":{"confidence_interval":{"confidence_level":0.95,"lower_bound":-0.003192644297166362,"upper_bound":0.002853117415662881},"point_estimate":2.6105279651300606e-6,"standard_error":0.001571672992022896},"median":{"confidence_interval":{"confidence_level":0.95,"lower_bound":-0.0014479519140655484,"upper_bound":0.00004021455992742062},"point_estimate":-0.0007895241645210493,"standard_error":0.0003781469300802686}}