{"mean":{"confidence_interval":{"confidence_level":0.95,"lower_bound":-0.012445946282146235,"upper_bound":-0.005031613905198016},"point_estimate":-0.008439286616666486,"standard_error":0.0018914036343496076},"median":{"confidence_interval":{"confidence_level":0.95,"lower_bound":-0.003578665761289382,"upper_bound":-0.0014923316563245637},"point_estimate":-0.0023681435244610194,"standard_error":0.0005340832912503256}}