{"mean":{"confidence_interval":{"confidence_level":0.95,"lower_bound":-0.008704458887822668,"upper_bound":-0.002171188952493478},"point_estimate":-0.005071620680159539,"standard_error":0.0016747771653506337},"median":{"confidence_interval":{"confidence_level":0.95,"lower_bound":-0.00313977446292113,"upper_bound":-0.0016425771641784825},"point_estimate":-0.0021311339783118832,"standard_error":0.0004038256840175229}}