{"mean":{"confidence_interval":{"confidence_level":0.95,"lower_bound":-0.006235878550502076,"upper_bound":-0.00013509831514280058},"point_estimate":-0.0030852084556309833,"standard_error":0.0015484084019728634},"median":{"confidence_interval":{"confidence_level":0.95,"lower_bound":-0.0024288559565692758,"upper_bound":0.00019422973467642102},"point_estimate":-0.0010475156291729348,"standard_error":0.0006750712031993921}}