{"mean":{"confidence_interval":{"confidence_level":0.95,"lower_bound":-0.0028065671471318465,"upper_bound":0.006245903027777199},"point_estimate":0.0004619268258778675,"standard_error":0.002559969785568916},"median":{"confidence_interval":{"confidence_level":0.95,"lower_bound":-0.00281553328375872,"upper_bound":-0.0004724396015088878},"point_estimate":-0.001446016562253738,"standard_error":0.0005964857643142023}}