{"mean":{"confidence_interval":{"confidence_level":0.95,"lower_bound":-0.0022708702461492285,"upper_bound":0.0003316860360206893},"point_estimate":-0.0011486440239131257,"standard_error":0.0006580189048864486},"median":{"confidence_interval":{"confidence_level":0.95,"lower_bound":-0.0031097389828215194,"upper_bound":-0.0015201912259782402},"point_estimate":-0.0021610390388185907,"standard_error":0.00041236920082902945}}