{"mean":{"confidence_interval":{"confidence_level":0.95,"lower_bound":-0.027212534792219134,"upper_bound":-0.009872542178924354},"point_estimate":-0.018230313057736147,"standard_error":0.004429831918022633},"median":{"confidence_interval":{"confidence_level":0.95,"lower_bound":-0.0015947486933984845,"upper_bound":0.0007380066207920422},"point_estimate":-0.0000726568495933444,"standard_error":0.0005988067672029413}}