{"mean":{"confidence_interval":{"confidence_level":0.95,"lower_bound":-0.006020078329053424,"upper_bound":-0.0008870790947176},"point_estimate":-0.0030676744115013532,"standard_error":0.0013216763111117853},"median":{"confidence_interval":{"confidence_level":0.95,"lower_bound":-0.002153978009276636,"upper_bound":-0.00010895413763280625},"point_estimate":-0.0008790105011738936,"standard_error":0.0004929369616588361}}