{"mean":{"confidence_interval":{"confidence_level":0.95,"lower_bound":0.0002216982838396831,"upper_bound":0.0030416362348773805},"point_estimate":0.0015203620923125438,"standard_error":0.0007393861177792356},"median":{"confidence_interval":{"confidence_level":0.95,"lower_bound":-0.00022205965245802872,"upper_bound":0.0022094578116282904},"point_estimate":0.0013909484790792792,"standard_error":0.0006544680157332808}}