{"mean":{"confidence_interval":{"confidence_level":0.95,"lower_bound":-0.0019502029030892458,"upper_bound":0.00024213114868581456},"point_estimate":-0.0008948373468143922,"standard_error":0.0005585677333495115},"median":{"confidence_interval":{"confidence_level":0.95,"lower_bound":-0.002320756609355601,"upper_bound":0.00015565336762346504},"point_estimate":-0.0012195061950398545,"standard_error":0.0006553802775462762}}