{"mean":{"confidence_interval":{"confidence_level":0.95,"lower_bound":-0.004816443415357329,"upper_bound":0.0016667359732256849},"point_estimate":-0.0012373114865203982,"standard_error":0.0016606752299053132},"median":{"confidence_interval":{"confidence_level":0.95,"lower_bound":-0.0001687556987369776,"upper_bound":0.002294537462991242},"point_estimate":0.0012834820270501979,"standard_error":0.0006074039812737777}}