{"mean":{"confidence_interval":{"confidence_level":0.95,"lower_bound":-0.0032884802469210768,"upper_bound":-0.0005200318149421079},"point_estimate":-0.0018103961611556363,"standard_error":0.0007034398144153161},"median":{"confidence_interval":{"confidence_level":0.95,"lower_bound":-0.0016515935982943653,"upper_bound":0.00038396074047764017},"point_estimate":-0.00035814487447571874,"standard_error":0.0005219553387069945}}