{"mean":{"confidence_interval":{"confidence_level":0.95,"lower_bound":0.003872132102480639,"upper_bound":0.0360486595794779},"point_estimate":0.019722449742368253,"standard_error":0.008765424318954157},"median":{"confidence_interval":{"confidence_level":0.95,"lower_bound":-1.978268270863559e-6,"upper_bound":0.0023254016778084807},"point_estimate":0.0012361606766939648,"standard_error":0.0005523863535700747}}