{"mean":{"confidence_interval":{"confidence_level":0.95,"lower_bound":0.22196538535912302,"upper_bound":0.24361565246494876},"point_estimate":0.23294821594656234,"standard_error":0.005273778853090416},"median":{"confidence_interval":{"confidence_level":0.95,"lower_bound":0.21014811114752385,"upper_bound":0.23986935321025804},"point_estimate":0.2223519667815781,"standard_error":0.008057449460244382}}