{"mean":{"confidence_interval":{"confidence_level":0.95,"lower_bound":-0.012618424177262312,"upper_bound":-0.004273921436316242},"point_estimate":-0.007947995280840559,"standard_error":0.0021547896580062322},"median":{"confidence_interval":{"confidence_level":0.95,"lower_bound":-0.004066251685479916,"upper_bound":-0.0019718939813099245},"point_estimate":-0.003206869272970536,"standard_error":0.0005542455096554405}}