{"mean":{"confidence_interval":{"confidence_level":0.95,"lower_bound":-0.0031927211970783965,"upper_bound":0.0008992773482388176},"point_estimate":-0.0010979066034718654,"standard_error":0.0010397431341009871},"median":{"confidence_interval":{"confidence_level":0.95,"lower_bound":-0.0030954455015963053,"upper_bound":-0.0009344319763309183},"point_estimate":-0.002226137250526561,"standard_error":0.0005198494364678807}}