{"mean":{"confidence_interval":{"confidence_level":0.95,"lower_bound":-0.023894750975915275,"upper_bound":-0.004445761102737721},"point_estimate":-0.014006339588145789,"standard_error":0.004924249561584684},"median":{"confidence_interval":{"confidence_level":0.95,"lower_bound":-0.0017626892123684401,"upper_bound":0.0006659326320723746},"point_estimate":-0.0008493907262470124,"standard_error":0.000636949069168513}}