{"mean":{"confidence_interval":{"confidence_level":0.95,"lower_bound":-0.0029990209709311205,"upper_bound":0.003290347525779415},"point_estimate":-0.000040618065715869456,"standard_error":0.0015889039835063309},"median":{"confidence_interval":{"confidence_level":0.95,"lower_bound":-0.0020931508533419615,"upper_bound":0.00044645016173872065},"point_estimate":-0.0012398818755783303,"standard_error":0.0006390064261506969}}