{"mean":{"confidence_interval":{"confidence_level":0.95,"lower_bound":0.0019919506713683755,"upper_bound":0.008558748817172388},"point_estimate":0.005216573714416306,"standard_error":0.0017418401234248347},"median":{"confidence_interval":{"confidence_level":0.95,"lower_bound":0.0019190798923578445,"upper_bound":0.003925086784634507},"point_estimate":0.003019004761754207,"standard_error":0.0005004749351962731}}