{"mean":{"confidence_interval":{"confidence_level":0.95,"lower_bound":-0.007981396017625835,"upper_bound":-0.0007763941126072361},"point_estimate":-0.004058960589497729,"standard_error":0.001848964261993877},"median":{"confidence_interval":{"confidence_level":0.95,"lower_bound":-0.0022676411433236255,"upper_bound":-0.00038195745233213577},"point_estimate":-0.0014282220357041409,"standard_error":0.0004864900142006476}}