{"mean":{"confidence_interval":{"confidence_level":0.95,"lower_bound":-0.005572104577705136,"upper_bound":-0.0019510123056620367},"point_estimate":-0.0036148690321095023,"standard_error":0.0009308633317065898},"median":{"confidence_interval":{"confidence_level":0.95,"lower_bound":-0.0037420960087268967,"upper_bound":-0.0015803394887196065},"point_estimate":-0.0023697107961457853,"standard_error":0.0005865373640626774}}