{"mean":{"confidence_interval":{"confidence_level":0.95,"lower_bound":-0.00223367481543596,"upper_bound":0.0045066389459887495},"point_estimate":0.0009017024447075528,"standard_error":0.0017373802514581984},"median":{"confidence_interval":{"confidence_level":0.95,"lower_bound":-0.0031651811485295944,"upper_bound":-0.0012302216600809102},"point_estimate":-0.002418998933994887,"standard_error":0.0005099777108103502}}