{"mean":{"confidence_interval":{"confidence_level":0.95,"lower_bound":-0.0013724468357457246,"upper_bound":0.0032277073348735688},"point_estimate":0.0005472699154001059,"standard_error":0.0011861733930163586},"median":{"confidence_interval":{"confidence_level":0.95,"lower_bound":-0.001366447335948373,"upper_bound":0.000573718560683556},"point_estimate":-0.0005613726941139374,"standard_error":0.00048289928373597884}}