{"mean":{"confidence_interval":{"confidence_level":0.95,"lower_bound":-0.0009572004383214483,"upper_bound":0.0008569409044945017},"point_estimate":-0.00005526245810383301,"standard_error":0.00046396588431947983},"median":{"confidence_interval":{"confidence_level":0.95,"lower_bound":-0.000958217296374464,"upper_bound":0.0013027826266991394},"point_estimate":-0.00004194564798520872,"standard_error":0.0005820570713115855}}