{"mean":{"confidence_interval":{"confidence_level":0.95,"lower_bound":-0.07714265720669844,"upper_bound":-0.07411583121320933},"point_estimate":-0.07573949710724959,"standard_error":0.0007801759478851187},"median":{"confidence_interval":{"confidence_level":0.95,"lower_bound":-0.07699657262419024,"upper_bound":-0.07537498089920058},"point_estimate":-0.076293482375562,"standard_error":0.0003953783771273246}}