{"mean":{"confidence_interval":{"confidence_level":0.95,"lower_bound":0.004148852201236914,"upper_bound":0.006481663072180775},"point_estimate":0.005229372321937875,"standard_error":0.0005933035057686574},"median":{"confidence_interval":{"confidence_level":0.95,"lower_bound":0.0042282711806516105,"upper_bound":0.0063534052428251275},"point_estimate":0.005249281540108619,"standard_error":0.0005251309137163468}}