{"mean":{"confidence_interval":{"confidence_level":0.95,"lower_bound":-0.0010307625222960273,"upper_bound":0.0023718365499823526},"point_estimate":0.0004007434632593565,"standard_error":0.0008782600461845145},"median":{"confidence_interval":{"confidence_level":0.95,"lower_bound":-0.0017904288758259224,"upper_bound":0.0004598832466693459},"point_estimate":-0.0009871801255795232,"standard_error":0.0006021762247581813}}