{"mean":{"confidence_interval":{"confidence_level":0.95,"lower_bound":-0.0010611433705883433,"upper_bound":0.0016972531274751566},"point_estimate":0.0003404736255863128,"standard_error":0.0007067470417063273},"median":{"confidence_interval":{"confidence_level":0.95,"lower_bound":-0.0012041367531704372,"upper_bound":0.0010516686329156144},"point_estimate":-0.000021447920882433635,"standard_error":0.0005645090526190925}}