{"mean":{"confidence_interval":{"confidence_level":0.95,"lower_bound":0.007596151659723449,"upper_bound":0.02836717127337691},"point_estimate":0.017679269271589027,"standard_error":0.005388559484829932},"median":{"confidence_interval":{"confidence_level":0.95,"lower_bound":-0.0011179862886084857,"upper_bound":0.0014768512706637704},"point_estimate":0.0002795331680678359,"standard_error":0.0006667185573622082}}