{"mean":{"confidence_interval":{"confidence_level":0.95,"lower_bound":-0.0021009775706885363,"upper_bound":0.000453349218608417},"point_estimate":-0.000755636634900414,"standard_error":0.0006506181054931132},"median":{"confidence_interval":{"confidence_level":0.95,"lower_bound":-0.0005373418360201665,"upper_bound":0.0013646473374757855},"point_estimate":0.00046564601245413506,"standard_error":0.0004584047085841647}}