{"mean":{"confidence_interval":{"confidence_level":0.95,"lower_bound":-0.03625502571458183,"upper_bound":-0.0021756482633540713},"point_estimate":-0.01735381004205727,"standard_error":0.00883003938299542},"median":{"confidence_interval":{"confidence_level":0.95,"lower_bound":0.00105027587882911,"upper_bound":0.002953063685992019},"point_estimate":0.0019891403284482134,"standard_error":0.00047957916292720764}}