{"mean":{"confidence_interval":{"confidence_level":0.95,"lower_bound":0.00005853278552070963,"upper_bound":0.0033564185795355132},"point_estimate":0.0015389669086478541,"standard_error":0.000841628801184713},"median":{"confidence_interval":{"confidence_level":0.95,"lower_bound":0.0005195238747388586,"upper_bound":0.0024161333194436807},"point_estimate":0.0014971041173683641,"standard_error":0.0004619067149155104}}