{"mean":{"confidence_interval":{"confidence_level":0.95,"lower_bound":-0.005728864348869455,"upper_bound":0.0014552170186219581},"point_estimate":-0.0026228258406898464,"standard_error":0.001748909387163214},"median":{"confidence_interval":{"confidence_level":0.95,"lower_bound":-0.003950362596510604,"upper_bound":-0.0020501831229355894},"point_estimate":-0.0028473157061963406,"standard_error":0.0004869571262331369}}