{"mean":{"confidence_interval":{"confidence_level":0.95,"lower_bound":-0.025688520797007754,"upper_bound":0.004578525750331781},"point_estimate":-0.010917457262963559,"standard_error":0.007715412890874428},"median":{"confidence_interval":{"confidence_level":0.95,"lower_bound":-0.07557759914579942,"upper_bound":-0.025466250402979937},"point_estimate":-0.06083632098749314,"standard_error":0.01334670169340238}}