{"mean":{"confidence_interval":{"confidence_level":0.95,"lower_bound":-0.03451768983787725,"upper_bound":-0.019072035850894203},"point_estimate":-0.026270828016046854,"standard_error":0.0038428649324071425},"median":{"confidence_interval":{"confidence_level":0.95,"lower_bound":-0.005789999851019911,"upper_bound":0.0015726637233079988},"point_estimate":-0.0027416048683569505,"standard_error":0.002179483249934075}}