{"mean":{"confidence_interval":{"confidence_level":0.95,"lower_bound":-0.003863927778521106,"upper_bound":0.014796253712694456},"point_estimate":0.005086111709230012,"standard_error":0.004757957291534223},"median":{"confidence_interval":{"confidence_level":0.95,"lower_bound":-0.02797806279083781,"upper_bound":-0.0011415524279748135},"point_estimate":-0.015626913652516117,"standard_error":0.009467459858002547}}