{"mean":{"confidence_interval":{"confidence_level":0.95,"lower_bound":0.0001349217367104531,"upper_bound":0.03453917657347152},"point_estimate":0.017278315317910575,"standard_error":0.008781225338410713},"median":{"confidence_interval":{"confidence_level":0.95,"lower_bound":0.02923283706769131,"upper_bound":0.030152769896749865},"point_estimate":0.029829988788466322,"standard_error":0.001786074091233989}}