{"mean":{"confidence_interval":{"confidence_level":0.95,"lower_bound":0.004797853183299389,"upper_bound":0.011744560641316803},"point_estimate":0.008432582819136059,"standard_error":0.0017870813164140844},"median":{"confidence_interval":{"confidence_level":0.95,"lower_bound":-0.0006232408638401354,"upper_bound":0.005661053057778087},"point_estimate":0.003039064475156339,"standard_error":0.002040929230692199}}