{"mean":{"confidence_interval":{"confidence_level":0.95,"lower_bound":-0.06946364859209565,"upper_bound":-0.036967793127024806},"point_estimate":-0.05297627151812201,"standard_error":0.00825223077067215},"median":{"confidence_interval":{"confidence_level":0.95,"lower_bound":-0.11909481409778475,"upper_bound":-0.02789030796277636},"point_estimate":-0.02846546073806433,"standard_error":0.022969004775031953}}