{"mean":{"confidence_interval":{"confidence_level":0.95,"lower_bound":0.010467667008551302,"upper_bound":0.033786381632385135},"point_estimate":0.021702859054495205,"standard_error":0.005884628605071586},"median":{"confidence_interval":{"confidence_level":0.95,"lower_bound":0.0016384575919909938,"upper_bound":0.024539054129901983},"point_estimate":0.0132178269448473,"standard_error":0.006625016069916489}}