{"mean":{"confidence_interval":{"confidence_level":0.95,"lower_bound":65.30967928022557,"upper_bound":65.5805891470091},"point_estimate":65.4343570411529,"standard_error":0.06919469631357009},"median":{"confidence_interval":{"confidence_level":0.95,"lower_bound":65.2166112516222,"upper_bound":65.46513825343148},"point_estimate":65.29782929828863,"standard_error":0.06298662744733896},"median_abs_dev":{"confidence_interval":{"confidence_level":0.95,"lower_bound":0.37975769008873206,"upper_bound":0.5722931427388435},"point_estimate":0.46447895395624084,"standard_error":0.04937952276472538},"slope":{"confidence_interval":{"confidence_level":0.95,"lower_bound":65.25648933099995,"upper_bound":65.81741221020259},"point_estimate":65.50185240673713,"standard_error":0.146262035142432},"std_dev":{"confidence_interval":{"confidence_level":0.95,"lower_bound":0.4006989024382263,"upper_bound":0.9511554092698492},"point_estimate":0.696187722081419,"standard_error":0.14061683555658014}}