{"mean":{"confidence_interval":{"confidence_level":0.95,"lower_bound":52.895449869506905,"upper_bound":53.0449905510795},"point_estimate":52.96177769733209,"standard_error":0.03853158242497874},"median":{"confidence_interval":{"confidence_level":0.95,"lower_bound":52.83895070610836,"upper_bound":52.91290893131562},"point_estimate":52.87215902708296,"standard_error":0.017667170520482695},"median_abs_dev":{"confidence_interval":{"confidence_level":0.95,"lower_bound":0.10452190713572405,"upper_bound":0.1764742763737916},"point_estimate":0.133461883937485,"standard_error":0.01832980601057942},"slope":{"confidence_interval":{"confidence_level":0.95,"lower_bound":52.84518944799226,"upper_bound":53.019261769431814},"point_estimate":52.91536864115945,"standard_error":0.04534720257030078},"std_dev":{"confidence_interval":{"confidence_level":0.95,"lower_bound":0.13608342251493005,"upper_bound":0.5559196599993549},"point_estimate":0.3883736416278381,"standard_error":0.09914268663280178}}