{"mean":{"confidence_interval":{"confidence_level":0.95,"lower_bound":1.5357581110031335,"upper_bound":1.5379237536766945},"point_estimate":1.5366905753508449,"standard_error":0.0005574515473337023},"median":{"confidence_interval":{"confidence_level":0.95,"lower_bound":1.5347988672202744,"upper_bound":1.5353736645187226},"point_estimate":1.5350942231280011,"standard_error":0.00017227650131321917},"median_abs_dev":{"confidence_interval":{"confidence_level":0.95,"lower_bound":0.0006488480740604415,"upper_bound":0.0014162864944570806},"point_estimate":0.001021879567006135,"standard_error":0.00020719000449133797},"slope":{"confidence_interval":{"confidence_level":0.95,"lower_bound":1.5361669146842274,"upper_bound":1.5406004582684132},"point_estimate":1.5380115780773633,"standard_error":0.0011542228900406097},"std_dev":{"confidence_interval":{"confidence_level":0.95,"lower_bound":0.0021687893836589475,"upper_bound":0.008642692393641472},"point_estimate":0.005633202919094836,"standard_error":0.0017663703488125417}}