{"mean":{"confidence_interval":{"confidence_level":0.95,"lower_bound":1.5350528625461064,"upper_bound":1.5374716510577207},"point_estimate":1.5360266589643183,"standard_error":0.0006348458178608634},"median":{"confidence_interval":{"confidence_level":0.95,"lower_bound":1.5345015142711413,"upper_bound":1.5347858196121},"point_estimate":1.534605509037969,"standard_error":0.00006602938986648446},"median_abs_dev":{"confidence_interval":{"confidence_level":0.95,"lower_bound":0.00034031324836621124,"upper_bound":0.0006885792025589342},"point_estimate":0.0004807411229022911,"standard_error":0.0000885565687582563},"slope":{"confidence_interval":{"confidence_level":0.95,"lower_bound":1.5346436328251012,"upper_bound":1.5361699796659163},"point_estimate":1.5352043282799948,"standard_error":0.0004138852432209696},"std_dev":{"confidence_interval":{"confidence_level":0.95,"lower_bound":0.001483495698115829,"upper_bound":0.010288571876710104},"point_estimate":0.006342345468162245,"standard_error":0.0025531170980610065}}