{"mean":{"confidence_interval":{"confidence_level":0.95,"lower_bound":373.5292003298185,"upper_bound":378.37397477306143},"point_estimate":376.0183421400692,"standard_error":1.2322128986410126},"median":{"confidence_interval":{"confidence_level":0.95,"lower_bound":372.50821419914246,"upper_bound":380.13747167133374},"point_estimate":375.1606550580431,"standard_error":2.2642340240248284},"median_abs_dev":{"confidence_interval":{"confidence_level":0.95,"lower_bound":2.9172236872439963,"upper_bound":10.896507317124446},"point_estimate":7.032816521667005,"standard_error":2.0164123305102333},"slope":{"confidence_interval":{"confidence_level":0.95,"lower_bound":374.97385604782585,"upper_bound":378.3316946009088},"point_estimate":376.784530375972,"standard_error":0.8588959738821252},"std_dev":{"confidence_interval":{"confidence_level":0.95,"lower_bound":8.216129612802177,"upper_bound":15.95485650451086},"point_estimate":12.351547793513133,"standard_error":1.9845897657103184}}