{"mean":{"confidence_interval":{"confidence_level":0.95,"lower_bound":-0.9964179739938782,"upper_bound":-0.9960297747706292},"point_estimate":-0.9962345906101597,"standard_error":0.00009889431887908753},"median":{"confidence_interval":{"confidence_level":0.95,"lower_bound":-0.9970378796148932,"upper_bound":-0.9949796701948973},"point_estimate":-0.9963037164760716,"standard_error":0.000654561352126979}}