{"mean":{"confidence_interval":{"confidence_level":0.95,"lower_bound":0.010955055291424865,"upper_bound":0.019067130363744154},"point_estimate":0.015142301652354417,"standard_error":0.0020668391772672864},"median":{"confidence_interval":{"confidence_level":0.95,"lower_bound":0.01034391936055834,"upper_bound":0.028004858072351313},"point_estimate":0.017089962394756908,"standard_error":0.0046578508128245644}}