{"mean":{"confidence_interval":{"confidence_level":0.95,"lower_bound":1.3863991048558952,"upper_bound":1.4082582473545167},"point_estimate":1.3972237165845822,"standard_error":0.00557185359360576},"median":{"confidence_interval":{"confidence_level":0.95,"lower_bound":1.3811058508789422,"upper_bound":1.411709810456033},"point_estimate":1.3945927354307197,"standard_error":0.007656297254237047}}