{"mean":{"confidence_interval":{"confidence_level":0.95,"lower_bound":0.006607818286782686,"upper_bound":0.013188732245088246},"point_estimate":0.009895359705135887,"standard_error":0.0016920604343516534},"median":{"confidence_interval":{"confidence_level":0.95,"lower_bound":0.008112207427455775,"upper_bound":0.011882019022661394},"point_estimate":0.00997268017205899,"standard_error":0.0009985304199999763}}