{"mean":{"confidence_interval":{"confidence_level":0.95,"lower_bound":-0.0035939568987348393,"upper_bound":0.00469404545248217},"point_estimate":0.0004270281896039396,"standard_error":0.0021273243084813085},"median":{"confidence_interval":{"confidence_level":0.95,"lower_bound":-0.0020888333849115037,"upper_bound":0.006033105867825614},"point_estimate":0.0028650205492051217,"standard_error":0.0019970070449593113}}