{"mean":{"confidence_interval":{"confidence_level":0.95,"lower_bound":0.013758605177906663,"upper_bound":0.02067146732086173},"point_estimate":0.01715424873508664,"standard_error":0.0017661957967514829},"median":{"confidence_interval":{"confidence_level":0.95,"lower_bound":0.0030759725257607506,"upper_bound":0.009570205901205902},"point_estimate":0.003882194722120147,"standard_error":0.0015883696429377214}}