{"mean":{"confidence_interval":{"confidence_level":0.95,"lower_bound":0.0010946080495377376,"upper_bound":0.014110975333381086},"point_estimate":0.0075684208819044585,"standard_error":0.0033493992925531066},"median":{"confidence_interval":{"confidence_level":0.95,"lower_bound":-0.009891311191792596,"upper_bound":0.037479698311178006},"point_estimate":0.034838608458005904,"standard_error":0.017621574343142113}}