{"mean":{"confidence_interval":{"confidence_level":0.95,"lower_bound":0.020769160824732708,"upper_bound":0.028549358143018594},"point_estimate":0.024636275965480126,"standard_error":0.001987639496628896},"median":{"confidence_interval":{"confidence_level":0.95,"lower_bound":0.020799061404049857,"upper_bound":0.03491572662466713},"point_estimate":0.02767208367348606,"standard_error":0.003586614946825445}}