{"mean":{"confidence_interval":{"confidence_level":0.95,"lower_bound":-0.14003504321346763,"upper_bound":-0.06423210764711149},"point_estimate":-0.10036674763265363,"standard_error":0.01945035484100778},"median":{"confidence_interval":{"confidence_level":0.95,"lower_bound":-0.05041242573677007,"upper_bound":-0.027352089771946697},"point_estimate":-0.03933780079311755,"standard_error":0.0053813743587024275}}