{"mean":{"confidence_interval":{"confidence_level":0.95,"lower_bound":-0.0327283211818316,"upper_bound":-0.022128468079749244},"point_estimate":-0.02764699041161578,"standard_error":0.0027102570199222737},"median":{"confidence_interval":{"confidence_level":0.95,"lower_bound":-0.033012716011935894,"upper_bound":-0.012737976699243814},"point_estimate":-0.02484527865951458,"standard_error":0.005483728135410243}}