{"mean":{"confidence_interval":{"confidence_level":0.95,"lower_bound":-0.012672550158707531,"upper_bound":0.000493235763193409},"point_estimate":-0.006260773585159529,"standard_error":0.0033595300317314325},"median":{"confidence_interval":{"confidence_level":0.95,"lower_bound":-0.026689010274542846,"upper_bound":0.0025694799734601315},"point_estimate":-0.004927256949568415,"standard_error":0.008774489794660206}}