{"mean":{"confidence_interval":{"confidence_level":0.95,"lower_bound":105.43332814248171,"upper_bound":105.53858808665134},"point_estimate":105.47937982491645,"standard_error":0.027064949189402297},"median":{"confidence_interval":{"confidence_level":0.95,"lower_bound":105.381406745699,"upper_bound":105.4112867227361},"point_estimate":105.39314976814177,"standard_error":0.006799377951712786},"median_abs_dev":{"confidence_interval":{"confidence_level":0.95,"lower_bound":0.030201387754466506,"upper_bound":0.06954971097991237},"point_estimate":0.04387195501626447,"standard_error":0.008698678269602063},"slope":{"confidence_interval":{"confidence_level":0.95,"lower_bound":105.42012830914331,"upper_bound":105.59919503464306},"point_estimate":105.50043867920785,"standard_error":0.04583820892127348},"std_dev":{"confidence_interval":{"confidence_level":0.95,"lower_bound":0.12266039778881938,"upper_bound":0.41005189156575067},"point_estimate":0.27185812014085187,"standard_error":0.07804792937177323}}