{"mean":{"confidence_interval":{"confidence_level":0.95,"lower_bound":105.42230495882048,"upper_bound":105.50358834001791},"point_estimate":105.46043468548115,"standard_error":0.020782741803423394},"median":{"confidence_interval":{"confidence_level":0.95,"lower_bound":105.38360504521847,"upper_bound":105.41953053263286},"point_estimate":105.40206375999236,"standard_error":0.008589037298476793},"median_abs_dev":{"confidence_interval":{"confidence_level":0.95,"lower_bound":0.04140636095438906,"upper_bound":0.0808130774806871},"point_estimate":0.060345187499946086,"standard_error":0.009787610059591624},"slope":{"confidence_interval":{"confidence_level":0.95,"lower_bound":105.38988020742867,"upper_bound":105.52080983310408},"point_estimate":105.44489179846558,"standard_error":0.0339917469739045},"std_dev":{"confidence_interval":{"confidence_level":0.95,"lower_bound":0.12830224737316936,"upper_bound":0.2766851908138167},"point_estimate":0.2076674450752598,"standard_error":0.03802523387086948}}