{"mean":{"confidence_interval":{"confidence_level":0.95,"lower_bound":8.58586019120847,"upper_bound":8.610716525802466},"point_estimate":8.597022495755274,"standard_error":0.0063855340626569855},"median":{"confidence_interval":{"confidence_level":0.95,"lower_bound":8.581559716465982,"upper_bound":8.5940955382889},"point_estimate":8.586134457723276,"standard_error":0.002989806816947096},"median_abs_dev":{"confidence_interval":{"confidence_level":0.95,"lower_bound":0.019945807644175178,"upper_bound":0.031770240766322136},"point_estimate":0.025953641049338245,"standard_error":0.002966946019440657},"slope":{"confidence_interval":{"confidence_level":0.95,"lower_bound":8.579753917182114,"upper_bound":8.604496185353513},"point_estimate":8.591463718468775,"standard_error":0.006226002269174184},"std_dev":{"confidence_interval":{"confidence_level":0.95,"lower_bound":0.029733370831534215,"upper_bound":0.09318175594601841},"point_estimate":0.06409005535546529,"standard_error":0.016626470045421275}}