{"mean":{"confidence_interval":{"confidence_level":0.95,"lower_bound":1002.9699374206956,"upper_bound":1032.5848572117677},"point_estimate":1017.4167511309091,"standard_error":7.5421723831306995},"median":{"confidence_interval":{"confidence_level":0.95,"lower_bound":962.2029014683493,"upper_bound":1052.2386684797098},"point_estimate":1037.2198321046412,"standard_error":26.042029321490983},"median_abs_dev":{"confidence_interval":{"confidence_level":0.95,"lower_bound":30.88630780043288,"upper_bound":134.34934802299398},"point_estimate":100.49322072539016,"standard_error":27.172102794397002},"slope":{"confidence_interval":{"confidence_level":0.95,"lower_bound":988.1913442776114,"upper_bound":1028.4609131471739},"point_estimate":1007.6366050514229,"standard_error":10.30061628463192},"std_dev":{"confidence_interval":{"confidence_level":0.95,"lower_bound":64.07762691273913,"upper_bound":87.12568123508142},"point_estimate":76.03138591144028,"standard_error":5.9252358460970225}}