{"mean":{"confidence_interval":{"confidence_level":0.95,"lower_bound":1.5357649711600603,"upper_bound":1.5377862620597376},"point_estimate":1.5366700335668129,"standard_error":0.0005219856980120669},"median":{"confidence_interval":{"confidence_level":0.95,"lower_bound":1.534986854717113,"upper_bound":1.5355449062400452},"point_estimate":1.5352680085488442,"standard_error":0.00013260726644310456},"median_abs_dev":{"confidence_interval":{"confidence_level":0.95,"lower_bound":0.000811827366744457,"upper_bound":0.001506925896074999},"point_estimate":0.001132255577462794,"standard_error":0.00017960877520815032},"slope":{"confidence_interval":{"confidence_level":0.95,"lower_bound":1.535380682467716,"upper_bound":1.536793231465301},"point_estimate":1.535962025327929,"standard_error":0.00036513668062866905},"std_dev":{"confidence_interval":{"confidence_level":0.95,"lower_bound":0.0023984430640896226,"upper_bound":0.007368609214053853},"point_estimate":0.005239171793504968,"standard_error":0.001271089380399089}}