{"mean":{"confidence_interval":{"confidence_level":0.95,"lower_bound":1.5354476370270025,"upper_bound":1.536483800754513},"point_estimate":1.535896439234615,"standard_error":0.0002659845788728907},"median":{"confidence_interval":{"confidence_level":0.95,"lower_bound":1.534898218306474,"upper_bound":1.535586401647397},"point_estimate":1.5352657871828828,"standard_error":0.00017185150271396656},"median_abs_dev":{"confidence_interval":{"confidence_level":0.95,"lower_bound":0.0007769814278804583,"upper_bound":0.0014998349649142197},"point_estimate":0.0012064825679304466,"standard_error":0.00019105849076337864},"slope":{"confidence_interval":{"confidence_level":0.95,"lower_bound":1.535188055575722,"upper_bound":1.5359638238855537},"point_estimate":1.5355433905145128,"standard_error":0.0001990174749544589},"std_dev":{"confidence_interval":{"confidence_level":0.95,"lower_bound":0.0012366033447833277,"upper_bound":0.004082172297046755},"point_estimate":0.002671084025134107,"standard_error":0.0008315257346388604}}