{"mean":{"confidence_interval":{"confidence_level":0.95,"lower_bound":15.507626450139517,"upper_bound":15.527988568061039},"point_estimate":15.51710324198911,"standard_error":0.0052146882300283725},"median":{"confidence_interval":{"confidence_level":0.95,"lower_bound":15.502089464727534,"upper_bound":15.519035110676011},"point_estimate":15.512002541869798,"standard_error":0.0050554811313099045},"median_abs_dev":{"confidence_interval":{"confidence_level":0.95,"lower_bound":0.024126886028748722,"upper_bound":0.04075558122682915},"point_estimate":0.03130441118035042,"standard_error":0.0042000178532532},"slope":{"confidence_interval":{"confidence_level":0.95,"lower_bound":15.501922418755699,"upper_bound":15.514581115211374},"point_estimate":15.508007650260392,"standard_error":0.0032345540238115423},"std_dev":{"confidence_interval":{"confidence_level":0.95,"lower_bound":0.03278304039851351,"upper_bound":0.06994161598352718},"point_estimate":0.05250824925562922,"standard_error":0.009537783938175993}}