{"mean":{"confidence_interval":{"confidence_level":0.95,"lower_bound":0.17097884894998633,"upper_bound":0.17734416960125818},"point_estimate":0.17412665732381316,"standard_error":0.0016274291161685907},"median":{"confidence_interval":{"confidence_level":0.95,"lower_bound":0.17184457935758224,"upper_bound":0.17934089020618105},"point_estimate":0.17578607702032922,"standard_error":0.001858983829399173}}