{"mean":{"confidence_interval":{"confidence_level":0.95,"lower_bound":0.041899500713148186,"upper_bound":0.08387547568534569},"point_estimate":0.062366431067176986,"standard_error":0.010732092328328146},"median":{"confidence_interval":{"confidence_level":0.95,"lower_bound":0.025415871409711535,"upper_bound":0.1781602624446641},"point_estimate":0.10462892172661609,"standard_error":0.04977119140962005}}