{"mean":{"confidence_interval":{"confidence_level":0.95,"lower_bound":-0.031314164658757415,"upper_bound":0.013476157310514538},"point_estimate":-0.008687646515344927,"standard_error":0.011419278558446606},"median":{"confidence_interval":{"confidence_level":0.95,"lower_bound":-0.12333399094862108,"upper_bound":0.05868708357570172},"point_estimate":-0.02435102490104768,"standard_error":0.04957391138068876}}