{"mean":{"confidence_interval":{"confidence_level":0.95,"lower_bound":-0.11361988230952139,"upper_bound":-0.0849993049428313},"point_estimate":-0.09924589751480095,"standard_error":0.007280868087806818},"median":{"confidence_interval":{"confidence_level":0.95,"lower_bound":-0.15319533145553021,"upper_bound":-0.13899806695918338},"point_estimate":-0.14403762402718467,"standard_error":0.004733064617892781}}