{"mean":{"confidence_interval":{"confidence_level":0.95,"lower_bound":-0.03621288126663785,"upper_bound":0.007296349576030527},"point_estimate":-0.015022005093080826,"standard_error":0.011118217148841312},"median":{"confidence_interval":{"confidence_level":0.95,"lower_bound":-0.09902035733850167,"upper_bound":0.03714556424146831},"point_estimate":-0.0954553740185966,"standard_error":0.04545952362776492}}