{"mean":{"confidence_interval":{"confidence_level":0.95,"lower_bound":-0.01968265064263577,"upper_bound":-0.005420904597475643},"point_estimate":-0.011780830489445226,"standard_error":0.0036188392879456374},"median":{"confidence_interval":{"confidence_level":0.95,"lower_bound":0.0001240412086134235,"upper_bound":0.00903900717728745},"point_estimate":0.0023549071555979406,"standard_error":0.001939679004293897}}