{"mean":{"confidence_interval":{"confidence_level":0.95,"lower_bound":-0.0683249910786126,"upper_bound":-0.03061596049030839},"point_estimate":-0.04983578252554133,"standard_error":0.009639157764239074},"median":{"confidence_interval":{"confidence_level":0.95,"lower_bound":-0.09030948684013329,"upper_bound":-0.04519486183494925},"point_estimate":-0.06944223240872238,"standard_error":0.012347621825147216}}