{"mean":{"confidence_interval":{"confidence_level":0.95,"lower_bound":-0.009925974957727013,"upper_bound":0.013206303621992136},"point_estimate":0.0019303461688688905,"standard_error":0.005892544149472898},"median":{"confidence_interval":{"confidence_level":0.95,"lower_bound":-0.002395070531530097,"upper_bound":0.008468630288308132},"point_estimate":0.00028284914131826433,"standard_error":0.003192494702174832}}