{"mean":{"confidence_interval":{"confidence_level":0.95,"lower_bound":-0.06371482893540074,"upper_bound":-0.028536389432951142},"point_estimate":-0.04615930631753706,"standard_error":0.009055781675557751},"median":{"confidence_interval":{"confidence_level":0.95,"lower_bound":-0.06712986379778008,"upper_bound":-0.061440491558999},"point_estimate":-0.06483903086106457,"standard_error":0.003765506827223308}}