{"mean":{"confidence_interval":{"confidence_level":0.95,"lower_bound":-0.08820774988241564,"upper_bound":-0.04240129866416987},"point_estimate":-0.06551746522914259,"standard_error":0.011671176789379054},"median":{"confidence_interval":{"confidence_level":0.95,"lower_bound":-0.1542651126868214,"upper_bound":-0.0758648863604422},"point_estimate":-0.11731726486331884,"standard_error":0.021813253444467107}}