{"mean":{"confidence_interval":{"confidence_level":0.95,"lower_bound":1520.8608789010432,"upper_bound":1524.4356075764922},"point_estimate":1522.4103873709903,"standard_error":0.9245962986356977},"median":{"confidence_interval":{"confidence_level":0.95,"lower_bound":1519.6989302967563,"upper_bound":1520.4967863524207},"point_estimate":1520.0099198991732,"standard_error":0.19950348174549784},"median_abs_dev":{"confidence_interval":{"confidence_level":0.95,"lower_bound":0.9533607877571048,"upper_bound":1.7921654020378261},"point_estimate":1.3293135633565791,"standard_error":0.21074217503313},"slope":{"confidence_interval":{"confidence_level":0.95,"lower_bound":1520.008492981094,"upper_bound":1522.1824544030076},"point_estimate":1520.8530561998446,"standard_error":0.5759987631907583},"std_dev":{"confidence_interval":{"confidence_level":0.95,"lower_bound":3.199606198110366,"upper_bound":13.960031428791055},"point_estimate":9.30265026384043,"standard_error":2.794357600619478}}