{"mean":{"confidence_interval":{"confidence_level":0.95,"lower_bound":1521.0986865035802,"upper_bound":1522.808949324563},"point_estimate":1521.7804737471133,"standard_error":0.45193950521421156},"median":{"confidence_interval":{"confidence_level":0.95,"lower_bound":1520.4543231611894,"upper_bound":1521.2487505679237},"point_estimate":1520.8680855657044,"standard_error":0.1959825516458512},"median_abs_dev":{"confidence_interval":{"confidence_level":0.95,"lower_bound":0.8658658635549681,"upper_bound":1.606871126821223},"point_estimate":1.2310920458809838,"standard_error":0.20651939416298393},"slope":{"confidence_interval":{"confidence_level":0.95,"lower_bound":1520.875522728056,"upper_bound":1522.9715928959772},"point_estimate":1521.6676048891413,"standard_error":0.5586837988922639},"std_dev":{"confidence_interval":{"confidence_level":0.95,"lower_bound":1.4512054387315372,"upper_bound":7.421383014176731},"point_estimate":4.556902307847954,"standard_error":1.9405493163055432}}