{"mean":{"confidence_interval":{"confidence_level":0.95,"lower_bound":-0.009823843359248586,"upper_bound":-0.0021322599476811368},"point_estimate":-0.005667175821307269,"standard_error":0.0019737388889367324},"median":{"confidence_interval":{"confidence_level":0.95,"lower_bound":-0.00445221788550354,"upper_bound":-0.001455733411727185},"point_estimate":-0.003066902850153208,"standard_error":0.0007757404504668369}}