{"mean":{"confidence_interval":{"confidence_level":0.95,"lower_bound":-0.007460801522683868,"upper_bound":-0.0038071425392713523},"point_estimate":-0.005688229771108277,"standard_error":0.0009283794096492968},"median":{"confidence_interval":{"confidence_level":0.95,"lower_bound":-0.008436787024033991,"upper_bound":-0.0030704181298765176},"point_estimate":-0.007929401560899607,"standard_error":0.0012835215286043334}}