{"mean":{"confidence_interval":{"confidence_level":0.95,"lower_bound":0.006346973754776836,"upper_bound":0.014262787994502814},"point_estimate":0.010149125099441658,"standard_error":0.0020265958119260203},"median":{"confidence_interval":{"confidence_level":0.95,"lower_bound":0.006862088052192322,"upper_bound":0.013770237966117982},"point_estimate":0.010176179307114008,"standard_error":0.0018124539506468246}}