{"mean":{"confidence_interval":{"confidence_level":0.95,"lower_bound":-0.010182141507031133,"upper_bound":-0.003722618677589924},"point_estimate":-0.006801539755861952,"standard_error":0.0016473887997644138},"median":{"confidence_interval":{"confidence_level":0.95,"lower_bound":-0.006631126307131646,"upper_bound":-0.004731550249626389},"point_estimate":-0.005544192777508283,"standard_error":0.0005178414272177515}}