{"mean":{"confidence_interval":{"confidence_level":0.95,"lower_bound":0.2750188794099472,"upper_bound":0.28156418965238605},"point_estimate":0.2782478636910646,"standard_error":0.0016640604354419587},"median":{"confidence_interval":{"confidence_level":0.95,"lower_bound":0.27906513260749977,"upper_bound":0.2815996567511849},"point_estimate":0.28039945932774213,"standard_error":0.0006228573407939932}}