{"mean":{"confidence_interval":{"confidence_level":0.95,"lower_bound":-0.006781328104605208,"upper_bound":-0.0004149870281087965},"point_estimate":-0.0032322295510232024,"standard_error":0.001646870970804746},"median":{"confidence_interval":{"confidence_level":0.95,"lower_bound":-0.004055089498855691,"upper_bound":0.0027562901372100157},"point_estimate":0.000866482623133713,"standard_error":0.0016044242735616602}}