{"mean":{"confidence_interval":{"confidence_level":0.95,"lower_bound":-0.18384524462355864,"upper_bound":-0.16487761013600605},"point_estimate":-0.17397076584814142,"standard_error":0.004853139579604664},"median":{"confidence_interval":{"confidence_level":0.95,"lower_bound":-0.16281650800124625,"upper_bound":-0.15564557127963663},"point_estimate":-0.1599309759359412,"standard_error":0.00191373115724523}}