{"mean":{"confidence_interval":{"confidence_level":0.95,"lower_bound":-0.0024805234757354433,"upper_bound":0.005314308660973209},"point_estimate":0.0019099800447490711,"standard_error":0.001961370605326118},"median":{"confidence_interval":{"confidence_level":0.95,"lower_bound":0.006540509584845507,"upper_bound":0.012487399892434414},"point_estimate":0.008938174060727055,"standard_error":0.0017039246098022297}}