{"mean":{"confidence_interval":{"confidence_level":0.95,"lower_bound":-0.016677803373129726,"upper_bound":-0.001938444620550201},"point_estimate":-0.008664303916503746,"standard_error":0.003782956842470582},"median":{"confidence_interval":{"confidence_level":0.95,"lower_bound":-0.012815997238316279,"upper_bound":0.005017505924686416},"point_estimate":-0.002631884040124599,"standard_error":0.0045364318077203755}}