{"mean":{"confidence_interval":{"confidence_level":0.95,"lower_bound":-0.002201073576309766,"upper_bound":0.006635293276111196},"point_estimate":0.002483871278967875,"standard_error":0.0022521732297058573},"median":{"confidence_interval":{"confidence_level":0.95,"lower_bound":-0.00111830799200411,"upper_bound":0.003958323144576337},"point_estimate":0.001051003619235047,"standard_error":0.0014604547982211401}}