{"mean":{"confidence_interval":{"confidence_level":0.95,"lower_bound":-0.0182342184354412,"upper_bound":-0.007110957629622533},"point_estimate":-0.013273462692949711,"standard_error":0.0028397859830672856},"median":{"confidence_interval":{"confidence_level":0.95,"lower_bound":-0.02130281408265189,"upper_bound":-0.02030050946419726},"point_estimate":-0.02097006019473946,"standard_error":0.000268112191114244}}