{"mean":{"confidence_interval":{"confidence_level":0.95,"lower_bound":-0.2649119915759812,"upper_bound":-0.0963119907754926},"point_estimate":-0.17852167394453733,"standard_error":0.04342860556958279},"median":{"confidence_interval":{"confidence_level":0.95,"lower_bound":0.0049564476494114995,"upper_bound":0.016414537326297385},"point_estimate":0.012027333109703608,"standard_error":0.0031952973067524934}}