{"mean":{"confidence_interval":{"confidence_level":0.95,"lower_bound":-0.0022702580400251445,"upper_bound":0.0012933448091327015},"point_estimate":-0.0005311565369648941,"standard_error":0.0009155940455005659},"median":{"confidence_interval":{"confidence_level":0.95,"lower_bound":-0.0033500002088594494,"upper_bound":0.0020770984852294117},"point_estimate":-0.002757458664994661,"standard_error":0.0014082010751403059}}