{"mean":{"confidence_interval":{"confidence_level":0.95,"lower_bound":-0.057763575811561635,"upper_bound":-0.025601578233535396},"point_estimate":-0.04126877222008685,"standard_error":0.0079250751437338},"median":{"confidence_interval":{"confidence_level":0.95,"lower_bound":-0.09199244476052293,"upper_bound":-0.031172505417436436},"point_estimate":-0.08322782198810708,"standard_error":0.015896644900394115}}