{"mean":{"confidence_interval":{"confidence_level":0.95,"lower_bound":-0.027350730186394324,"upper_bound":0.002349998136150855},"point_estimate":-0.012534106580759263,"standard_error":0.007603952902248665},"median":{"confidence_interval":{"confidence_level":0.95,"lower_bound":-0.016056841115878573,"upper_bound":0.04200702289858338},"point_estimate":0.033599091820817106,"standard_error":0.01593771085041914}}