{"mean":{"confidence_interval":{"confidence_level":0.95,"lower_bound":30.15926011277382,"upper_bound":30.671717632017472},"point_estimate":30.40064107038872,"standard_error":0.13166694292469197},"median":{"confidence_interval":{"confidence_level":0.95,"lower_bound":29.87234076827757,"upper_bound":29.88881970260223},"point_estimate":29.87595773226251,"standard_error":0.0036910646211910287},"median_abs_dev":{"confidence_interval":{"confidence_level":0.95,"lower_bound":0.015963774814802944,"upper_bound":0.0346035385621001},"point_estimate":0.02160933273135534,"standard_error":0.004526677667994714},"slope":{"confidence_interval":{"confidence_level":0.95,"lower_bound":29.913517676582345,"upper_bound":30.02688377856855},"point_estimate":29.960807469791533,"standard_error":0.02933128537951032},"std_dev":{"confidence_interval":{"confidence_level":0.95,"lower_bound":0.9723244128413489,"upper_bound":1.5902482468653552},"point_estimate":1.323316540673985,"standard_error":0.15897995680170346}}