{"mean":{"confidence_interval":{"confidence_level":0.95,"lower_bound":8.885776719155631,"upper_bound":9.31325981964653},"point_estimate":9.094381058107034,"standard_error":0.10929830285569472},"median":{"confidence_interval":{"confidence_level":0.95,"lower_bound":8.385352207782988,"upper_bound":8.408662922218529},"point_estimate":8.394791110437183,"standard_error":0.014633642636108026},"median_abs_dev":{"confidence_interval":{"confidence_level":0.95,"lower_bound":0.026304320741505644,"upper_bound":0.07778362191676433},"point_estimate":0.03961470182679995,"standard_error":0.024081582013912535},"slope":{"confidence_interval":{"confidence_level":0.95,"lower_bound":8.420341165874724,"upper_bound":8.493111656112417},"point_estimate":8.451107279569419,"standard_error":0.018638156259217456},"std_dev":{"confidence_interval":{"confidence_level":0.95,"lower_bound":0.9501205619535139,"upper_bound":1.2081699623370243},"point_estimate":1.0996372833547787,"standard_error":0.06586053865993209}}