{"mean":{"confidence_interval":{"confidence_level":0.95,"lower_bound":8.3337946460492,"upper_bound":8.34983524025644},"point_estimate":8.341364416084144,"standard_error":0.0040980008427867224},"median":{"confidence_interval":{"confidence_level":0.95,"lower_bound":8.32764767695661,"upper_bound":8.352262050304358},"point_estimate":8.34352972748816,"standard_error":0.006202389466572062},"median_abs_dev":{"confidence_interval":{"confidence_level":0.95,"lower_bound":0.027815211095938843,"upper_bound":0.044457806409155406},"point_estimate":0.03573589335276029,"standard_error":0.004396766542554763},"slope":{"confidence_interval":{"confidence_level":0.95,"lower_bound":8.328210655757191,"upper_bound":8.36130235158276},"point_estimate":8.342184384898866,"standard_error":0.00858203702888944},"std_dev":{"confidence_interval":{"confidence_level":0.95,"lower_bound":0.02906011135472849,"upper_bound":0.0563861482805517},"point_estimate":0.04130775242256348,"standard_error":0.008008988566408444}}