{"mean":{"confidence_interval":{"confidence_level":0.95,"lower_bound":121.76184371651756,"upper_bound":122.06162972705116},"point_estimate":121.87787660812245,"standard_error":0.08049722941839028},"median":{"confidence_interval":{"confidence_level":0.95,"lower_bound":121.8081332997078,"upper_bound":121.88109674016869},"point_estimate":121.84087829286372,"standard_error":0.020701311746783805},"median_abs_dev":{"confidence_interval":{"confidence_level":0.95,"lower_bound":0.11753302576820779,"upper_bound":0.29540327919576204},"point_estimate":0.16168514852371121,"standard_error":0.045661809284503814},"slope":{"confidence_interval":{"confidence_level":0.95,"lower_bound":121.78666841953056,"upper_bound":122.03520317673137},"point_estimate":121.88221425624413,"standard_error":0.06574364975740668},"std_dev":{"confidence_interval":{"confidence_level":0.95,"lower_bound":0.23982767792735216,"upper_bound":1.3397324470487342},"point_estimate":0.8080953738064055,"standard_error":0.3734530046298032}}