{"mean":{"confidence_interval":{"confidence_level":0.95,"lower_bound":309.12940668854003,"upper_bound":314.18613497645595},"point_estimate":311.554942916965,"standard_error":1.2924881280737857},"median":{"confidence_interval":{"confidence_level":0.95,"lower_bound":310.5413112693626,"upper_bound":312.71767915141413},"point_estimate":312.48578439656677,"standard_error":0.6477215176359095},"median_abs_dev":{"confidence_interval":{"confidence_level":0.95,"lower_bound":1.9950499946535891,"upper_bound":18.28073032415847},"point_estimate":6.767152084817852,"standard_error":3.9233446102639524},"slope":{"confidence_interval":{"confidence_level":0.95,"lower_bound":311.70610557870043,"upper_bound":318.95266571375527},"point_estimate":315.2595706961259,"standard_error":1.849440796883142},"std_dev":{"confidence_interval":{"confidence_level":0.95,"lower_bound":10.023244976029815,"upper_bound":15.535346445643992},"point_estimate":13.026033221249554,"standard_error":1.4093655368256865}}