{"mean":{"confidence_interval":{"confidence_level":0.95,"lower_bound":296.01588358976477,"upper_bound":300.4664644301137},"point_estimate":298.14746226744285,"standard_error":1.1326351396083778},"median":{"confidence_interval":{"confidence_level":0.95,"lower_bound":296.34556307201296,"upper_bound":297.7030260730844},"point_estimate":297.2641715374509,"standard_error":0.33687959146089713},"median_abs_dev":{"confidence_interval":{"confidence_level":0.95,"lower_bound":2.067924427264112,"upper_bound":15.223207475373371},"point_estimate":10.23161902768489,"standard_error":3.5498908040795616},"slope":{"confidence_interval":{"confidence_level":0.95,"lower_bound":299.05917007232995,"upper_bound":306.72684146276526},"point_estimate":302.55589948015995,"standard_error":1.9791920926039412},"std_dev":{"confidence_interval":{"confidence_level":0.95,"lower_bound":8.804050491469805,"upper_bound":13.939926570261278},"point_estimate":11.412952900463006,"standard_error":1.3274313972064227}}