{"mean":{"confidence_interval":{"confidence_level":0.95,"lower_bound":-0.0787344663285135,"upper_bound":-0.05091374769944508},"point_estimate":-0.0632154035858219,"standard_error":0.006984588327499209},"median":{"confidence_interval":{"confidence_level":0.95,"lower_bound":-0.1295807887335362,"upper_bound":-0.032395751975638265},"point_estimate":-0.10328069987968969,"standard_error":0.0289092387095899}}