{"mean":{"confidence_interval":{"confidence_level":0.95,"lower_bound":0.03307706676741157,"upper_bound":0.08475405891515801},"point_estimate":0.05905785577487532,"standard_error":0.013181348332003328},"median":{"confidence_interval":{"confidence_level":0.95,"lower_bound":0.033322678582041965,"upper_bound":0.17400953046741297},"point_estimate":0.050533163898726086,"standard_error":0.03607559582523522}}