{"mean":{"confidence_interval":{"confidence_level":0.95,"lower_bound":0.12045956878589202,"upper_bound":0.13241579211960763},"point_estimate":0.12667711937745452,"standard_error":0.00304236205337848},"median":{"confidence_interval":{"confidence_level":0.95,"lower_bound":0.1234782037759361,"upper_bound":0.14852237334248275},"point_estimate":0.13471951401505233,"standard_error":0.006855180537185799}}