{"mean":{"confidence_interval":{"confidence_level":0.95,"lower_bound":-0.12781723924003985,"upper_bound":-0.12139224649743142},"point_estimate":-0.12448983553827597,"standard_error":0.0016172119815041632},"median":{"confidence_interval":{"confidence_level":0.95,"lower_bound":-0.1349348421171217,"upper_bound":-0.1156879501342325},"point_estimate":-0.1244606827210315,"standard_error":0.005325406829033403}}