{"mean":{"confidence_interval":{"confidence_level":0.95,"lower_bound":0.03204615794079204,"upper_bound":0.0866656803849419},"point_estimate":0.05801210578322347,"standard_error":0.013867926824346101},"median":{"confidence_interval":{"confidence_level":0.95,"lower_bound":-0.001214581578606433,"upper_bound":0.13802984305606492},"point_estimate":0.12000288747101706,"standard_error":0.038153335609248384}}