{"mean":{"confidence_interval":{"confidence_level":0.95,"lower_bound":-0.00001320155330231664,"upper_bound":0.005360391289801791},"point_estimate":0.002079662951848249,"standard_error":0.0013975334098807485},"median":{"confidence_interval":{"confidence_level":0.95,"lower_bound":0.00023316594929062071,"upper_bound":0.0007919187444656028},"point_estimate":0.0005321448376096605,"standard_error":0.00014096573237858383}}