{"mean":{"confidence_interval":{"confidence_level":0.95,"lower_bound":-0.013827087007932361,"upper_bound":0.003075487809366311},"point_estimate":-0.0033236328506358603,"standard_error":0.004804978320293767},"median":{"confidence_interval":{"confidence_level":0.95,"lower_bound":-0.0008077125619146974,"upper_bound":0.0025455893646983974},"point_estimate":0.0009169906145236606,"standard_error":0.0008931917458204579}}