{"mean":{"confidence_interval":{"confidence_level":0.95,"lower_bound":-0.005680136439804103,"upper_bound":-0.002582057287526638},"point_estimate":-0.004000220283683631,"standard_error":0.0007930363410225749},"median":{"confidence_interval":{"confidence_level":0.95,"lower_bound":-0.002352502302518933,"upper_bound":-0.0009166401692795034},"point_estimate":-0.0015640787509350051,"standard_error":0.00034290040518743025}}