{"mean":{"confidence_interval":{"confidence_level":0.95,"lower_bound":-0.02732979659345517,"upper_bound":-0.00025982715295777906},"point_estimate":-0.013952305001323051,"standard_error":0.006893999445741945},"median":{"confidence_interval":{"confidence_level":0.95,"lower_bound":-0.0035908296423857733,"upper_bound":0.005864221329739516},"point_estimate":-0.0005687162789266287,"standard_error":0.0022246147731769354}}