{"mean":{"confidence_interval":{"confidence_level":0.95,"lower_bound":-0.05927696611123069,"upper_bound":-0.04635441572026022},"point_estimate":-0.052166568331179275,"standard_error":0.0033264129006046928},"median":{"confidence_interval":{"confidence_level":0.95,"lower_bound":-0.04944045206964787,"upper_bound":-0.046016182935968986},"point_estimate":-0.04729152912938761,"standard_error":0.000992442581593332}}