{"mean":{"confidence_interval":{"confidence_level":0.95,"lower_bound":0.02737159953043339,"upper_bound":0.04927251544167731},"point_estimate":0.03744878319506695,"standard_error":0.0055435604257252},"median":{"confidence_interval":{"confidence_level":0.95,"lower_bound":0.006077809293477454,"upper_bound":0.010076905755880938},"point_estimate":0.007982312393586932,"standard_error":0.0010059038987835155}}