{"mean":{"confidence_interval":{"confidence_level":0.95,"lower_bound":0.0018979577641373543,"upper_bound":0.003979307891325451},"point_estimate":0.0028953899527257576,"standard_error":0.000530509104256905},"median":{"confidence_interval":{"confidence_level":0.95,"lower_bound":0.0003631870409037674,"upper_bound":0.004803374255500332},"point_estimate":0.00198870312085897,"standard_error":0.0011850444465466964}}