{"mean":{"confidence_interval":{"confidence_level":0.95,"lower_bound":-0.03999361964297019,"upper_bound":-0.019941645307435883},"point_estimate":-0.029761789717798304,"standard_error":0.0051197696055098755},"median":{"confidence_interval":{"confidence_level":0.95,"lower_bound":-0.0008244260337278986,"upper_bound":0.0022118297705745254},"point_estimate":0.0014853992107939362,"standard_error":0.0008702036068267029}}