{"mean":{"confidence_interval":{"confidence_level":0.95,"lower_bound":-0.008142012309234168,"upper_bound":0.0005934932855464197},"point_estimate":-0.003830508364637164,"standard_error":0.0021804484155365637},"median":{"confidence_interval":{"confidence_level":0.95,"lower_bound":-0.007537576585410433,"upper_bound":-0.004460656944886858},"point_estimate":-0.006982367016855506,"standard_error":0.0007529437847956688}}