{"mean":{"confidence_interval":{"confidence_level":0.95,"lower_bound":-0.0006142317125142479,"upper_bound":0.005395000588871645},"point_estimate":0.002772881542613126,"standard_error":0.001544824706804541},"median":{"confidence_interval":{"confidence_level":0.95,"lower_bound":0.0005632756744524681,"upper_bound":0.004331137970760013},"point_estimate":0.0020677431029132443,"standard_error":0.0010579646154728524}}