{"mean":{"confidence_interval":{"confidence_level":0.95,"lower_bound":-0.0033834070075165865,"upper_bound":0.0005294392022538562},"point_estimate":-0.0012604779338002414,"standard_error":0.0009925946158050865},"median":{"confidence_interval":{"confidence_level":0.95,"lower_bound":-0.002266741100977465,"upper_bound":0.0010805845085787573},"point_estimate":-0.0002206142752259055,"standard_error":0.0008369278230769816}}