{"mean":{"confidence_interval":{"confidence_level":0.95,"lower_bound":0.0003981031165806005,"upper_bound":0.0018297947242269723},"point_estimate":0.0010766726718771658,"standard_error":0.00036529176199761584},"median":{"confidence_interval":{"confidence_level":0.95,"lower_bound":-0.0006522141226773526,"upper_bound":0.000567740470120503},"point_estimate":0.00004151694242215953,"standard_error":0.00032274380134762016}}