{"mean":{"confidence_interval":{"confidence_level":0.95,"lower_bound":-0.006490824170818821,"upper_bound":-0.0011276886317404362},"point_estimate":-0.0032811921903997954,"standard_error":0.001405424153302448},"median":{"confidence_interval":{"confidence_level":0.95,"lower_bound":-0.0009856100456984151,"upper_bound":-0.000037407000523459466},"point_estimate":-0.0004100554098308562,"standard_error":0.00024578959181323687}}