{"mean":{"confidence_interval":{"confidence_level":0.95,"lower_bound":-0.22524215789128943,"upper_bound":-0.09474514933836015},"point_estimate":-0.1587514008462828,"standard_error":0.03354564933902338},"median":{"confidence_interval":{"confidence_level":0.95,"lower_bound":-0.11679264124635103,"upper_bound":-0.06390221380995231},"point_estimate":-0.1151656030092506,"standard_error":0.01335152318690683}}