{"mean":{"confidence_interval":{"confidence_level":0.95,"lower_bound":0.00033155980301483045,"upper_bound":0.004141687358558381},"point_estimate":0.0021701897944410575,"standard_error":0.0009529100676517166},"median":{"confidence_interval":{"confidence_level":0.95,"lower_bound":0.0004888357002443833,"upper_bound":0.0023738478624995007},"point_estimate":0.0012990192820998558,"standard_error":0.00046613157518982616}}