{"mean":{"confidence_interval":{"confidence_level":0.95,"lower_bound":-0.0012633565690732148,"upper_bound":0.008745699035524178},"point_estimate":0.003436385484848037,"standard_error":0.002642155306187478},"median":{"confidence_interval":{"confidence_level":0.95,"lower_bound":-0.0028984153731338234,"upper_bound":-0.00028461169350690874},"point_estimate":-0.0014912403850042555,"standard_error":0.0006780347685685638}}