{"mean":{"confidence_interval":{"confidence_level":0.95,"lower_bound":-0.026711611562045927,"upper_bound":-0.011522302913112776},"point_estimate":-0.018757054936729745,"standard_error":0.0038768413505562522},"median":{"confidence_interval":{"confidence_level":0.95,"lower_bound":-0.005331789080191163,"upper_bound":0.0008282065853531785},"point_estimate":0.000148244402435882,"standard_error":0.0018428160661855923}}