{"mean":{"confidence_interval":{"confidence_level":0.95,"lower_bound":0.0015805595769901204,"upper_bound":0.0037965899672479926},"point_estimate":0.002650673197869491,"standard_error":0.0005614156243898483},"median":{"confidence_interval":{"confidence_level":0.95,"lower_bound":0.0012723275989943161,"upper_bound":0.0020219171486710596},"point_estimate":0.0017427939038334728,"standard_error":0.00017790796787845738}}