{"mean":{"confidence_interval":{"confidence_level":0.95,"lower_bound":13.820707036790065,"upper_bound":15.09870932599971},"point_estimate":14.471102039216834,"standard_error":0.3260176386883628},"median":{"confidence_interval":{"confidence_level":0.95,"lower_bound":14.79553675354875,"upper_bound":17.102531653945537},"point_estimate":17.099837613647193,"standard_error":0.649251206843969},"median_abs_dev":{"confidence_interval":{"confidence_level":0.95,"lower_bound":0.013850017821511367,"upper_bound":3.4313005795674885},"point_estimate":0.1296328825692862,"standard_error":0.9464750441311084},"slope":{"confidence_interval":{"confidence_level":0.95,"lower_bound":13.215295548653879,"upper_bound":14.8747629376452},"point_estimate":14.068073288503884,"standard_error":0.42515110001634293},"std_dev":{"confidence_interval":{"confidence_level":0.95,"lower_bound":2.9532322744028985,"upper_bound":3.485410759344114},"point_estimate":3.271482211268172,"standard_error":0.13592956974986514}}