{"mean":{"confidence_interval":{"confidence_level":0.95,"lower_bound":2413.0534348817196,"upper_bound":2472.0475434288683},"point_estimate":2442.0022780359923,"standard_error":15.058587187798668},"median":{"confidence_interval":{"confidence_level":0.95,"lower_bound":2331.411386593205,"upper_bound":2457.657841205314},"point_estimate":2334.0930478251908,"standard_error":32.70289330021176},"median_abs_dev":{"confidence_interval":{"confidence_level":0.95,"lower_bound":38.09480810694428,"upper_bound":219.63166105231372},"point_estimate":51.09206439325909,"standard_error":44.08378742255221},"slope":{"confidence_interval":{"confidence_level":0.95,"lower_bound":2439.934392903564,"upper_bound":2515.6528265175534},"point_estimate":2478.082346831698,"standard_error":19.36368704752727},"std_dev":{"confidence_interval":{"confidence_level":0.95,"lower_bound":138.6586487435156,"upper_bound":160.07050338130483},"point_estimate":151.40557440074517,"standard_error":5.447104899543273}}