{"mean":{"confidence_interval":{"confidence_level":0.95,"lower_bound":2409.0289062510587,"upper_bound":2458.1317499546985},"point_estimate":2433.2689216226217,"standard_error":12.491649555250518},"median":{"confidence_interval":{"confidence_level":0.95,"lower_bound":2350.8098912755236,"upper_bound":2469.3162508136256},"point_estimate":2418.331865265852,"standard_error":32.0565119815506},"median_abs_dev":{"confidence_interval":{"confidence_level":0.95,"lower_bound":85.7124824349887,"upper_bound":181.5094489580795},"point_estimate":134.7880487351499,"standard_error":24.96357957183425},"slope":{"confidence_interval":{"confidence_level":0.95,"lower_bound":2395.588515456658,"upper_bound":2460.663603753143},"point_estimate":2426.653197536973,"standard_error":16.68379687512128},"std_dev":{"confidence_interval":{"confidence_level":0.95,"lower_bound":109.92739304363508,"upper_bound":139.4119612449899},"point_estimate":125.48275033903974,"standard_error":7.542673257617653}}