{"mean":{"confidence_interval":{"confidence_level":0.95,"lower_bound":214.6298740592166,"upper_bound":216.15674182789192},"point_estimate":215.3699554075954,"standard_error":0.3890655395968439},"median":{"confidence_interval":{"confidence_level":0.95,"lower_bound":213.3777673945591,"upper_bound":214.60933933033022},"point_estimate":213.50635965729185,"standard_error":0.37712987852759966},"median_abs_dev":{"confidence_interval":{"confidence_level":0.95,"lower_bound":1.3274308526656646,"upper_bound":3.6315306975874218},"point_estimate":2.0354998836038334,"standard_error":0.6238819088207526},"slope":{"confidence_interval":{"confidence_level":0.95,"lower_bound":213.90122635812352,"upper_bound":215.91340240027318},"point_estimate":214.8604909688073,"standard_error":0.5136345295557553},"std_dev":{"confidence_interval":{"confidence_level":0.95,"lower_bound":3.2303134109553695,"upper_bound":4.518808409557998},"point_estimate":3.9071448103073996,"standard_error":0.32906079714367553}}