{"mean":{"confidence_interval":{"confidence_level":0.95,"lower_bound":219.20857105227537,"upper_bound":221.3885030371098},"point_estimate":220.28860790894342,"standard_error":0.557768501499705},"median":{"confidence_interval":{"confidence_level":0.95,"lower_bound":217.58024657433867,"upper_bound":221.32116948779952},"point_estimate":219.50036624814288,"standard_error":0.8946752509231681},"median_abs_dev":{"confidence_interval":{"confidence_level":0.95,"lower_bound":4.3680563724653805,"upper_bound":7.785859991746971},"point_estimate":5.811599470895585,"standard_error":0.8366320463190169},"slope":{"confidence_interval":{"confidence_level":0.95,"lower_bound":217.3300366337956,"upper_bound":219.8300973387638},"point_estimate":218.5315315649183,"standard_error":0.6385047011242608},"std_dev":{"confidence_interval":{"confidence_level":0.95,"lower_bound":4.955357816966197,"upper_bound":6.19757136863328},"point_estimate":5.608796009490596,"standard_error":0.31643172419546206}}