{"mean":{"confidence_interval":{"confidence_level":0.95,"lower_bound":0.008804840669047116,"upper_bound":0.028325664629393447},"point_estimate":0.017850952100231465,"standard_error":0.004814588472609928},"median":{"confidence_interval":{"confidence_level":0.95,"lower_bound":-0.001093465542529981,"upper_bound":0.0036620168323193703},"point_estimate":0.0011113711869246146,"standard_error":0.00120991997006079}}