{"mean":{"confidence_interval":{"confidence_level":0.95,"lower_bound":-0.010053709946101531,"upper_bound":-0.0025350116082640335},"point_estimate":-0.005824559650056349,"standard_error":0.0019400533343523383},"median":{"confidence_interval":{"confidence_level":0.95,"lower_bound":-0.00410333842433408,"upper_bound":-0.001188748212804569},"point_estimate":-0.0026252060494452722,"standard_error":0.0007737522422217626}}