{"mean":{"confidence_interval":{"confidence_level":0.95,"lower_bound":0.11860791930408779,"upper_bound":0.14115612930659727},"point_estimate":0.12975464610572485,"standard_error":0.005745877412248978},"median":{"confidence_interval":{"confidence_level":0.95,"lower_bound":0.1342609339253904,"upper_bound":0.13800375463618608},"point_estimate":0.1360999061347561,"standard_error":0.0010100451749898152}}