{"mean":{"confidence_interval":{"confidence_level":0.95,"lower_bound":-0.007636952570926448,"upper_bound":0.0024016347563689078},"point_estimate":-0.001529764143648027,"standard_error":0.0026724089207401085},"median":{"confidence_interval":{"confidence_level":0.95,"lower_bound":-0.0003099335386111621,"upper_bound":0.00467569804973289},"point_estimate":0.0019622215942189936,"standard_error":0.001297274277812389}}