{"mean":{"confidence_interval":{"confidence_level":0.95,"lower_bound":-0.00478657697976842,"upper_bound":0.0014770484449287632},"point_estimate":-0.0012773505578326239,"standard_error":0.0016053316398502795},"median":{"confidence_interval":{"confidence_level":0.95,"lower_bound":-0.0018662453613592644,"upper_bound":0.003376834856996691},"point_estimate":0.0014794840375507157,"standard_error":0.0013556155102023263}}