{"mean":{"confidence_interval":{"confidence_level":0.95,"lower_bound":0.0002663471926456275,"upper_bound":0.006891654302518226},"point_estimate":0.003103562150025274,"standard_error":0.0017150646067847252},"median":{"confidence_interval":{"confidence_level":0.95,"lower_bound":-0.002121116761790942,"upper_bound":0.0019339247912972812},"point_estimate":-0.0003161165504563801,"standard_error":0.0010825450713770354}}