{"mean":{"confidence_interval":{"confidence_level":0.95,"lower_bound":-0.029154629294482655,"upper_bound":-0.008702760878851594},"point_estimate":-0.018276989496952112,"standard_error":0.005225550927371354},"median":{"confidence_interval":{"confidence_level":0.95,"lower_bound":-0.0022545139333502995,"upper_bound":0.0010646331863074898},"point_estimate":-0.0003438962628674602,"standard_error":0.0007785109810931783}}