{"mean":{"confidence_interval":{"confidence_level":0.95,"lower_bound":-0.00632923791679951,"upper_bound":0.0012742373521212617},"point_estimate":-0.002889025384386512,"standard_error":0.0019167643855193268},"median":{"confidence_interval":{"confidence_level":0.95,"lower_bound":-0.0070287418700396564,"upper_bound":-0.00238092137542667},"point_estimate":-0.004130578467045343,"standard_error":0.001169984708273299}}