{"mean":{"confidence_interval":{"confidence_level":0.95,"lower_bound":-0.001896072708638577,"upper_bound":0.0021877168682724697},"point_estimate":0.00015560445999707184,"standard_error":0.0010434490530508121},"median":{"confidence_interval":{"confidence_level":0.95,"lower_bound":-0.0025322584910368873,"upper_bound":0.0022068437521163276},"point_estimate":-0.00003930559377574028,"standard_error":0.0012166291337029477}}