{"mean":{"confidence_interval":{"confidence_level":0.95,"lower_bound":-0.0265945831565841,"upper_bound":-0.008235301311618178},"point_estimate":-0.016850583682489373,"standard_error":0.004697021378269539},"median":{"confidence_interval":{"confidence_level":0.95,"lower_bound":-0.0020329786607936606,"upper_bound":0.0017861901934924814},"point_estimate":0.0001276739367006563,"standard_error":0.0010122490515369947}}