{"mean":{"confidence_interval":{"confidence_level":0.95,"lower_bound":-0.001524509824603631,"upper_bound":0.008555007731626952},"point_estimate":0.002502499373847167,"standard_error":0.002643983055741774},"median":{"confidence_interval":{"confidence_level":0.95,"lower_bound":-0.002901723652970034,"upper_bound":0.0016581628462867736},"point_estimate":-0.0008865947252791884,"standard_error":0.0012048885362664608}}