{"mean":{"confidence_interval":{"confidence_level":0.95,"lower_bound":0.016552093663090364,"upper_bound":0.04170632625859727},"point_estimate":0.02899811246967343,"standard_error":0.006699294530986219},"median":{"confidence_interval":{"confidence_level":0.95,"lower_bound":-0.0011820180046593354,"upper_bound":0.0036616885995957027},"point_estimate":0.0016188259694658313,"standard_error":0.0012393418035098575}}