{"mean":{"confidence_interval":{"confidence_level":0.95,"lower_bound":-0.007004074156826269,"upper_bound":-0.000036187154622469794},"point_estimate":-0.003128623605096137,"standard_error":0.0017907259596124472},"median":{"confidence_interval":{"confidence_level":0.95,"lower_bound":-0.002588795281372014,"upper_bound":0.0010708041230811371},"point_estimate":-0.00015431125352849406,"standard_error":0.0009694493983506603}}