{"mean":{"confidence_interval":{"confidence_level":0.95,"lower_bound":0.005166495268953104,"upper_bound":0.029131194203794727},"point_estimate":0.015763497722272257,"standard_error":0.006207428005286279},"median":{"confidence_interval":{"confidence_level":0.95,"lower_bound":0.0010377241347186046,"upper_bound":0.006740546290042504},"point_estimate":0.004036222162727698,"standard_error":0.0014060076196755961}}