{"mean":{"confidence_interval":{"confidence_level":0.95,"lower_bound":-0.005139187023339764,"upper_bound":0.0008522973127129121},"point_estimate":-0.0024754694400574984,"standard_error":0.0015829622369999258},"median":{"confidence_interval":{"confidence_level":0.95,"lower_bound":-0.0077689435240158216,"upper_bound":-0.0028167930354670023},"point_estimate":-0.005492408320727948,"standard_error":0.0012902011702169182}}