{"mean":{"confidence_interval":{"confidence_level":0.95,"lower_bound":0.002998079129362452,"upper_bound":0.006450481422075104},"point_estimate":0.0046256783793166,"standard_error":0.0008748578520081412},"median":{"confidence_interval":{"confidence_level":0.95,"lower_bound":0.002500391764745924,"upper_bound":0.006106296104639641},"point_estimate":0.004036238829259187,"standard_error":0.0009140450896061457}}