{"mean":{"confidence_interval":{"confidence_level":0.95,"lower_bound":-0.0023418278386783315,"upper_bound":0.012260876630072021},"point_estimate":0.003877135746987781,"standard_error":0.00366209345995473},"median":{"confidence_interval":{"confidence_level":0.95,"lower_bound":-0.004582055818029673,"upper_bound":-0.0002300716977277073},"point_estimate":-0.0018437995513170824,"standard_error":0.0010658462389995583}}