{"mean":{"confidence_interval":{"confidence_level":0.95,"lower_bound":-0.032931952595432155,"upper_bound":-0.017235307798886938},"point_estimate":-0.025044817551283738,"standard_error":0.0039012681994251308},"median":{"confidence_interval":{"confidence_level":0.95,"lower_bound":-0.04230427385263302,"upper_bound":-0.039796431793450826},"point_estimate":-0.04080182195694293,"standard_error":0.0006881122046185746}}