{"mean":{"confidence_interval":{"confidence_level":0.95,"lower_bound":0.015294485438659985,"upper_bound":0.035499457908633826},"point_estimate":0.024589263232545955,"standard_error":0.00498410850355129},"median":{"confidence_interval":{"confidence_level":0.95,"lower_bound":-0.0024921422127405224,"upper_bound":0.00252704852740937},"point_estimate":-0.0003654486041114735,"standard_error":0.0012863147489518025}}