{"mean":{"confidence_interval":{"confidence_level":0.95,"lower_bound":-0.021914982128994127,"upper_bound":-0.005685848127289155},"point_estimate":-0.013427458857167784,"standard_error":0.00415070994804126},"median":{"confidence_interval":{"confidence_level":0.95,"lower_bound":-0.00008549792776724185,"upper_bound":0.0040906360556103305},"point_estimate":0.0016159327958980008,"standard_error":0.0010639226979952698}}