{"mean":{"confidence_interval":{"confidence_level":0.95,"lower_bound":-0.00043782753708558565,"upper_bound":0.004656573530315683},"point_estimate":0.0021917180066513,"standard_error":0.0012972961259506556},"median":{"confidence_interval":{"confidence_level":0.95,"lower_bound":0.0002493360428249722,"upper_bound":0.005062921176907986},"point_estimate":0.0030899772331509645,"standard_error":0.0012002554476151913}}