{"mean":{"confidence_interval":{"confidence_level":0.95,"lower_bound":-0.001785487584685788,"upper_bound":0.0038910926069069466},"point_estimate":0.0010986961902974546,"standard_error":0.00143710100856674},"median":{"confidence_interval":{"confidence_level":0.95,"lower_bound":-0.00046450708869982815,"upper_bound":0.004651448895892196},"point_estimate":0.0018120005568595943,"standard_error":0.001219980400854569}}