{"mean":{"confidence_interval":{"confidence_level":0.95,"lower_bound":-0.03260512358214775,"upper_bound":-0.013820627688581914},"point_estimate":-0.022948089594130527,"standard_error":0.004810630317670251},"median":{"confidence_interval":{"confidence_level":0.95,"lower_bound":-0.0023758802126058187,"upper_bound":0.003524742702405881},"point_estimate":0.0008212509524003764,"standard_error":0.00150730530266974}}