{"mean":{"confidence_interval":{"confidence_level":0.95,"lower_bound":-0.015162669744092385,"upper_bound":-0.000866390791834805},"point_estimate":-0.00738889254336994,"standard_error":0.0036658379633921698},"median":{"confidence_interval":{"confidence_level":0.95,"lower_bound":-0.0017239786057016149,"upper_bound":0.003740384707792588},"point_estimate":0.0008780846351095217,"standard_error":0.0013697125803799621}}