{"mean":{"confidence_interval":{"confidence_level":0.95,"lower_bound":-0.004106783219324516,"upper_bound":-0.0005683598215542847},"point_estimate":-0.002342288461996911,"standard_error":0.0009033366790830064},"median":{"confidence_interval":{"confidence_level":0.95,"lower_bound":-0.004967170128330145,"upper_bound":3.2679661066126187e-7},"point_estimate":-0.0025378514419499565,"standard_error":0.0013295980157467693}}