{"mean":{"confidence_interval":{"confidence_level":0.95,"lower_bound":110.5472760366388,"upper_bound":110.73624790038475},"point_estimate":110.63152395930756,"standard_error":0.04847862621181849},"median":{"confidence_interval":{"confidence_level":0.95,"lower_bound":110.39550366328837,"upper_bound":110.55417577924067},"point_estimate":110.42859088930717,"standard_error":0.04248113314534618},"median_abs_dev":{"confidence_interval":{"confidence_level":0.95,"lower_bound":0.12231877881114953,"upper_bound":0.3360472164859796},"point_estimate":0.1764974094880344,"standard_error":0.05631786683677171},"slope":{"confidence_interval":{"confidence_level":0.95,"lower_bound":110.40519527463984,"upper_bound":110.47065512243681},"point_estimate":110.43535822028444,"standard_error":0.016735045944741282},"std_dev":{"confidence_interval":{"confidence_level":0.95,"lower_bound":0.26909170479424377,"upper_bound":0.7147672043552581},"point_estimate":0.4877677969311477,"standard_error":0.12879309185669255}}