{"mean":{"confidence_interval":{"confidence_level":0.95,"lower_bound":-0.011918064685123603,"upper_bound":0.0018297295463738047},"point_estimate":-0.005620736377517921,"standard_error":0.003570143439956743},"median":{"confidence_interval":{"confidence_level":0.95,"lower_bound":-0.016140608130482015,"upper_bound":0.0063842434225220845},"point_estimate":-0.0032222305204611112,"standard_error":0.007235873493324583}}