{"mean":{"confidence_interval":{"confidence_level":0.95,"lower_bound":-0.014039910228884364,"upper_bound":0.019842084312147287},"point_estimate":0.0023453833162621063,"standard_error":0.008676492730692386},"median":{"confidence_interval":{"confidence_level":0.95,"lower_bound":0.007979355027511126,"upper_bound":0.02510406519341002},"point_estimate":0.01680844558556971,"standard_error":0.005405145793496509}}