{"mean":{"confidence_interval":{"confidence_level":0.95,"lower_bound":0.31975141717479516,"upper_bound":0.35031789512672407},"point_estimate":0.33402344353765034,"standard_error":0.007521445359579014},"median":{"confidence_interval":{"confidence_level":0.95,"lower_bound":0.3129167420419565,"upper_bound":0.33338958016223597},"point_estimate":0.32564558802925014,"standard_error":0.005630488134396682}}