{"mean":{"confidence_interval":{"confidence_level":0.95,"lower_bound":-0.028522365397191194,"upper_bound":-0.008907796865993323},"point_estimate":-0.01924969847157665,"standard_error":0.005000006101607061},"median":{"confidence_interval":{"confidence_level":0.95,"lower_bound":-0.028858146761885695,"upper_bound":-0.02522271356958783},"point_estimate":-0.02679865699683437,"standard_error":0.0010762434743343324}}