{"mean":{"confidence_interval":{"confidence_level":0.95,"lower_bound":-0.012812254396226574,"upper_bound":0.0034405263990608557},"point_estimate":-0.004425828607764082,"standard_error":0.0041588160656610106},"median":{"confidence_interval":{"confidence_level":0.95,"lower_bound":-0.0016893899437657733,"upper_bound":0.0314721671115894},"point_estimate":0.011923110200746878,"standard_error":0.008909295045392783}}