{"mean":{"confidence_interval":{"confidence_level":0.95,"lower_bound":-0.03575653127296581,"upper_bound":-0.02029496250786163},"point_estimate":-0.028056619441971686,"standard_error":0.003928987014792577},"median":{"confidence_interval":{"confidence_level":0.95,"lower_bound":-0.03793588301646189,"upper_bound":-0.02382077897589563},"point_estimate":-0.02592273951873869,"standard_error":0.004872223485257804}}