{"mean":{"confidence_interval":{"confidence_level":0.95,"lower_bound":-0.05401959872285258,"upper_bound":-0.026182429556721905},"point_estimate":-0.039749697751898294,"standard_error":0.007105636703171612},"median":{"confidence_interval":{"confidence_level":0.95,"lower_bound":-0.025031663665191495,"upper_bound":0.003723849992542494},"point_estimate":-0.01010927672977291,"standard_error":0.009472182344301356}}