{"mean":{"confidence_interval":{"confidence_level":0.95,"lower_bound":-0.017778960346416805,"upper_bound":-0.009297690915611107},"point_estimate":-0.013660179739532596,"standard_error":0.002161832003988394},"median":{"confidence_interval":{"confidence_level":0.95,"lower_bound":-0.025468140239002013,"upper_bound":-0.022324504479733},"point_estimate":-0.024339792183550646,"standard_error":0.0008899769979600537}}