{"mean":{"confidence_interval":{"confidence_level":0.95,"lower_bound":-0.12426821922664777,"upper_bound":-0.08119880362978894},"point_estimate":-0.10191203071091282,"standard_error":0.010979185207045408},"median":{"confidence_interval":{"confidence_level":0.95,"lower_bound":-0.1301987887362024,"upper_bound":-0.039010213187025244},"point_estimate":-0.06978960019331615,"standard_error":0.0231834024474432}}