{"mean":{"confidence_interval":{"confidence_level":0.95,"lower_bound":-0.04147426424009493,"upper_bound":-0.015053204065766875},"point_estimate":-0.027970323713888856,"standard_error":0.006726078475953584},"median":{"confidence_interval":{"confidence_level":0.95,"lower_bound":-0.026873559436250135,"upper_bound":-0.01003092922870541},"point_estimate":-0.02321316930203332,"standard_error":0.004453108983460792}}