{"mean":{"confidence_interval":{"confidence_level":0.95,"lower_bound":0.01476720247376282,"upper_bound":0.03289870411667401},"point_estimate":0.024036235705355624,"standard_error":0.004609422197487269},"median":{"confidence_interval":{"confidence_level":0.95,"lower_bound":0.02171905153197581,"upper_bound":0.02531501750009557},"point_estimate":0.023252383915671304,"standard_error":0.0010693762198127163}}