{"mean":{"confidence_interval":{"confidence_level":0.95,"lower_bound":0.007902146887194483,"upper_bound":0.016908765008481094},"point_estimate":0.012482897986921149,"standard_error":0.002291659334704181},"median":{"confidence_interval":{"confidence_level":0.95,"lower_bound":-0.0005175449767282903,"upper_bound":0.0038115613801306125},"point_estimate":0.0010300900013655578,"standard_error":0.001054930763296946}}