{"mean":{"confidence_interval":{"confidence_level":0.95,"lower_bound":0.09951306463934273,"upper_bound":0.2613821875294542},"point_estimate":0.17840207578086598,"standard_error":0.04157110748650756},"median":{"confidence_interval":{"confidence_level":0.95,"lower_bound":-0.08503711495051691,"upper_bound":-0.01238329200782037},"point_estimate":-0.07886682207916473,"standard_error":0.024491381652494034}}