{"mean":{"confidence_interval":{"confidence_level":0.95,"lower_bound":0.006165577890799474,"upper_bound":0.027546512272386667},"point_estimate":0.016803658715328185,"standard_error":0.005475869140084238},"median":{"confidence_interval":{"confidence_level":0.95,"lower_bound":-0.025830178348372423,"upper_bound":-0.00548842233648994},"point_estimate":-0.015007612342933907,"standard_error":0.005500135086852261}}