{"mean":{"confidence_interval":{"confidence_level":0.95,"lower_bound":-0.007618579828816195,"upper_bound":0.005081837495757474},"point_estimate":-0.0008566548395806395,"standard_error":0.0031775905073268924},"median":{"confidence_interval":{"confidence_level":0.95,"lower_bound":-0.009372520577023424,"upper_bound":0.03665321637762986},"point_estimate":0.020847969273926292,"standard_error":0.014414651360205605}}