{"mean":{"confidence_interval":{"confidence_level":0.95,"lower_bound":-0.0014638543744515575,"upper_bound":0.014831311094940462},"point_estimate":0.0057119873699800205,"standard_error":0.004183976604067354},"median":{"confidence_interval":{"confidence_level":0.95,"lower_bound":-0.0010218975868200048,"upper_bound":0.00944148864157146},"point_estimate":0.005488262138153344,"standard_error":0.0026031880552605554}}