{"mean":{"confidence_interval":{"confidence_level":0.95,"lower_bound":-0.006871047443210518,"upper_bound":0.0030588886828418413},"point_estimate":-0.001900387696482042,"standard_error":0.002529575463977812},"median":{"confidence_interval":{"confidence_level":0.95,"lower_bound":-0.003935328860636742,"upper_bound":0.00297710897590564},"point_estimate":-0.0002460923004402593,"standard_error":0.0017442512376313736}}