{"mean":{"confidence_interval":{"confidence_level":0.95,"lower_bound":0.010058017891218903,"upper_bound":0.021809624804965507},"point_estimate":0.015692177418525466,"standard_error":0.002977721141111096},"median":{"confidence_interval":{"confidence_level":0.95,"lower_bound":0.009985857805674403,"upper_bound":0.015345709602740953},"point_estimate":0.01133058945268095,"standard_error":0.0017976906257785258}}