{"mean":{"confidence_interval":{"confidence_level":0.95,"lower_bound":0.00712884194139642,"upper_bound":0.026935472458510024},"point_estimate":0.016591865207801648,"standard_error":0.005094504859521676},"median":{"confidence_interval":{"confidence_level":0.95,"lower_bound":-0.02303053153758816,"upper_bound":0.01512669133818112},"point_estimate":-0.010241613289516449,"standard_error":0.01394844535550903}}