{"mean":{"confidence_interval":{"confidence_level":0.95,"lower_bound":-0.010813063229150044,"upper_bound":0.00991388242851667},"point_estimate":0.000254706742938815,"standard_error":0.005288849731705209},"median":{"confidence_interval":{"confidence_level":0.95,"lower_bound":-4.186745719447771e-6,"upper_bound":0.007854931119556818},"point_estimate":0.002489830010557803,"standard_error":0.0017992460015861724}}