{"mean":{"confidence_interval":{"confidence_level":0.95,"lower_bound":-0.015748778786525343,"upper_bound":0.0012512990623116966},"point_estimate":-0.007620749135811566,"standard_error":0.004381696145645478},"median":{"confidence_interval":{"confidence_level":0.95,"lower_bound":-0.0208949692771514,"upper_bound":-0.007625756179458598},"point_estimate":-0.017518186258381974,"standard_error":0.0035303662452890916}}