{"mean":{"confidence_interval":{"confidence_level":0.95,"lower_bound":0.013753820085559849,"upper_bound":0.025661069023559795},"point_estimate":0.019962555035480944,"standard_error":0.0030526421354972583},"median":{"confidence_interval":{"confidence_level":0.95,"lower_bound":0.03557831827114866,"upper_bound":0.03846937851395983},"point_estimate":0.03651006839619764,"standard_error":0.0009924778085263282}}