{"mean":{"confidence_interval":{"confidence_level":0.95,"lower_bound":-0.13537768860540597,"upper_bound":0.02051375142998816},"point_estimate":-0.06417964647915575,"standard_error":0.03981560046460826},"median":{"confidence_interval":{"confidence_level":0.95,"lower_bound":0.07470989325500299,"upper_bound":0.1880588782952659},"point_estimate":0.169353872075114,"standard_error":0.032447653508955177}}