{"mean":{"confidence_interval":{"confidence_level":0.95,"lower_bound":0.0188210548275569,"upper_bound":0.046273116701879065},"point_estimate":0.031551077642492986,"standard_error":0.006968861391773656},"median":{"confidence_interval":{"confidence_level":0.95,"lower_bound":0.004242188778941669,"upper_bound":0.0362047317689802},"point_estimate":0.016857405018458893,"standard_error":0.008825157022438801}}