{"mean":{"confidence_interval":{"confidence_level":0.95,"lower_bound":0.0073169862499600224,"upper_bound":0.020053965441139618},"point_estimate":0.013320745423385905,"standard_error":0.0032847586647522468},"median":{"confidence_interval":{"confidence_level":0.95,"lower_bound":0.00564011067675918,"upper_bound":0.01633485050977912},"point_estimate":0.006611359801892425,"standard_error":0.002490830588951997}}