{"mean":{"confidence_interval":{"confidence_level":0.95,"lower_bound":0.00460742693324735,"upper_bound":0.0326183305693947},"point_estimate":0.018653701986378612,"standard_error":0.0070818871209448716},"median":{"confidence_interval":{"confidence_level":0.95,"lower_bound":-0.01960022312751697,"upper_bound":-0.0011223272699038},"point_estimate":-0.010284475881128352,"standard_error":0.0055158581079959345}}