{"mean":{"confidence_interval":{"confidence_level":0.95,"lower_bound":-0.01589741261095389,"upper_bound":-0.004004440889057564},"point_estimate":-0.009996383637671968,"standard_error":0.0030366649472173424},"median":{"confidence_interval":{"confidence_level":0.95,"lower_bound":-0.019494410687485253,"upper_bound":0.001374034442596317},"point_estimate":-0.011537628353330498,"standard_error":0.005382012835394593}}