{"mean":{"confidence_interval":{"confidence_level":0.95,"lower_bound":-0.002939761162360468,"upper_bound":0.011338915258907845},"point_estimate":0.004697021556308467,"standard_error":0.003637777350089595},"median":{"confidence_interval":{"confidence_level":0.95,"lower_bound":0.004414649932849901,"upper_bound":0.021689045552350406},"point_estimate":0.011754776272269174,"standard_error":0.004586399482606157}}