{"mean":{"confidence_interval":{"confidence_level":0.95,"lower_bound":-0.1930223185747782,"upper_bound":-0.10854614859881331},"point_estimate":-0.1471391170973072,"standard_error":0.02190637343950058},"median":{"confidence_interval":{"confidence_level":0.95,"lower_bound":-0.13751175301827934,"upper_bound":-0.07405565223329513},"point_estimate":-0.11635636905746549,"standard_error":0.015711053961000084}}