{"mean":{"confidence_interval":{"confidence_level":0.95,"lower_bound":-0.018283196983591044,"upper_bound":-0.004702353331897082},"point_estimate":-0.010979051747624702,"standard_error":0.0034591110362082625},"median":{"confidence_interval":{"confidence_level":0.95,"lower_bound":-0.01173589621895832,"upper_bound":-0.004515227742334371},"point_estimate":-0.00563545808662036,"standard_error":0.0019101433530516335}}