{"mean":{"confidence_interval":{"confidence_level":0.95,"lower_bound":-0.013290335642052209,"upper_bound":-0.00489791031629849},"point_estimate":-0.009024218874114087,"standard_error":0.002137705654783047},"median":{"confidence_interval":{"confidence_level":0.95,"lower_bound":-0.027260951311865234,"upper_bound":-0.007577948785777999},"point_estimate":-0.013260781305096447,"standard_error":0.005318522636977039}}