{"mean":{"confidence_interval":{"confidence_level":0.95,"lower_bound":-0.023284378777205364,"upper_bound":-0.006508083252983715},"point_estimate":-0.014594639018193134,"standard_error":0.004283964042254906},"median":{"confidence_interval":{"confidence_level":0.95,"lower_bound":-0.02481865494400722,"upper_bound":-0.0006280558987378226},"point_estimate":-0.01970982756403372,"standard_error":0.006512519132159517}}