{"mean":{"confidence_interval":{"confidence_level":0.95,"lower_bound":0.011822678265652179,"upper_bound":0.029755219860123812},"point_estimate":0.020058449566140224,"standard_error":0.004551218767560179},"median":{"confidence_interval":{"confidence_level":0.95,"lower_bound":0.0049618441513843425,"upper_bound":0.03666640640467156},"point_estimate":0.017469041765224125,"standard_error":0.008402001231673874}}