{"mean":{"confidence_interval":{"confidence_level":0.95,"lower_bound":-0.003373910805319755,"upper_bound":-0.0010570658617503705},"point_estimate":-0.002335642269432947,"standard_error":0.0005833525908378252},"median":{"confidence_interval":{"confidence_level":0.95,"lower_bound":-0.0038085269693636237,"upper_bound":-0.0026433581792120187},"point_estimate":-0.0033285432937182335,"standard_error":0.0002822342970428437}}