{"mean":{"confidence_interval":{"confidence_level":0.95,"lower_bound":-0.015917371315780398,"upper_bound":-0.0026770637348640675},"point_estimate":-0.008739634902448112,"standard_error":0.0034077026241838065},"median":{"confidence_interval":{"confidence_level":0.95,"lower_bound":-0.0005736325491318972,"upper_bound":0.00006930553948092388},"point_estimate":-0.0002488099828521495,"standard_error":0.00016847070835909557}}