{"mean":{"confidence_interval":{"confidence_level":0.95,"lower_bound":-0.0009602006176714111,"upper_bound":0.00126622330816415},"point_estimate":0.00009876248936513399,"standard_error":0.000570438613127682},"median":{"confidence_interval":{"confidence_level":0.95,"lower_bound":-0.0003350907454755525,"upper_bound":0.00009526748769239646},"point_estimate":-0.00006267415073235583,"standard_error":0.00012133676049432675}}