{"mean":{"confidence_interval":{"confidence_level":0.95,"lower_bound":-0.0012285092260344186,"upper_bound":0.0010119073080858687},"point_estimate":-0.00013576416900007438,"standard_error":0.0005610291674380843},"median":{"confidence_interval":{"confidence_level":0.95,"lower_bound":-0.0005311847287388094,"upper_bound":-0.00013184109441033431},"point_estimate":-0.0003138325657425778,"standard_error":0.00010483640661107489}}