{"mean":{"confidence_interval":{"confidence_level":0.95,"lower_bound":-0.0013291040613326087,"upper_bound":0.001061411366003678},"point_estimate":0.00001706910686749552,"standard_error":0.0006134277251115768},"median":{"confidence_interval":{"confidence_level":0.95,"lower_bound":0.000102619284302774,"upper_bound":0.00048687976391104115},"point_estimate":0.00024788970856182146,"standard_error":0.00009629102727954207}}