{"mean":{"confidence_interval":{"confidence_level":0.95,"lower_bound":-0.0009544524190618491,"upper_bound":0.0004939059345502037},"point_estimate":-0.00018300763309642143,"standard_error":0.0003689689822925233},"median":{"confidence_interval":{"confidence_level":0.95,"lower_bound":-0.00034052758368807723,"upper_bound":0.00028656446042062795},"point_estimate":-0.000048491934491856625,"standard_error":0.00016361275086939261}}