{"mean":{"confidence_interval":{"confidence_level":0.95,"lower_bound":-0.003791058718424017,"upper_bound":0.010044287434916012},"point_estimate":0.0018301112971526035,"standard_error":0.003862874357786477},"median":{"confidence_interval":{"confidence_level":0.95,"lower_bound":-0.004078286864586,"upper_bound":-0.003308770613561454},"point_estimate":-0.0036963421890764403,"standard_error":0.0001978918024489924}}