{"mean":{"confidence_interval":{"confidence_level":0.95,"lower_bound":-0.0018654644851803844,"upper_bound":0.00031388440639192283},"point_estimate":-0.0006627333092035226,"standard_error":0.0005575445097477321},"median":{"confidence_interval":{"confidence_level":0.95,"lower_bound":-0.0003701739925953129,"upper_bound":0.00025370055715590034},"point_estimate":0.000016088999947649896,"standard_error":0.00015764535595428952}}