{"mean":{"confidence_interval":{"confidence_level":0.95,"lower_bound":-0.001035131680446277,"upper_bound":0.0011499355096391208},"point_estimate":0.00014846636128207358,"standard_error":0.0005610598842325172},"median":{"confidence_interval":{"confidence_level":0.95,"lower_bound":0.00021935734201306012,"upper_bound":0.0011901975521898267},"point_estimate":0.000603109028060711,"standard_error":0.0002590605009168424}}