{"mean":{"confidence_interval":{"confidence_level":0.95,"lower_bound":-0.0008444477847085295,"upper_bound":0.0026980294608321244},"point_estimate":0.000684165223292732,"standard_error":0.000912638944635214},"median":{"confidence_interval":{"confidence_level":0.95,"lower_bound":0.00010748305636088575,"upper_bound":0.0008164850191660911},"point_estimate":0.0004433215851322725,"standard_error":0.00018413556338015363}}