{"mean":{"confidence_interval":{"confidence_level":0.95,"lower_bound":-0.0008458052149533599,"upper_bound":0.000929325367705852},"point_estimate":0.00014390927018048671,"standard_error":0.0004547022056973115},"median":{"confidence_interval":{"confidence_level":0.95,"lower_bound":0.0004533491429421499,"upper_bound":0.0009954057077661282},"point_estimate":0.0007126298492525773,"standard_error":0.00013304225432382832}}