{"mean":{"confidence_interval":{"confidence_level":0.95,"lower_bound":1.6607812347602597,"upper_bound":1.6705408532284507},"point_estimate":1.6650421919583014,"standard_error":0.0024981055531313632},"median":{"confidence_interval":{"confidence_level":0.95,"lower_bound":1.6599027181252501,"upper_bound":1.6615938957892975},"point_estimate":1.6606288769128383,"standard_error":0.00042140290425069426}}