{"mean":{"confidence_interval":{"confidence_level":0.95,"lower_bound":-0.002685711408929575,"upper_bound":-0.000249642171899673},"point_estimate":-0.0015262677407720249,"standard_error":0.0006191296559107131},"median":{"confidence_interval":{"confidence_level":0.95,"lower_bound":-0.0027488793030996383,"upper_bound":-0.0012569785162602765},"point_estimate":-0.0017477505113523417,"standard_error":0.0003838739866113442}}