{"mean":{"confidence_interval":{"confidence_level":0.95,"lower_bound":-0.0009463484521050669,"upper_bound":0.000475045912067262},"point_estimate":-0.00027526871841609957,"standard_error":0.00036175690634274003},"median":{"confidence_interval":{"confidence_level":0.95,"lower_bound":-0.0005602301929208409,"upper_bound":0.0001409933565654775},"point_estimate":-0.0002678138442485656,"standard_error":0.0001905309752239217}}