{"mean":{"confidence_interval":{"confidence_level":0.95,"lower_bound":-0.0003122659570043315,"upper_bound":0.0027286492040089253},"point_estimate":0.0010194513010708395,"standard_error":0.0008056903040444538},"median":{"confidence_interval":{"confidence_level":0.95,"lower_bound":-0.00003617865516858387,"upper_bound":0.0007720206303929444},"point_estimate":0.0002800214666620615,"standard_error":0.00020489066069595462}}