{"mean":{"confidence_interval":{"confidence_level":0.95,"lower_bound":2000.8180897533282,"upper_bound":2019.8657571844344},"point_estimate":2010.4687520110122,"standard_error":4.868792418942836},"median":{"confidence_interval":{"confidence_level":0.95,"lower_bound":2013.2113821138212,"upper_bound":2032.3278270509977},"point_estimate":2022.6360292823706,"standard_error":5.0930197189952855},"median_abs_dev":{"confidence_interval":{"confidence_level":0.95,"lower_bound":34.49171354464049,"upper_bound":54.9150246399699},"point_estimate":45.91165541970465,"standard_error":5.2715108515017315},"slope":{"confidence_interval":{"confidence_level":0.95,"lower_bound":2003.309777320011,"upper_bound":2024.9189691656718},"point_estimate":2014.6712625894916,"standard_error":5.525991021453074},"std_dev":{"confidence_interval":{"confidence_level":0.95,"lower_bound":42.5837501878698,"upper_bound":53.85544384781488},"point_estimate":48.88333105827666,"standard_error":2.8843258672146765}}