{"mean":{"confidence_interval":{"confidence_level":0.95,"lower_bound":-0.031855780348565337,"upper_bound":-0.00832598395562601},"point_estimate":-0.018889686304045195,"standard_error":0.006062695218248753},"median":{"confidence_interval":{"confidence_level":0.95,"lower_bound":-0.00021606822401165626,"upper_bound":0.0005893771248839386},"point_estimate":0.0002843647640249358,"standard_error":0.00019149324403543744}}