{"mean":{"confidence_interval":{"confidence_level":0.95,"lower_bound":-0.0005872851581940313,"upper_bound":0.0005047612827331238},"point_estimate":5.059634114790157e-6,"standard_error":0.0002783726367176142},"median":{"confidence_interval":{"confidence_level":0.95,"lower_bound":-0.0003564346809168395,"upper_bound":0.0002046234838779526},"point_estimate":-0.0001375676446009333,"standard_error":0.00014469220232921345}}