{"mean":{"confidence_interval":{"confidence_level":0.95,"lower_bound":-0.00023199691970439415,"upper_bound":0.0009530281934945871},"point_estimate":0.0003929707410628147,"standard_error":0.00030271409868773565},"median":{"confidence_interval":{"confidence_level":0.95,"lower_bound":0.00029576172005763013,"upper_bound":0.0007621583618084848},"point_estimate":0.0005382327100125206,"standard_error":0.00014543434812263868}}