{"mean":{"confidence_interval":{"confidence_level":0.95,"lower_bound":-0.0010749680197857324,"upper_bound":0.0004831171975492923},"point_estimate":-0.00028952569611395695,"standard_error":0.0003921783333501104},"median":{"confidence_interval":{"confidence_level":0.95,"lower_bound":-0.0002648119338442001,"upper_bound":0.0003422061032689605},"point_estimate":0.00007340535007349658,"standard_error":0.0001496324290692193}}