{"mean":{"confidence_interval":{"confidence_level":0.95,"lower_bound":-0.23257535343017394,"upper_bound":-0.11251500328444407},"point_estimate":-0.1733485791326742,"standard_error":0.030740212794929462},"median":{"confidence_interval":{"confidence_level":0.95,"lower_bound":-0.04433283475193859,"upper_bound":-0.0016784719102774792},"point_estimate":-0.005956106021177132,"standard_error":0.013504562216516091}}