{"mean":{"confidence_interval":{"confidence_level":0.95,"lower_bound":-0.0006337840775501313,"upper_bound":0.0005608699743030341},"point_estimate":-0.00007366774630701567,"standard_error":0.00030873960339635636},"median":{"confidence_interval":{"confidence_level":0.95,"lower_bound":-0.00026741275894803795,"upper_bound":-7.736282544024142e-6},"point_estimate":-0.00011326558298008216,"standard_error":0.00006790346181788826}}