{"mean":{"confidence_interval":{"confidence_level":0.95,"lower_bound":0.00006974619349672253,"upper_bound":0.002834884432485879},"point_estimate":0.0012614260120633602,"standard_error":0.0007000223983142394},"median":{"confidence_interval":{"confidence_level":0.95,"lower_bound":0.00040644880396434324,"upper_bound":0.0009907639977705484},"point_estimate":0.0006654546930513483,"standard_error":0.0001504538974348345}}