{"mean":{"confidence_interval":{"confidence_level":0.95,"lower_bound":-0.0005013812891390495,"upper_bound":0.0015285324568619695},"point_estimate":0.0004545798335500173,"standard_error":0.0005147958071000026},"median":{"confidence_interval":{"confidence_level":0.95,"lower_bound":-0.0004102050416934233,"upper_bound":0.00015111687256452733},"point_estimate":-0.00003378434995215951,"standard_error":0.00015016120224153217}}