{"mean":{"confidence_interval":{"confidence_level":0.95,"lower_bound":-0.018730634689948088,"upper_bound":-0.003301668080390028},"point_estimate":-0.009295063602522413,"standard_error":0.004120369534518086},"median":{"confidence_interval":{"confidence_level":0.95,"lower_bound":-0.004213307575744785,"upper_bound":-0.0022130827211702675},"point_estimate":-0.0034167221822063443,"standard_error":0.0005168900423743099}}