{"mean":{"confidence_interval":{"confidence_level":0.95,"lower_bound":-0.0006105449115506725,"upper_bound":0.000995563647810614},"point_estimate":0.0002148453379655635,"standard_error":0.0004075759639919351},"median":{"confidence_interval":{"confidence_level":0.95,"lower_bound":0.00007267530926435839,"upper_bound":0.00047758955987520224},"point_estimate":0.00027123090250147364,"standard_error":0.00010668278915788014}}