{"mean":{"confidence_interval":{"confidence_level":0.95,"lower_bound":-0.0007788073657452626,"upper_bound":0.0015259768765119417},"point_estimate":0.00015159397637765082,"standard_error":0.0006086982042230286},"median":{"confidence_interval":{"confidence_level":0.95,"lower_bound":-0.0003847150746159045,"upper_bound":0.0002171488567683788},"point_estimate":-0.000052152249411241414,"standard_error":0.0001637244039542921}}