{"mean":{"confidence_interval":{"confidence_level":0.95,"lower_bound":-0.0346308848920921,"upper_bound":-0.03271169927773376},"point_estimate":-0.03358888824837125,"standard_error":0.0004897999996182598},"median":{"confidence_interval":{"confidence_level":0.95,"lower_bound":-0.03340130702474503,"upper_bound":-0.03279980024847373},"point_estimate":-0.03322303839128571,"standard_error":0.0001563991649179914}}