{"mean":{"confidence_interval":{"confidence_level":0.95,"lower_bound":-0.011406841239505434,"upper_bound":0.01791245007066418},"point_estimate":0.00265541228455346,"standard_error":0.007493313083056013},"median":{"confidence_interval":{"confidence_level":0.95,"lower_bound":-0.0006641230288150224,"upper_bound":0.00022053841323277368},"point_estimate":-0.0002498057102868767,"standard_error":0.00020239308163669714}}