{"mean":{"confidence_interval":{"confidence_level":0.95,"lower_bound":0.0001534133660960392,"upper_bound":0.00220570149895824},"point_estimate":0.0010428422937112103,"standard_error":0.0005130575104740175},"median":{"confidence_interval":{"confidence_level":0.95,"lower_bound":-0.0006962472648835982,"upper_bound":0.002712181852428719},"point_estimate":0.001116450970896521,"standard_error":0.0009546741007288634}}