{"mean":{"confidence_interval":{"confidence_level":0.95,"lower_bound":-0.0015334536990180975,"upper_bound":0.0006574298126186537},"point_estimate":-0.0003237030272477126,"standard_error":0.0005571838746342283},"median":{"confidence_interval":{"confidence_level":0.95,"lower_bound":-0.00027141403824471055,"upper_bound":0.00031617491816593457},"point_estimate":0.000013968803085351311,"standard_error":0.00016800021495365803}}