{"mean":{"confidence_interval":{"confidence_level":0.95,"lower_bound":-0.02385661967084051,"upper_bound":-0.01103436466354486},"point_estimate":-0.016898294739285058,"standard_error":0.003274120423789015},"median":{"confidence_interval":{"confidence_level":0.95,"lower_bound":-0.006858744253282145,"upper_bound":-0.004234134800045863},"point_estimate":-0.005302985231539159,"standard_error":0.0006452002135617192}}