{"mean":{"confidence_interval":{"confidence_level":0.95,"lower_bound":0.009005107428858183,"upper_bound":0.025758427901977007},"point_estimate":0.016568172003812,"standard_error":0.004332297707569308},"median":{"confidence_interval":{"confidence_level":0.95,"lower_bound":-0.00026571488222959516,"upper_bound":0.00040195199308468155},"point_estimate":-0.00005074616169398194,"standard_error":0.00016675079553342233}}