{"mean":{"confidence_interval":{"confidence_level":0.95,"lower_bound":-0.030614952574153836,"upper_bound":0.0010989519010527165},"point_estimate":-0.014620502899932442,"standard_error":0.008194098527731286},"median":{"confidence_interval":{"confidence_level":0.95,"lower_bound":-0.02546078771738214,"upper_bound":0.04486812282215483},"point_estimate":0.0074135117178901755,"standard_error":0.01701778678387641}}