{"mean":{"confidence_interval":{"confidence_level":0.95,"lower_bound":-0.06703895930568797,"upper_bound":-0.04360727938031033},"point_estimate":-0.055850459401241004,"standard_error":0.005951326512405175},"median":{"confidence_interval":{"confidence_level":0.95,"lower_bound":-0.08914031949475276,"upper_bound":-0.05493115212550743},"point_estimate":-0.076719483408205,"standard_error":0.00925474642908009}}