{"mean":{"confidence_interval":{"confidence_level":0.95,"lower_bound":0.030688570677671244,"upper_bound":0.06171524555508728},"point_estimate":0.045897658583192724,"standard_error":0.007874203653014935},"median":{"confidence_interval":{"confidence_level":0.95,"lower_bound":0.025337072401936167,"upper_bound":0.10938523372450049},"point_estimate":0.08176565002978653,"standard_error":0.019191691327426163}}