{"mean":{"confidence_interval":{"confidence_level":0.95,"lower_bound":-0.13136849705866624,"upper_bound":-0.07278278564431895},"point_estimate":-0.10028873207421651,"standard_error":0.015047902991606374},"median":{"confidence_interval":{"confidence_level":0.95,"lower_bound":-0.060860119783138766,"upper_bound":-0.05532802198943354},"point_estimate":-0.05803706970329292,"standard_error":0.0015304807084473857}}