{"mean":{"confidence_interval":{"confidence_level":0.95,"lower_bound":0.018434321407801546,"upper_bound":0.08603600757423195},"point_estimate":0.049766570549566014,"standard_error":0.017831303187998613},"median":{"confidence_interval":{"confidence_level":0.95,"lower_bound":0.0024960997618725944,"upper_bound":0.012031020374116963},"point_estimate":0.00579544402458354,"standard_error":0.0024870295369701354}}