{"mean":{"confidence_interval":{"confidence_level":0.95,"lower_bound":0.008631806798284587,"upper_bound":0.0480837636963139},"point_estimate":0.02837457574644575,"standard_error":0.010073151388644367},"median":{"confidence_interval":{"confidence_level":0.95,"lower_bound":0.0032507334866715976,"upper_bound":0.06514246722509198},"point_estimate":0.042409489986724225,"standard_error":0.017247696411926177}}