{"mean":{"confidence_interval":{"confidence_level":0.95,"lower_bound":0.02873814044761395,"upper_bound":0.05955722622114836},"point_estimate":0.04383266147212583,"standard_error":0.00785325789392235},"median":{"confidence_interval":{"confidence_level":0.95,"lower_bound":0.022619254600045435,"upper_bound":0.05334634372696834},"point_estimate":0.04577304433517648,"standard_error":0.00759061728366792}}