{"mean":{"confidence_interval":{"confidence_level":0.95,"lower_bound":0.013963321454264124,"upper_bound":0.043033443123121705},"point_estimate":0.028106755005027795,"standard_error":0.007442544135555459},"median":{"confidence_interval":{"confidence_level":0.95,"lower_bound":-0.01516884692410645,"upper_bound":0.0633433578508451},"point_estimate":0.010575813574171145,"standard_error":0.017975191158878433}}