{"mean":{"confidence_interval":{"confidence_level":0.95,"lower_bound":-0.1765689396587642,"upper_bound":-0.09863998843506247},"point_estimate":-0.13536882002236228,"standard_error":0.01998400709556475},"median":{"confidence_interval":{"confidence_level":0.95,"lower_bound":-0.1324475707597098,"upper_bound":-0.047160115631411426},"point_estimate":-0.1026932182817697,"standard_error":0.023006503275160902}}