{"mean":{"confidence_interval":{"confidence_level":0.95,"lower_bound":0.0028297384546540683,"upper_bound":0.02774119138803748},"point_estimate":0.014686250183523875,"standard_error":0.00634794865894898},"median":{"confidence_interval":{"confidence_level":0.95,"lower_bound":-0.018564323073232858,"upper_bound":0.05086832331785729},"point_estimate":0.025680238927600296,"standard_error":0.01822287327978355}}