{"mean":{"confidence_interval":{"confidence_level":0.95,"lower_bound":-0.057956390871869455,"upper_bound":-0.03198644801421202},"point_estimate":-0.044850467039964426,"standard_error":0.006647603811597198},"median":{"confidence_interval":{"confidence_level":0.95,"lower_bound":-0.06795846827407392,"upper_bound":-0.014235824458249668},"point_estimate":-0.032432478992945324,"standard_error":0.013238871103212337}}