{"mean":{"confidence_interval":{"confidence_level":0.95,"lower_bound":-0.03922460075086448,"upper_bound":-0.0025098572853621986},"point_estimate":-0.021773926404336952,"standard_error":0.009328213585832735},"median":{"confidence_interval":{"confidence_level":0.95,"lower_bound":-0.08415845109863362,"upper_bound":0.021719945216846837},"point_estimate":-0.02294925784974522,"standard_error":0.03103276862610113}}