{"mean":{"confidence_interval":{"confidence_level":0.95,"lower_bound":-0.014585015643792177,"upper_bound":0.017066798425845436},"point_estimate":0.0014392454821909872,"standard_error":0.008023283870398905},"median":{"confidence_interval":{"confidence_level":0.95,"lower_bound":-0.005093005281374535,"upper_bound":0.05888931164215738},"point_estimate":0.0412830693759203,"standard_error":0.014326150698326766}}