{"mean":{"confidence_interval":{"confidence_level":0.95,"lower_bound":-0.050741906056795044,"upper_bound":-0.024228117453983854},"point_estimate":-0.037460194439461914,"standard_error":0.006785525252578319},"median":{"confidence_interval":{"confidence_level":0.95,"lower_bound":-0.0559645196818741,"upper_bound":-0.009733289670491363},"point_estimate":-0.04594884405056776,"standard_error":0.014502659484243037}}