{"mean":{"confidence_interval":{"confidence_level":0.95,"lower_bound":-0.0338492664998723,"upper_bound":0.07412055195197956},"point_estimate":0.024069130007402073,"standard_error":0.02785487287919289},"median":{"confidence_interval":{"confidence_level":0.95,"lower_bound":0.07099017824645819,"upper_bound":0.12184990486152313},"point_estimate":0.10775071704376216,"standard_error":0.011622185400362512}}