{"mean":{"confidence_interval":{"confidence_level":0.95,"lower_bound":0.040901637176502845,"upper_bound":0.07141022796686267},"point_estimate":0.05573565566048799,"standard_error":0.007726494628773124},"median":{"confidence_interval":{"confidence_level":0.95,"lower_bound":0.009832540534062018,"upper_bound":0.06754692240740302},"point_estimate":0.0125228228585339,"standard_error":0.014940292887148423}}