{"mean":{"confidence_interval":{"confidence_level":0.95,"lower_bound":-0.010724285889760725,"upper_bound":0.022096960617967055},"point_estimate":0.005788825990360236,"standard_error":0.008407056214627825},"median":{"confidence_interval":{"confidence_level":0.95,"lower_bound":-0.009150630072080834,"upper_bound":0.021032725565921284},"point_estimate":0.0014830217646775168,"standard_error":0.00744910745735853}}