{"mean":{"confidence_interval":{"confidence_level":0.95,"lower_bound":-0.04324206809077309,"upper_bound":-0.007526984263862079},"point_estimate":-0.025086466772347493,"standard_error":0.009223779839581609},"median":{"confidence_interval":{"confidence_level":0.95,"lower_bound":-0.05134822578339904,"upper_bound":0.013515132915611882},"point_estimate":-0.02315509500503854,"standard_error":0.017482364934973373}}