{"mean":{"confidence_interval":{"confidence_level":0.95,"lower_bound":-0.07207102148032954,"upper_bound":-0.04257379144639967},"point_estimate":-0.05777025301388228,"standard_error":0.007521835713732606},"median":{"confidence_interval":{"confidence_level":0.95,"lower_bound":-0.10695502577008442,"upper_bound":-0.09040763710766742},"point_estimate":-0.09917691382922156,"standard_error":0.004192526986400738}}