{"mean":{"confidence_interval":{"confidence_level":0.95,"lower_bound":0.01252540463873374,"upper_bound":0.038810194559228385},"point_estimate":0.02593291290308186,"standard_error":0.006698576047410237},"median":{"confidence_interval":{"confidence_level":0.95,"lower_bound":0.012767648981676755,"upper_bound":0.024888539853408376},"point_estimate":0.020410216354952215,"standard_error":0.002912121802715762}}