{"mean":{"confidence_interval":{"confidence_level":0.95,"lower_bound":-0.056045321705487615,"upper_bound":-0.02120358308251967},"point_estimate":-0.03872918522319024,"standard_error":0.008902531473419392},"median":{"confidence_interval":{"confidence_level":0.95,"lower_bound":-0.03518577379625611,"upper_bound":-0.0010944220312706365},"point_estimate":-0.015027893737653786,"standard_error":0.00947408382677834}}