{"mean":{"confidence_interval":{"confidence_level":0.95,"lower_bound":0.0530231247464238,"upper_bound":0.10591429768340105},"point_estimate":0.07947687085246313,"standard_error":0.0135404415586511},"median":{"confidence_interval":{"confidence_level":0.95,"lower_bound":-0.008509396582852546,"upper_bound":0.18817814285169998},"point_estimate":0.0021497504140630674,"standard_error":0.05550608053885646}}