{"mean":{"confidence_interval":{"confidence_level":0.95,"lower_bound":0.013640476345341436,"upper_bound":0.04685842412955656},"point_estimate":0.030709355122694237,"standard_error":0.00840970078575852},"median":{"confidence_interval":{"confidence_level":0.95,"lower_bound":0.04636922724084669,"upper_bound":0.051335047992032555},"point_estimate":0.04823900285119387,"standard_error":0.0020744382029462298}}