{"mean":{"confidence_interval":{"confidence_level":0.95,"lower_bound":-0.06439748759243262,"upper_bound":-0.03096872105564724},"point_estimate":-0.04837131360049163,"standard_error":0.008529842092114635},"median":{"confidence_interval":{"confidence_level":0.95,"lower_bound":-0.10822144340130217,"upper_bound":-0.028528962503224897},"point_estimate":-0.053676499858849924,"standard_error":0.022427770984085292}}