{"mean":{"confidence_interval":{"confidence_level":0.95,"lower_bound":-0.08008042701476265,"upper_bound":-0.041869684607811715},"point_estimate":-0.06159083185505032,"standard_error":0.009779762768894272},"median":{"confidence_interval":{"confidence_level":0.95,"lower_bound":-0.1221543576088158,"upper_bound":-0.03989596330167866},"point_estimate":-0.09612914841514453,"standard_error":0.025506627413672805}}