{"mean":{"confidence_interval":{"confidence_level":0.95,"lower_bound":-0.025189260282160453,"upper_bound":0.02885249704839965},"point_estimate":0.00008496734098462078,"standard_error":0.013770152110161407},"median":{"confidence_interval":{"confidence_level":0.95,"lower_bound":-0.1354849141727783,"upper_bound":-0.0076398711686291865},"point_estimate":-0.09820584359976858,"standard_error":0.04063782377749841}}