{"mean":{"confidence_interval":{"confidence_level":0.95,"lower_bound":-0.02640554453163959,"upper_bound":0.005747076917571044},"point_estimate":-0.010119624329729682,"standard_error":0.008206579123566905},"median":{"confidence_interval":{"confidence_level":0.95,"lower_bound":-0.03179316552091749,"upper_bound":0.0234128904640567},"point_estimate":0.014527746739826597,"standard_error":0.014274089131739562}}