{"mean":{"confidence_interval":{"confidence_level":0.95,"lower_bound":-0.0946852594288693,"upper_bound":-0.05794386848610158},"point_estimate":-0.07635998751572459,"standard_error":0.00934660001876611},"median":{"confidence_interval":{"confidence_level":0.95,"lower_bound":-0.1591183755787715,"upper_bound":-0.05460955482911978},"point_estimate":-0.09139627193555544,"standard_error":0.027185481390102958}}