{"mean":{"confidence_interval":{"confidence_level":0.95,"lower_bound":-0.3859343033428021,"upper_bound":-0.30463254373186754},"point_estimate":-0.344930502749762,"standard_error":0.02081286494516708},"median":{"confidence_interval":{"confidence_level":0.95,"lower_bound":-0.35477367741534604,"upper_bound":-0.2528021157490373},"point_estimate":-0.2889038613036725,"standard_error":0.02636752431843366}}