{"mean":{"confidence_interval":{"confidence_level":0.95,"lower_bound":-0.07466949845525138,"upper_bound":-0.026280651678308672},"point_estimate":-0.05103466887651875,"standard_error":0.012357085366923924},"median":{"confidence_interval":{"confidence_level":0.95,"lower_bound":-0.08833853985566709,"upper_bound":0.09166647925874272},"point_estimate":0.023998705822727118,"standard_error":0.049433485067842564}}