{"mean":{"confidence_interval":{"confidence_level":0.95,"lower_bound":0.0013489152619840657,"upper_bound":0.04450380842313309},"point_estimate":0.023814102862442788,"standard_error":0.010963468306350605},"median":{"confidence_interval":{"confidence_level":0.95,"lower_bound":-0.01214595417485309,"upper_bound":0.0949086844173519},"point_estimate":0.09421459804252486,"standard_error":0.032023979764256895}}