{"mean":{"confidence_interval":{"confidence_level":0.95,"lower_bound":-0.012095429199074642,"upper_bound":0.027259781289633106},"point_estimate":0.007073365670333676,"standard_error":0.010017355536087222},"median":{"confidence_interval":{"confidence_level":0.95,"lower_bound":0.0024960799250945964,"upper_bound":0.031539035085814904},"point_estimate":0.010210064365371974,"standard_error":0.009743969548025014}}