{"mean":{"confidence_interval":{"confidence_level":0.95,"lower_bound":0.036464988815548376,"upper_bound":0.07603819601954194},"point_estimate":0.0565534237942511,"standard_error":0.010125437727932188},"median":{"confidence_interval":{"confidence_level":0.95,"lower_bound":0.06941267953863184,"upper_bound":0.1335877719470031},"point_estimate":0.13089668929571774,"standard_error":0.01453669326125942}}