{"mean":{"confidence_interval":{"confidence_level":0.95,"lower_bound":-0.03782715192746147,"upper_bound":-0.004492813998725495},"point_estimate":-0.022014112225912985,"standard_error":0.008533562879277878},"median":{"confidence_interval":{"confidence_level":0.95,"lower_bound":-0.05093782156554827,"upper_bound":-0.03741473485524571},"point_estimate":-0.04762532371307748,"standard_error":0.0060801823260717555}}