{"mean":{"confidence_interval":{"confidence_level":0.95,"lower_bound":0.08097868512060262,"upper_bound":0.12720586806499695},"point_estimate":0.10347648136877008,"standard_error":0.011777875404084455},"median":{"confidence_interval":{"confidence_level":0.95,"lower_bound":0.06218520142437067,"upper_bound":0.10394372370686034},"point_estimate":0.10146914295980136,"standard_error":0.011787357242735717}}