{"mean":{"confidence_interval":{"confidence_level":0.95,"lower_bound":-0.04642495969457415,"upper_bound":-0.01591052011864367},"point_estimate":-0.03071070428842193,"standard_error":0.008122340607776274},"median":{"confidence_interval":{"confidence_level":0.95,"lower_bound":-0.058167399362609284,"upper_bound":0.030043041905176874},"point_estimate":0.0010387014142716477,"standard_error":0.028079420879127397}}