{"mean":{"confidence_interval":{"confidence_level":0.95,"lower_bound":-0.028984359913355334,"upper_bound":0.012958933156907883},"point_estimate":-0.009576319806042122,"standard_error":0.010687727047079995},"median":{"confidence_interval":{"confidence_level":0.95,"lower_bound":-0.03751992152685435,"upper_bound":0.05210528289703483},"point_estimate":-0.010237562726863048,"standard_error":0.024998987435351346}}