{"mean":{"confidence_interval":{"confidence_level":0.95,"lower_bound":0.004907936450345318,"upper_bound":0.04384672350837519},"point_estimate":0.02414908307230368,"standard_error":0.009939181809936101},"median":{"confidence_interval":{"confidence_level":0.95,"lower_bound":0.03968908541901395,"upper_bound":0.10195754233821219},"point_estimate":0.05359272546358862,"standard_error":0.015495984083951574}}