{"mean":{"confidence_interval":{"confidence_level":0.95,"lower_bound":0.00446491310266563,"upper_bound":0.04907855769198708},"point_estimate":0.026521341416501976,"standard_error":0.011387792844467469},"median":{"confidence_interval":{"confidence_level":0.95,"lower_bound":0.011423011021604257,"upper_bound":0.10092537863916573},"point_estimate":0.029064499273135924,"standard_error":0.020651746279677537}}