{"mean":{"confidence_interval":{"confidence_level":0.95,"lower_bound":47.61461094481377,"upper_bound":47.64884269261592},"point_estimate":47.62975603822183,"standard_error":0.008798169393330465},"median":{"confidence_interval":{"confidence_level":0.95,"lower_bound":47.60150525080319,"upper_bound":47.61623573957597},"point_estimate":47.60722479761708,"standard_error":0.0037903345673120288},"median_abs_dev":{"confidence_interval":{"confidence_level":0.95,"lower_bound":0.025972001758793526,"upper_bound":0.045403061031141875},"point_estimate":0.039094138934802194,"standard_error":0.005092082478652199},"slope":{"confidence_interval":{"confidence_level":0.95,"lower_bound":47.610677538693444,"upper_bound":47.63564526729336},"point_estimate":47.622571944348465,"standard_error":0.006401512160943895},"std_dev":{"confidence_interval":{"confidence_level":0.95,"lower_bound":0.04393028361414939,"upper_bound":0.13125055273652697},"point_estimate":0.08822903193818872,"standard_error":0.02425677426611358}}