{"mean":{"confidence_interval":{"confidence_level":0.95,"lower_bound":531.1389608052864,"upper_bound":533.8264120446146},"point_estimate":532.5139091884093,"standard_error":0.6849001043289249},"median":{"confidence_interval":{"confidence_level":0.95,"lower_bound":535.1275889760645,"upper_bound":535.8818687835261},"point_estimate":535.5927848130434,"standard_error":0.19577024723456676},"median_abs_dev":{"confidence_interval":{"confidence_level":0.95,"lower_bound":1.2972195513787947,"upper_bound":3.6510075837544718},"point_estimate":1.833058343473181,"standard_error":0.6596396423980351},"slope":{"confidence_interval":{"confidence_level":0.95,"lower_bound":529.7242406418934,"upper_bound":533.8375050178133},"point_estimate":531.753492987137,"standard_error":1.0533745450311145},"std_dev":{"confidence_interval":{"confidence_level":0.95,"lower_bound":5.934958263207634,"upper_bound":7.612067796987331},"point_estimate":6.89372263926945,"standard_error":0.42954192453978307}}