{"mean":{"confidence_interval":{"confidence_level":0.95,"lower_bound":102.66776013799577,"upper_bound":104.1819108804653},"point_estimate":103.37798729839987,"standard_error":0.3863399778841509},"median":{"confidence_interval":{"confidence_level":0.95,"lower_bound":101.94226152047307,"upper_bound":101.9877074589732},"point_estimate":101.96533304412549,"standard_error":0.010203582659774588},"median_abs_dev":{"confidence_interval":{"confidence_level":0.95,"lower_bound":0.053763057240462445,"upper_bound":0.10692877526520905},"point_estimate":0.07528609086314886,"standard_error":0.012508977946868196},"slope":{"confidence_interval":{"confidence_level":0.95,"lower_bound":102.0013066642626,"upper_bound":102.2326767682729},"point_estimate":102.09742681319297,"standard_error":0.05971697978083472},"std_dev":{"confidence_interval":{"confidence_level":0.95,"lower_bound":2.684287960622823,"upper_bound":4.8139157247314115},"point_estimate":3.8903672295542013,"standard_error":0.5447488016304968}}