{"mean":{"confidence_interval":{"confidence_level":0.95,"lower_bound":123.08951911914362,"upper_bound":123.28366500195247},"point_estimate":123.17272612544137,"standard_error":0.05013601006858385},"median":{"confidence_interval":{"confidence_level":0.95,"lower_bound":123.03177132998852,"upper_bound":123.05279103212652},"point_estimate":123.04077834272883,"standard_error":0.0058912986290228465},"median_abs_dev":{"confidence_interval":{"confidence_level":0.95,"lower_bound":0.02155123489224172,"upper_bound":0.047210420001610534},"point_estimate":0.033136919223289686,"standard_error":0.006392628918835186},"slope":{"confidence_interval":{"confidence_level":0.95,"lower_bound":123.05790659890626,"upper_bound":123.2377004943774},"point_estimate":123.12953157927929,"standard_error":0.04709078811381115},"std_dev":{"confidence_interval":{"confidence_level":0.95,"lower_bound":0.15062503530526936,"upper_bound":0.7656963806884501},"point_estimate":0.5032041445107346,"standard_error":0.16117922171333351}}