{"mean":{"confidence_interval":{"confidence_level":0.95,"lower_bound":160.78751439695307,"upper_bound":171.4000762248675},"point_estimate":165.85746873879884,"standard_error":2.7112905829220084},"median":{"confidence_interval":{"confidence_level":0.95,"lower_bound":153.337399563843,"upper_bound":165.82978899512258},"point_estimate":165.2721077357802,"standard_error":3.3935802833313344},"median_abs_dev":{"confidence_interval":{"confidence_level":0.95,"lower_bound":15.704459049185049,"upper_bound":33.52637065095676},"point_estimate":30.92481373655721,"standard_error":4.809184904440416},"slope":{"confidence_interval":{"confidence_level":0.95,"lower_bound":158.27922434996717,"upper_bound":165.751607452956},"point_estimate":162.11238873964925,"standard_error":1.9023979072876165},"std_dev":{"confidence_interval":{"confidence_level":0.95,"lower_bound":20.34339152343172,"upper_bound":33.45592369989553},"point_estimate":27.308479937350246,"standard_error":3.354261765058879}}