{"mean":{"confidence_interval":{"confidence_level":0.95,"lower_bound":445.0398017526031,"upper_bound":470.17394482672023},"point_estimate":456.2304432973116,"standard_error":6.450941548262649},"median":{"confidence_interval":{"confidence_level":0.95,"lower_bound":429.8924137048413,"upper_bound":444.69146303742656},"point_estimate":433.11130876239207,"standard_error":4.156912080401158},"median_abs_dev":{"confidence_interval":{"confidence_level":0.95,"lower_bound":16.532817694623976,"upper_bound":37.12482364075197},"point_estimate":21.557520482237237,"standard_error":5.266359494669907},"slope":{"confidence_interval":{"confidence_level":0.95,"lower_bound":435.2531556418823,"upper_bound":465.06850453014687},"point_estimate":448.01320705644207,"standard_error":7.71304408636332},"std_dev":{"confidence_interval":{"confidence_level":0.95,"lower_bound":30.901599041751314,"upper_bound":94.39676460867337},"point_estimate":64.9227873486708,"standard_error":16.63571661598023}}