{"mean":{"confidence_interval":{"confidence_level":0.95,"lower_bound":419.61830879244326,"upper_bound":422.4396529644485},"point_estimate":421.058639103863,"standard_error":0.7206324190346238},"median":{"confidence_interval":{"confidence_level":0.95,"lower_bound":421.4414422241529,"upper_bound":426.5249275991891},"point_estimate":425.3870900449272,"standard_error":1.797338087403087},"median_abs_dev":{"confidence_interval":{"confidence_level":0.95,"lower_bound":0.6412151435965195,"upper_bound":7.745256798519079},"point_estimate":3.2292450984549097,"standard_error":2.084873620465079},"slope":{"confidence_interval":{"confidence_level":0.95,"lower_bound":417.9951141300014,"upper_bound":421.81034325276136},"point_estimate":419.893749138027,"standard_error":0.9744561057779345},"std_dev":{"confidence_interval":{"confidence_level":0.95,"lower_bound":6.366244788022911,"upper_bound":7.908456949221228},"point_estimate":7.241309943234599,"standard_error":0.39328392852945254}}