{"mean":{"confidence_interval":{"confidence_level":0.95,"lower_bound":416.95261280034845,"upper_bound":418.9775659631134},"point_estimate":417.9542072169263,"standard_error":0.5179385345694192},"median":{"confidence_interval":{"confidence_level":0.95,"lower_bound":415.59562008855556,"upper_bound":417.5983364860354},"point_estimate":416.02939172850256,"standard_error":0.4878801796330031},"median_abs_dev":{"confidence_interval":{"confidence_level":0.95,"lower_bound":1.666298884024812,"upper_bound":5.509712017077003},"point_estimate":2.4748580271743266,"standard_error":1.0759797179995207},"slope":{"confidence_interval":{"confidence_level":0.95,"lower_bound":415.9979067141521,"upper_bound":418.953676809323},"point_estimate":417.4401623248753,"standard_error":0.7556524494480665},"std_dev":{"confidence_interval":{"confidence_level":0.95,"lower_bound":4.3780386595152825,"upper_bound":5.92431495886753},"point_estimate":5.1948144124782045,"standard_error":0.39390081426438883}}